src_port,dst_port,bytes_sent,bytes_received,is_internal_traffic,label,has_url,protocol_ICMP,protocol_TCP,protocol_UDP,hour,day_of_week,is_weekend,is_night,total_bytes,bytes_ratio,port_diff,src_port_is_well_known,dst_port_is_well_known,src_port_is_ephemeral,dst_port_is_ephemeral,dst_port_common,src_port_common
56377,445,8029,17204,0,0,1,0,1,0,0,2,0,1,25233,0.4666666666666667,55932,0,1,1,0,1,0
51165,1433,676368,2643374,0,0,1,0,1,0,0,2,0,1,3319742,0.25587288977159883,49732,0,0,1,0,1,0
14948,1433,316502,38571,0,0,0,0,1,0,0,2,0,1,355073,8.205485844654154,13515,0,0,0,0,1,0
36097,443,70933,21935,0,0,1,0,1,0,0,2,0,1,92868,3.233634208606856,35654,0,1,0,0,1,0
445,21255,12721,9939,0,0,1,0,1,0,0,2,0,1,22660,1.279778672032193,20810,1,0,0,0,0,1
58858,445,150393,94993,0,0,0,0,0,1,0,2,0,1,245386,1.5831842011074384,58413,0,1,1,0,1,0
25167,443,3592,1081,1,0,1,0,1,0,1,2,0,1,4673,3.319778188539741,24724,0,1,0,0,1,0
37602,22,123317,41293,0,0,1,0,1,0,1,2,0,1,164610,2.986317624836538,37580,0,1,0,0,1,0
18315,53,97222,233071,0,0,1,0,1,0,1,2,0,1,330293,0.417132903137228,18262,0,1,0,0,1,0
12283,21,17289,35727,0,0,0,0,1,0,1,2,0,1,53016,0.4839061800268697,12262,0,1,0,0,1,0
12037,80,136311,418831,1,0,1,0,0,1,1,2,0,1,555142,0.32545507506589755,11957,0,1,0,0,1,0
80,213,3150,11715,0,1,0,0,1,0,2,2,0,1,14865,0.2688630932058723,133,1,1,0,0,0,1
60094,53,2909,7940,0,0,0,0,0,1,2,2,0,1,10849,0.3663266591109432,60041,0,1,1,0,1,0
28959,80,105318,46807,0,0,0,0,1,0,2,2,0,1,152125,2.25,28879,0,1,0,0,1,0
27098,3389,19218,16094,0,0,0,0,1,0,2,2,0,1,35312,1.1940354147250698,23709,0,0,0,0,1,0
19578,21,57690,96184,0,0,0,0,1,0,3,2,0,1,153874,0.5997816707386807,19557,0,1,0,0,1,0
37290,1433,405720,1305168,0,0,1,0,1,0,3,2,0,1,1710888,0.3108562952383944,35857,0,0,0,0,1,0
22933,80,6935,19414,0,0,0,0,1,0,3,2,0,1,26349,0.3571980427504507,22853,0,1,0,0,1,0
10972,22,17511,35981,0,0,1,0,1,0,3,2,0,1,53492,0.48665999666499915,10950,0,1,0,0,1,0
3389,21,271417,482806,0,0,1,0,1,0,4,2,0,1,754223,0.5621645916484227,3368,0,1,0,0,1,1
53,443,64213,67744,0,0,1,0,1,0,5,2,0,1,131957,0.9478633109454573,390,1,1,0,0,1,1
24974,3389,7189,8460,1,0,0,0,1,0,5,2,0,1,15649,0.8496631603829334,21585,0,0,0,0,1,0
57116,445,4778,11371,0,0,1,0,0,1,5,2,0,1,16149,0.4201547660921562,56671,0,1,1,0,1,0
53819,443,9462,14565,0,0,1,0,1,0,5,2,0,1,24027,0.6495949471371687,53376,0,1,1,0,1,0
35602,21,6758,9064,0,0,0,0,1,0,5,2,0,1,15822,0.7455046883618313,35581,0,1,0,0,1,0
51620,1433,32201,128441,0,0,1,0,1,0,6,2,0,0,160642,0.2507045981843945,50187,0,0,1,0,1,0
25424,445,24971,7262,0,0,1,0,0,1,6,2,0,0,32233,3.4381109734269586,24979,0,1,0,0,1,0
19269,5,7781,26386,0,1,1,0,0,1,6,2,0,0,34167,0.2948800545723273,19264,0,1,0,0,0,0
40858,3389,5737,22359,0,0,1,0,1,0,7,2,0,0,28096,0.2565742397137746,37469,0,0,0,0,1,0
43570,443,19666,37072,1,0,1,0,1,0,7,2,0,0,56738,0.5304669166239582,43127,0,1,0,0,1,0
57588,21,821,2803,0,0,0,0,1,0,8,2,0,0,3624,0.2927960057061341,57567,0,1,1,0,1,0
22,22,27778,106478,0,0,1,1,0,0,8,2,0,0,134256,0.26087773175931406,0,1,1,0,0,1,1
21027,53,144452,444250,1,0,1,0,0,1,8,2,0,0,588702,0.3251585252481142,20974,0,1,0,0,1,0
3577,443,2253,7192,0,0,0,0,0,1,8,2,0,0,9445,0.31322118726539694,3134,0,1,0,0,1,0
24447,445,47738,59837,0,0,1,0,1,0,9,2,0,0,107575,0.7977873592031819,24002,0,1,0,0,1,0
22,80,8286,19778,0,0,1,0,1,0,9,2,0,0,28064,0.4189291672986501,58,1,1,0,0,1,1
25,22,79538,141624,0,0,1,0,0,1,10,2,0,0,221162,0.5616098852603707,3,1,1,0,0,1,1
1433,443,28391,105998,1,0,1,0,1,0,10,2,0,0,134389,0.2678421494542401,990,0,1,0,0,1,1
29599,80,42088,146722,0,0,1,0,1,0,10,2,0,0,188810,0.28685345855796296,29519,0,1,0,0,1,0
25170,53,24433,60898,0,0,0,0,1,0,10,2,0,0,85331,0.4012052743066389,25117,0,1,0,0,1,0
22,443,184486,202730,1,0,1,0,0,1,10,2,0,0,387216,0.9100038967893416,421,1,1,0,0,1,1
28933,22,38401,157040,0,0,0,0,1,0,11,2,0,0,195441,0.2445284989270318,28911,0,1,0,0,1,0
443,1433,7124,9076,1,0,1,0,1,0,11,2,0,0,16200,0.7848408064338438,990,1,0,0,0,1,1
24239,22,25795,9386,0,0,0,0,1,0,12,2,0,0,35181,2.7479492915734527,24217,0,1,0,0,1,0
12201,22,12207,4711,0,0,0,0,1,0,12,2,0,0,16918,2.5906196943972835,12179,0,1,0,0,1,0
24549,1433,28562,109042,0,0,1,0,1,0,12,2,0,0,137604,0.2619333657364526,23116,0,0,0,0,1,0
443,443,11252,14019,0,0,1,0,1,0,12,2,0,0,25271,0.8025677603423681,0,1,1,0,0,1,1
54007,53,7458,12261,0,0,0,0,1,0,12,2,0,0,19719,0.6082205186755831,53954,0,1,1,0,1,0
54240,22,30297,45458,0,0,0,0,1,0,12,2,0,0,75755,0.6664686860687653,54218,0,1,1,0,1,0
44214,3306,24083,92876,0,0,0,1,0,0,13,2,0,0,116959,0.25929993432173737,40908,0,0,0,0,1,0
6941,25,120852,106718,0,0,0,0,0,1,13,2,0,0,227570,1.1324319005987686,6916,0,1,0,0,1,0
22143,53,11339,33930,0,0,1,0,1,0,13,2,0,0,45269,0.33417818514043207,22090,0,1,0,0,1,0
53145,445,925,3853,0,0,1,0,0,1,13,2,0,0,4778,0.24001037882719253,52700,0,1,1,0,1,0
34030,21,12305,32941,0,0,0,0,1,0,14,2,0,0,45246,0.373535304474531,34009,0,1,0,0,1,0
21035,445,1632,5758,0,0,0,0,1,0,14,2,0,0,7390,0.2833825316895294,20590,0,1,0,0,1,0
39571,3389,42833,161349,0,0,0,0,1,0,14,2,0,0,204182,0.26546637744034707,36182,0,0,0,0,1,0
34531,25,1512,3304,1,0,1,0,1,0,14,2,0,0,4816,0.45748865355521934,34506,0,1,0,0,1,0
19043,22,4530,17976,0,0,1,0,1,0,15,2,0,0,22506,0.2519886521666574,19021,0,1,0,0,1,0
40240,25,12335,22276,1,0,1,0,1,0,15,2,0,0,34611,0.5537101045921803,40215,0,1,0,0,1,0
5211,22,260490,453705,0,0,1,0,1,0,15,2,0,0,714195,0.574138318646877,5189,0,1,0,0,1,0
27955,3306,3957,12394,0,0,0,0,1,0,15,2,0,0,16351,0.3192416296893909,24649,0,0,0,0,1,0
18531,80,22468,65842,0,0,1,0,1,0,15,2,0,0,88310,0.3412359704144708,18451,0,1,0,0,1,0
40726,25,55712,95270,0,0,0,0,1,0,15,2,0,0,150982,0.5847739605966139,40701,0,1,0,0,1,0
27713,53,236687,181586,0,0,1,0,1,0,15,2,0,0,418273,1.3034358186434052,27660,0,1,0,0,1,0
9714,25,76456,139657,0,0,1,0,1,0,15,2,0,0,216113,0.5474516318435034,9689,0,1,0,0,1,0
47609,1433,126785,496484,0,0,0,0,1,0,16,2,0,0,623269,0.2553652174788765,46176,0,0,0,0,1,0
35899,7987,87806,360152,1,0,1,0,1,0,16,2,0,0,447958,0.24380193973116981,27912,0,0,0,0,0,0
34403,3306,3182,13013,0,0,1,0,1,0,16,2,0,0,16195,0.24450591670508684,31097,0,0,0,0,1,0
31705,445,39163,56225,1,0,1,0,1,0,16,2,0,0,95388,0.6965282965176253,31260,0,1,0,0,1,0
18657,1433,85635,176932,0,0,0,0,0,1,17,2,0,0,262567,0.4839967671378431,17224,0,0,0,0,1,0
37833,443,4767,17444,0,0,0,0,0,1,17,2,0,0,22211,0.27325881341358554,37390,0,1,0,0,1,0
17795,3389,8711,32488,0,0,0,0,0,1,17,2,0,0,41199,0.26812151805226386,14406,0,0,0,0,1,0
24099,80,6092,12287,1,0,1,0,1,0,17,2,0,0,18379,0.4957682291666667,24019,0,1,0,0,1,0
64406,445,75826,315647,0,0,1,0,1,0,18,2,0,0,391473,0.24022328669910786,63961,0,1,1,0,1,0
34670,64323,19715,75045,0,0,1,1,0,0,18,2,0,0,94760,0.26270554060176426,29653,0,0,0,1,0,0
17901,21,13182,32954,0,0,0,0,1,0,18,2,0,0,46136,0.4,17880,0,1,0,0,1,0
80,3389,2833,10626,0,0,1,0,1,0,18,2,0,0,13459,0.2665851133904206,3309,1,0,0,0,1,1
80,1433,19774,1774,1,0,1,0,1,0,18,2,0,0,21548,11.140281690140846,1353,1,0,0,0,1,1
21,445,8882,36445,0,0,1,0,1,0,18,2,0,0,45327,0.24370301267628822,424,1,1,0,0,1,1
20339,445,32511,83577,1,0,1,1,0,0,19,2,0,0,116088,0.38898992557850154,19894,0,1,0,0,1,0
53599,22,3537,9085,0,0,0,0,1,0,19,2,0,0,12622,0.3892802113141096,53577,0,1,1,0,1,0
10907,25,29279,100264,0,0,0,0,1,0,19,2,0,0,129543,0.2920161571834638,10882,0,1,0,0,1,0
43467,25,10912,35686,0,0,1,0,1,0,19,2,0,0,46598,0.3057696079804971,43442,0,1,0,0,1,0
25,80,2984,8729,1,0,1,0,1,0,19,2,0,0,11713,0.3418098510882016,55,1,1,0,0,1,1
61862,22,2634,3952,0,0,1,0,1,0,19,2,0,0,6586,0.6663293700986592,61840,0,1,1,0,1,0
44567,53,3350,12963,0,0,1,0,1,0,19,2,0,0,16313,0.2584078987966677,44514,0,1,0,0,1,0
3799,25,15831,14796,0,0,0,0,1,0,20,2,0,0,30627,1.0698790295330134,3774,0,1,0,0,1,0
63903,80,26731,19113,0,0,0,0,1,0,20,2,0,0,45844,1.3985037145547765,63823,0,1,1,0,1,0
15958,44506,33918,109761,0,0,1,0,1,0,20,2,0,0,143679,0.30901404857783205,28548,0,0,0,0,0,0
15479,3389,36029,134176,0,0,1,0,1,0,21,2,0,0,170205,0.2685184495107209,12090,0,0,0,0,1,0
27465,1433,6544,17325,1,0,0,0,1,0,21,2,0,0,23869,0.37769825695486553,26032,0,0,0,0,1,0
56650,445,119783,330141,0,0,0,0,1,0,21,2,0,0,449924,0.3628226641869256,56205,0,1,1,0,1,0
12496,1433,10855,8306,0,0,1,0,1,0,21,2,0,0,19161,1.3067292644757433,11063,0,0,0,0,1,0
48664,445,45262,68493,0,0,1,0,0,1,21,2,0,0,113755,0.6608170058691272,48219,0,1,0,0,1,0
57832,25,16938,41844,0,0,1,0,0,1,21,2,0,0,58782,0.40477954355359064,57807,0,1,1,0,1,0
62446,3306,40174,91419,0,0,1,0,1,0,21,2,0,0,131593,0.43944432290527236,59140,0,0,1,0,1,0
22,445,15631,6221,0,0,1,0,1,0,22,2,0,1,21852,2.5122147219543556,423,1,1,0,0,1,1
5821,1433,41349,4755,0,0,1,0,1,0,22,2,0,1,46104,8.694070647603027,4388,0,0,0,0,1,0
3389,21,21767,5948,1,0,1,0,1,0,22,2,0,1,27715,3.6589342746680114,3368,0,1,0,0,1,1
64215,3306,80995,12643,1,0,0,0,1,0,22,2,0,1,93638,6.405805124960455,60909,0,0,1,0,1,0
65207,21,5943,16291,1,0,0,1,0,0,22,2,0,1,22234,0.36478026025042964,65186,0,1,1,0,1,0
9874,443,1297,4366,0,0,0,0,1,0,22,2,0,1,5663,0.29700022899015344,9431,0,1,0,0,1,0
33599,25,4640,9110,0,0,1,1,0,0,22,2,0,1,13750,0.5092745033476018,33574,0,1,0,0,1,0
25628,1433,121816,210742,0,0,1,0,1,0,23,2,0,1,332558,0.5780310615299203,24195,0,0,0,0,1,0
25512,22,17200,59426,0,0,0,0,1,0,0,3,0,1,76626,0.2894307301394989,25490,0,1,0,0,1,0
21,1433,25522,41528,0,0,1,0,1,0,0,3,0,1,67050,0.6145585012882564,1412,1,0,0,0,1,1
24053,6081,4081,7909,0,0,0,0,1,0,0,3,0,1,11990,0.515929203539823,17972,0,0,0,0,0,0
11872,443,24462,71756,0,0,1,0,1,0,0,3,0,1,96218,0.3409005393202057,11429,0,1,0,0,1,0
25,80,4287,7394,0,0,0,0,1,0,1,3,0,1,11681,0.5797160243407707,55,1,1,0,0,1,1
14622,3389,5424,16600,1,0,0,0,1,0,1,3,0,1,22024,0.326727305584001,11233,0,0,0,0,1,0
46320,21,11568,33328,0,0,0,0,1,0,2,3,0,1,44896,0.3470851210657385,46299,0,1,0,0,1,0
445,3389,44898,45483,0,0,1,0,1,0,2,3,0,1,90381,0.9871163486061032,2944,1,0,0,0,1,1
23642,25,53260,138087,0,0,1,0,1,0,2,3,0,1,191347,0.38569607786339144,23617,0,1,0,0,1,0
53649,80,55629,224913,0,0,1,0,1,0,2,3,0,1,280542,0.2473345367562713,53569,0,1,1,0,1,0
33422,3389,1735,1761,0,0,1,0,1,0,2,3,0,1,3496,0.9846765039727582,30033,0,0,0,0,1,0
80,80,21792,7555,0,0,0,0,1,0,2,3,0,1,29347,2.884065643197459,0,1,1,0,0,1,1
22287,3306,16077,66592,0,0,1,0,1,0,3,3,0,1,82669,0.241421771057018,18981,0,0,0,0,1,0
21,443,1897,2259,0,0,0,0,1,0,3,3,0,1,4156,0.8393805309734513,422,1,1,0,0,1,1
27040,21,22597,33999,0,0,0,0,1,0,3,3,0,1,56596,0.6646176470588235,27019,0,1,0,0,1,0
16296,36576,14754,16717,0,0,1,0,1,0,3,3,0,1,31471,0.8825218327551142,20280,0,0,0,0,0,0
34734,80,49933,131302,0,0,0,0,1,0,3,3,0,1,181235,0.3802883407081331,34654,0,1,0,0,1,0
21,3389,25084,19781,0,0,1,0,1,0,4,3,0,1,44865,1.2680214336265292,3368,1,0,0,0,1,1
25,53,9146,34457,0,0,1,0,0,1,4,3,0,1,43603,0.2654245748447385,28,1,1,0,0,1,1
52337,3306,96879,196078,1,0,1,0,1,0,4,3,0,1,292957,0.49408146716374524,49031,0,0,1,0,1,0
22726,445,630,1924,0,0,1,0,1,0,4,3,0,1,2554,0.32727272727272727,22281,0,1,0,0,1,0
7004,1433,19874,70580,0,0,0,0,0,1,4,3,0,1,90454,0.2815771949958204,5571,0,0,0,0,1,0
14167,53,1311,4973,0,0,1,0,1,0,4,3,0,1,6284,0.2635705669481303,14114,0,1,0,0,1,0
54356,443,5117,10490,0,0,1,0,0,1,4,3,0,1,15607,0.4877514059670193,53913,0,1,1,0,1,0
45878,22,51006,6227,1,0,0,0,1,0,5,3,0,1,57233,8.189788053949904,45856,0,1,0,0,1,0
22,25,2867,4632,0,0,0,0,1,0,5,3,0,1,7499,0.6188214979494928,3,1,1,0,0,1,1
3306,3389,2257,8427,0,0,0,1,0,0,5,3,0,1,10684,0.26779781680113907,83,0,0,0,0,1,1
50705,1433,995611,1844905,0,0,1,0,1,0,5,3,0,1,2840516,0.5396540528352122,49272,0,0,1,0,1,0
26188,21,2502,10183,1,0,1,0,1,0,5,3,0,1,12685,0.24567949725058916,26167,0,1,0,0,1,0
14715,443,308918,816766,0,0,1,0,1,0,6,3,0,0,1125684,0.3782204716889884,14272,0,1,0,0,1,0
40499,443,16721,54751,0,0,0,0,1,0,6,3,0,0,71472,0.30539523670368207,40056,0,1,0,0,1,0
64898,3306,9511,28480,0,0,0,0,1,0,7,3,0,0,37991,0.33394192619641166,61592,0,0,1,0,1,0
31292,1433,54549,198829,0,0,1,0,1,0,8,3,0,0,253378,0.27434994719106776,29859,0,0,0,0,1,0
43485,53,186941,411001,0,0,1,0,1,0,8,3,0,0,597942,0.45484206889504186,43432,0,1,0,0,1,0
19420,445,3520,916,0,0,1,0,1,0,8,3,0,0,4436,3.8386041439476553,18975,0,1,0,0,1,0
15395,22,9736,8186,0,0,0,0,1,0,8,3,0,0,17922,1.1892023940393306,15373,0,1,0,0,1,0
63621,80,85390,125670,0,0,1,0,1,0,8,3,0,0,211060,0.6794725911308098,63541,0,1,1,0,1,0
12908,22,34919,127581,0,0,1,0,1,0,8,3,0,0,162500,0.27369848411217884,12886,0,1,0,0,1,0
3169,443,128420,135572,0,0,1,0,0,1,9,3,0,0,263992,0.9472387569796346,2726,0,1,0,0,1,0
39877,21,50220,201259,0,0,1,0,1,0,10,3,0,0,251479,0.24952797376527874,39856,0,1,0,0,1,0
3083,443,397582,1041673,0,0,1,0,1,0,10,3,0,0,1439255,0.38167603300072767,2640,0,1,0,0,1,0
64361,3306,29311,46573,1,0,0,0,1,0,10,3,0,0,75884,0.6293425516382531,61055,0,0,1,0,1,0
10340,80,31410,117090,0,0,1,0,0,1,10,3,0,0,148500,0.2682528973191791,10260,0,1,0,0,1,0
21064,3306,36855,120163,0,0,1,0,1,0,11,3,0,0,157018,0.3067058353583436,17758,0,0,0,0,1,0
80,80,17536,13396,1,0,0,0,0,1,11,3,0,0,30932,1.3089497648727326,0,1,1,0,0,1,1
34673,25,85557,122769,0,0,1,0,1,0,11,3,0,0,208326,0.6968884906736174,34648,0,1,0,0,1,0
14531,3389,32185,7868,0,0,1,0,0,1,11,3,0,0,40053,4.090100393950947,11142,0,0,0,0,1,0
61247,21,77737,137531,0,0,1,0,1,0,11,3,0,0,215268,0.5652284559229852,61226,0,1,1,0,1,0
20622,3389,99827,295763,1,0,1,0,1,0,12,3,0,0,395590,0.3375224841427625,17233,0,0,0,0,1,0
3700,30546,43718,75142,0,0,1,0,1,0,12,3,0,0,118860,0.5817973730087965,26846,0,0,0,0,0,0
29878,445,49155,121186,0,0,0,0,0,1,12,3,0,0,170341,0.4056128132555472,29433,0,1,0,0,1,0
32022,25,4374,16546,0,0,1,0,1,0,12,3,0,0,20920,0.26433794645555087,31997,0,1,0,0,1,0
6650,445,9131,37264,0,0,1,0,1,0,12,3,0,0,46395,0.2450288474439823,6205,0,1,0,0,1,0
47063,25,84915,137214,0,0,1,0,1,0,13,3,0,0,222129,0.6188463360419779,47038,0,1,0,0,1,0
8403,3389,214874,801084,0,0,1,0,0,1,13,3,0,0,1015958,0.268228714805545,5014,0,0,0,0,1,0
44695,25,987,3254,0,0,1,0,0,1,13,3,0,0,4241,0.3032258064516129,44670,0,1,0,0,1,0
48152,445,8878,19255,0,0,1,0,1,0,13,3,0,0,28133,0.4610511009555463,47707,0,1,0,0,1,0
51218,443,22874,67935,0,0,1,0,1,0,14,3,0,0,90809,0.33669924634950543,50775,0,1,1,0,1,0
34410,22,5394,6897,0,0,1,0,1,0,14,3,0,0,12291,0.7819657871846912,34388,0,1,0,0,1,0
30832,445,5907,14813,0,0,1,0,1,0,14,3,0,0,20720,0.3987444309437019,30387,0,1,0,0,1,0
65075,21,47092,64627,1,0,1,0,0,1,14,3,0,0,111719,0.7286624992263415,65054,0,1,1,0,1,0
37608,25,276565,1124823,0,0,1,0,1,0,14,3,0,0,1401388,0.2458740211802024,37583,0,1,0,0,1,0
64845,3389,853,694,0,0,1,0,1,0,15,3,0,0,1547,1.227338129496403,61456,0,0,1,0,1,0
14145,22,16768,34805,0,0,1,0,1,0,15,3,0,0,51573,0.4817560190771706,14123,0,1,0,0,1,0
44719,25,46223,29976,1,0,0,0,1,0,16,3,0,0,76199,1.5419488274343665,44694,0,1,0,0,1,0
59775,53,76752,162295,0,0,0,0,1,0,17,3,0,0,239047,0.4729136885690344,59722,0,1,1,0,1,0
24652,443,36702,82724,0,0,0,0,1,0,17,3,0,0,119426,0.4436627379873073,24209,0,1,0,0,1,0
5367,3306,368886,412563,1,0,1,0,1,0,18,3,0,0,781449,0.8941303652281828,2061,0,0,0,0,1,0
445,3389,23069,36895,0,0,1,0,1,0,18,3,0,0,59964,0.6252439288811795,2944,1,0,0,0,1,1
18436,3389,179725,635275,0,0,1,0,1,0,18,3,0,0,815000,0.282908531095146,15047,0,0,0,0,1,0
45054,3389,7830,16910,0,0,0,0,1,0,19,3,0,0,24740,0.4630122405534859,41665,0,0,0,0,1,0
23030,3389,24167,25184,0,0,1,0,1,0,19,3,0,0,49351,0.9595791145523129,19641,0,0,0,0,1,0
22387,21,3164,3915,0,0,0,0,1,0,19,3,0,0,7079,0.8079673135852911,22366,0,1,0,0,1,0
443,3306,93095,41641,0,1,0,0,1,0,19,3,0,0,134736,2.235603477258537,2863,1,0,0,0,1,1
47316,25,18165,72570,0,0,1,0,1,0,19,3,0,0,90735,0.25030659629879703,47291,0,1,0,0,1,0
1333,443,39046,111617,1,0,1,0,1,0,20,3,0,0,150663,0.34981812969234355,890,0,1,0,0,1,0
29973,443,13341,33088,0,0,1,0,1,0,20,3,0,0,46429,0.40318534860527666,29530,0,1,0,0,1,0
15577,445,56290,159140,1,0,1,0,1,0,20,3,0,0,215430,0.3537114885541752,15132,0,1,0,0,1,0
5792,53,41601,12587,0,0,1,0,1,0,20,3,0,0,54188,3.3048141086749285,5739,0,1,0,0,1,0
58414,53,4485,17512,0,0,1,0,1,0,21,3,0,0,21997,0.2560954719351339,58361,0,1,1,0,1,0
14145,3306,4920,10016,0,0,1,0,1,0,21,3,0,0,14936,0.49116501946690627,10839,0,0,0,0,1,0
10646,3306,21069,39732,0,0,1,0,1,0,21,3,0,0,60801,0.5302645156419098,7340,0,0,0,0,1,0
3306,3306,63279,261018,0,0,1,0,0,1,21,3,0,0,324297,0.24243062765545803,0,0,0,0,0,1,1
51304,1433,433927,855645,0,0,0,0,0,1,21,3,0,0,1289572,0.5071337913108925,49871,0,0,1,0,1,0
6108,443,35767,70686,0,0,0,0,1,0,22,3,0,1,106453,0.5059912006450974,5665,0,1,0,0,1,0
54434,447,2053,6053,0,1,0,0,1,0,22,3,0,1,8106,0.33911463495209776,53987,0,1,1,0,0,0
59059,3306,1668,3151,1,0,1,0,1,0,22,3,0,1,4819,0.5291878172588832,55753,0,0,1,0,1,0
16128,53,551683,1786796,0,0,0,0,1,0,22,3,0,1,2338479,0.308755275501358,16075,0,1,0,0,1,0
36686,3306,58052,103749,0,0,0,0,1,0,22,3,0,1,161801,0.5595373493975904,33380,0,0,0,0,1,0
58938,3306,20345,11762,0,0,0,0,0,1,23,3,0,1,32107,1.729575788489331,55632,0,0,1,0,1,0
51627,53,16923,61277,0,0,1,0,1,0,23,3,0,1,78200,0.27616762949182416,51574,0,1,1,0,1,0
45097,3306,3746,5925,0,0,0,0,0,1,23,3,0,1,9671,0.6321295983800203,41791,0,0,0,0,1,0
9945,4241,5919,1313,0,0,1,0,1,0,0,4,0,1,7232,4.504566210045662,5704,0,0,0,0,0,0
23982,1433,468221,160908,0,0,1,0,1,0,0,4,0,1,629129,2.9098496665817324,22549,0,0,0,0,1,0
41667,36325,4525,3522,0,0,0,0,1,0,1,4,0,1,8047,1.2844166903207495,5342,0,0,0,0,0,0
52846,1433,4388,3037,0,0,1,0,1,0,1,4,0,1,7425,1.444371296905859,51413,0,0,1,0,1,0
11747,443,7161,19008,0,0,1,0,1,0,1,4,0,1,26169,0.376716292282603,11304,0,1,0,0,1,0
5248,3306,3238,8413,1,0,1,0,1,0,2,4,0,1,11651,0.3848347991442833,1942,0,0,0,0,1,0
8660,443,22572,42856,0,0,0,0,1,0,2,4,0,1,65428,0.5266817556058521,8217,0,1,0,0,1,0
445,12448,125775,165363,0,0,0,0,1,0,2,4,0,1,291138,0.7605948090273579,12003,1,0,0,0,0,1
14936,1433,8293,14536,0,0,0,0,1,0,2,4,0,1,22829,0.570475338790672,13503,0,0,0,0,1,0
11838,25,2447,1186,1,0,1,0,1,0,3,4,0,1,3633,2.0614995787700083,11813,0,1,0,0,1,0
44085,445,35135,134970,1,0,0,0,0,1,3,4,0,1,170105,0.26031517881619015,43640,0,1,0,0,1,0
60290,53,20146,61726,0,0,1,0,1,0,3,4,0,1,81872,0.3263725760202181,60237,0,1,1,0,1,0
80,443,109574,52376,1,0,1,0,1,0,3,4,0,1,161950,2.0920251255321993,363,1,1,0,0,1,1
46973,53,10644,40398,0,0,0,0,1,0,4,4,0,1,51042,0.2634718681155474,46920,0,1,0,0,1,0
32374,21,14526,5554,0,0,1,1,0,0,4,4,0,1,20080,2.614941494149415,32353,0,1,0,0,1,0
22704,3389,17339,10249,0,0,1,0,1,0,4,4,0,1,27588,1.691609756097561,19315,0,0,0,0,1,0
50647,445,25397,13588,0,0,0,0,1,0,4,4,0,1,38985,1.868938111707999,50202,0,1,1,0,1,0
7957,53,11753,24286,0,0,1,0,1,0,5,4,0,1,36039,0.4839214394532054,7904,0,1,0,0,1,0
30829,1433,9068,29884,0,0,1,0,0,1,5,4,0,1,38952,0.3034298142881044,29396,0,0,0,0,1,0
24690,445,1140,1484,0,0,1,0,0,1,6,4,0,0,2624,0.7676767676767676,24245,0,1,0,0,1,0
18787,25,8914,29100,0,0,1,0,1,0,7,4,0,0,38014,0.30631249785230746,18762,0,1,0,0,1,0
41551,80,69172,43570,0,0,0,0,1,0,7,4,0,0,112742,1.5875697138004636,41471,0,1,0,0,1,0
1459,22,85853,329067,0,0,0,0,1,0,7,4,0,0,414920,0.2608974436894502,1437,0,1,0,0,1,0
15353,445,10365,23317,0,0,1,0,1,0,7,4,0,0,33682,0.44450638991337166,14908,0,1,0,0,1,0
26898,22,176165,371845,0,0,1,0,1,0,8,4,0,0,548010,0.4737579535614206,26876,0,1,0,0,1,0
9987,80,21037,51409,0,0,0,0,1,0,8,4,0,0,72446,0.4092005446411204,9907,0,1,0,0,1,0
53,80,2590,8209,1,0,1,0,0,1,9,4,0,0,10799,0.315468940316687,27,1,1,0,0,1,1
27866,22,1565,2281,0,0,1,0,1,0,9,4,0,0,3846,0.6858019281332165,27844,0,1,0,0,1,0
32582,21,154695,222585,0,0,1,0,1,0,9,4,0,0,377280,0.6949898016946259,32561,0,1,0,0,1,0
39147,443,12127,36872,0,0,1,0,1,0,10,4,0,0,48999,0.32888563447509017,38704,0,1,0,0,1,0
17230,19003,3157,10055,0,0,1,0,1,0,10,4,0,0,13212,0.31394192521877484,1773,0,0,0,0,0,0
3389,3389,592,55,0,0,1,0,0,1,10,4,0,0,647,10.571428571428571,0,0,0,0,0,1,1
32480,25,11694,31898,0,0,1,0,1,0,10,4,0,0,43592,0.3665945640929183,32455,0,1,0,0,1,0
62827,80,42091,73364,0,0,0,0,1,0,10,4,0,0,115455,0.5737204389013835,62747,0,1,1,0,1,0
37026,21,7213,26763,0,0,1,0,1,0,11,4,0,0,33976,0.26950381108952326,37005,0,1,0,0,1,0
65184,443,4083,15445,0,0,0,0,1,0,11,4,0,0,19528,0.2643402822737278,64741,0,1,1,0,1,0
65460,53,9145,9079,0,0,1,0,0,1,11,4,0,0,18224,1.00715859030837,65407,0,1,1,0,1,0
43622,21,160991,30432,0,0,1,0,1,0,12,4,0,0,191423,5.290014129399007,43601,0,1,0,0,1,0
443,53,2371,7646,0,0,1,0,0,1,12,4,0,0,10017,0.3100562312017785,390,1,1,0,0,1,1
48533,445,7889,21634,0,1,1,0,1,0,12,4,0,0,29523,0.3646406286110469,48088,0,1,0,0,1,0
24194,21,152850,361622,0,0,0,0,1,0,12,4,0,0,514472,0.4226777610937357,24173,0,1,0,0,1,0
16419,443,48566,53831,1,0,1,0,1,0,12,4,0,0,102397,0.9021771437063457,15976,0,1,0,0,1,0
445,22,29336,101455,0,0,0,0,0,1,13,4,0,0,130791,0.2891499763444252,423,1,1,0,0,1,1
445,80,7804,12903,0,0,1,0,1,0,13,4,0,0,20707,0.6047737135771853,365,1,1,0,0,1,1
49625,3306,23128,54108,0,0,1,0,1,0,13,4,0,0,77236,0.42743351383318856,46319,0,0,1,0,1,0
25411,21,9315,9473,0,0,0,0,1,0,13,4,0,0,18788,0.9832172260924635,25390,0,1,0,0,1,0
28489,51509,5569,4731,0,0,1,0,1,0,13,4,0,0,10300,1.1768808114961962,23020,0,0,0,1,0,0
17622,22,3912,10572,0,0,0,0,1,0,13,4,0,0,14484,0.36999905419464674,17600,0,1,0,0,1,0
80,1433,77230,174332,1,0,1,0,1,0,14,4,0,0,251562,0.4430027590874935,1353,1,0,0,0,1,1
29409,445,19997,6521,0,0,0,0,0,1,14,4,0,0,26518,3.0660840233057343,28964,0,1,0,0,1,0
34478,33018,36432,152138,0,0,1,0,1,0,14,4,0,0,188570,0.23946522587896596,1460,0,0,0,0,0,0
3933,53,28076,59967,0,0,0,0,0,1,14,4,0,0,88043,0.46818303094983993,3880,0,1,0,0,1,0
80,21,44599,126729,0,0,1,1,0,0,14,4,0,0,171328,0.35192140771719405,59,1,1,0,0,1,1
4136,445,14653,5889,0,0,1,0,1,0,15,4,0,0,20542,2.4877758913412564,3691,0,1,0,0,1,0
36325,445,10191,21445,0,0,1,0,1,0,15,4,0,0,31636,0.47519350927911963,35880,0,1,0,0,1,0
3306,445,5976,16987,0,0,0,0,1,0,15,4,0,0,22963,0.35177772545326114,2861,0,1,0,0,1,1
31191,445,2293,1211,0,0,1,0,1,0,15,4,0,0,3504,1.891914191419142,30746,0,1,0,0,1,0
26059,445,3658,4652,0,0,0,0,1,0,16,4,0,0,8310,0.7861594670105309,25614,0,1,0,0,1,0
17807,3306,12275,16972,0,0,0,0,0,1,17,4,0,0,29247,0.7232074471218994,14501,0,0,0,0,1,0
24900,22,1694,5406,0,0,1,0,1,0,17,4,0,0,7100,0.3132975772147217,24878,0,1,0,0,1,0
11181,445,2412,6939,0,0,1,0,1,0,18,4,0,0,9351,0.34755043227665705,10736,0,1,0,0,1,0
55596,53,116707,390452,0,0,0,0,1,0,18,4,0,0,507159,0.2989015323227123,55543,0,1,1,0,1,0
22,21,31529,129977,0,0,0,0,0,1,18,4,0,0,161506,0.24257181984643555,1,1,1,0,0,1,1
32199,443,10689,40070,1,0,1,0,1,0,19,4,0,0,50759,0.2667515160589953,31756,0,1,0,0,1,0
3389,445,834442,3271094,0,0,1,0,1,0,19,4,0,0,4105536,0.2550956178282807,2944,0,1,0,0,1,1
13027,3306,1576,275,0,0,1,0,1,0,19,4,0,0,1851,5.7101449275362315,9721,0,0,0,0,1,0
21,3389,104922,351413,1,0,0,0,1,0,19,4,0,0,456335,0.2985709163550684,3368,1,0,0,0,1,1
56858,53,18428,18536,0,0,1,0,0,1,19,4,0,0,36964,0.9941198683713653,56805,0,1,1,0,1,0
60373,1433,77348,79265,0,0,1,0,0,1,19,4,0,0,156613,0.9758029924557818,58940,0,0,1,0,1,0
28480,80,26221,12210,0,0,1,0,1,0,19,4,0,0,38431,2.1473261813119318,28400,0,1,0,0,1,0
16715,22,1101,4598,0,0,0,0,1,0,19,4,0,0,5699,0.23939986953685582,16693,0,1,0,0,1,0
3306,3306,25661,17004,0,0,1,0,1,0,20,4,0,0,42665,1.5090267568362246,0,0,0,0,0,1,1
23195,25,37680,96646,0,0,0,0,1,0,20,4,0,0,134326,0.3898724223204031,23170,0,1,0,0,1,0
2351,443,660,279,0,0,1,0,1,0,20,4,0,0,939,2.357142857142857,1908,0,1,0,0,1,0
1433,3389,494092,299344,0,0,1,0,1,0,20,4,0,0,793436,1.6505770933204162,1956,0,0,0,0,1,1
10722,25,36240,52700,0,0,1,0,1,0,20,4,0,0,88940,0.6876529857118461,10697,0,1,0,0,1,0
18707,21,64549,198027,0,0,0,1,0,0,20,4,0,0,262576,0.3259589552992506,18686,0,1,0,0,1,0
59257,22,3412,4638,0,0,1,0,1,0,21,4,0,0,8050,0.7355033412373356,59235,0,1,1,0,1,0
25,21,66502,276391,0,0,1,0,0,1,21,4,0,0,342893,0.24060754291006975,4,1,1,0,0,1,1
36362,25,125895,438102,0,0,0,0,1,0,22,4,0,1,563997,0.2873639303999288,36337,0,1,0,0,1,0
4669,80,33047,121288,0,0,1,0,1,0,22,4,0,1,154335,0.27246493911236797,4589,0,1,0,0,1,0
26572,3306,21698,9388,0,0,0,0,0,1,23,4,0,1,31086,2.311002236659921,23266,0,0,0,0,1,0
62555,21,5272,3999,0,0,0,0,1,0,23,4,0,1,9271,1.318,62534,0,1,1,0,1,0
80,80,15585,58252,0,1,1,0,1,0,23,4,0,1,73837,0.2675398691912863,0,1,1,0,0,1,1
56187,3306,9708,35728,0,0,0,0,1,0,23,4,0,1,45436,0.271712054633491,52881,0,0,1,0,1,0
30276,53,55005,97457,0,0,1,0,1,0,0,5,1,1,152462,0.5643969710028935,30223,0,1,0,0,1,0
62712,1433,5654,22028,0,0,1,0,0,1,0,5,1,1,27682,0.25666167324889916,61279,0,0,1,0,1,0
48769,21,54363,140657,1,0,0,0,0,1,0,5,1,1,195020,0.38649063686388263,48748,0,1,0,0,1,0
10405,3306,5753,14010,0,0,1,0,1,0,0,5,1,1,19763,0.41060595246591963,7099,0,0,0,0,1,0
3687,22,14475,7371,1,0,0,0,1,0,0,5,1,1,21846,1.9635105805751492,3665,0,1,0,0,1,0
45420,3306,59022,88263,0,0,1,0,1,0,0,5,1,1,147285,0.6686984501042328,42114,0,0,0,0,1,0
47299,80,7143,21888,0,0,1,0,1,0,0,5,1,1,29031,0.326328292749783,47219,0,1,0,0,1,0
7995,3306,62371,88613,0,0,0,0,1,0,0,5,1,1,150984,0.7038504073848376,4689,0,0,0,0,1,0
60104,1433,53358,216033,0,0,1,0,1,0,0,5,1,1,269391,0.24698889989538683,58671,0,0,1,0,1,0
21223,443,14278,3515,1,0,1,0,1,0,1,5,1,1,17793,4.0608646188850965,20780,0,1,0,0,1,0
22,443,141330,407411,1,0,1,0,1,0,1,5,1,1,548741,0.346896998615652,421,1,1,0,0,1,1
445,3389,24945,13307,0,0,1,0,1,0,1,5,1,1,38252,1.8744364292155096,2944,1,0,0,0,1,1
7048,3306,128494,143039,0,0,1,0,1,0,1,5,1,1,271533,0.8983081655480984,3742,0,0,0,0,1,0
52875,3389,388304,970789,1,0,1,0,1,0,1,5,1,1,1359093,0.39998763893323996,49486,0,0,1,0,1,0
51803,443,14971,62327,0,0,1,1,0,0,1,5,1,1,77298,0.24019702220510847,51360,0,1,1,0,1,0
53777,53,61816,189941,0,0,1,0,0,1,2,5,1,1,251757,0.3254467153130956,53724,0,1,1,0,1,0
12928,1433,7941,16283,0,0,1,0,1,0,2,5,1,1,24224,0.487656595431098,11495,0,0,0,0,1,0
48943,25,4219,7966,0,0,1,0,1,0,2,5,1,1,12185,0.5295594326597214,48918,0,1,0,0,1,0
27134,25,16111,36798,1,0,0,0,0,1,3,5,1,1,52909,0.43781081007636075,27109,0,1,0,0,1,0
59279,80,2489,1341,1,0,0,0,0,1,3,5,1,1,3830,1.854694485842027,59199,0,1,1,0,1,0
1433,3306,4913,2962,0,0,0,0,0,1,3,5,1,1,7875,1.6581167735403308,1873,0,0,0,0,1,1
35330,35255,56743,154299,0,0,0,0,1,0,3,5,1,1,211042,0.3677446532728451,75,0,0,0,0,0,0
443,443,9683,20345,0,1,1,1,0,0,3,5,1,1,30028,0.47591664209181167,0,1,1,0,0,1,1
2016,3306,68653,125778,0,0,0,0,1,0,3,5,1,1,194431,0.5458224345876498,1290,0,0,0,0,1,0
7468,443,35562,60091,0,0,1,0,1,0,3,5,1,1,95653,0.5917925847034547,7025,0,1,0,0,1,0
40144,25,425851,1290243,0,0,0,0,0,1,3,5,1,1,1716094,0.3300546253266824,40119,0,1,0,0,1,0
41989,445,50967,13240,0,0,1,0,1,0,4,5,1,1,64207,3.849180575485235,41544,0,1,0,0,1,0
22,25,130973,182353,0,0,1,0,0,1,4,5,1,1,313326,0.7182348618620924,3,1,1,0,0,1,1
64041,25,41898,123611,0,0,1,0,1,0,4,5,1,1,165509,0.33894767498301137,64016,0,1,1,0,1,0
32631,22,36251,18641,0,0,1,1,0,0,4,5,1,1,54892,1.9445874906125953,32609,0,1,0,0,1,0
13030,1433,141998,498161,1,0,1,0,1,0,5,5,1,1,640159,0.28504382108631326,11597,0,0,0,0,1,0
1433,53,64220,173076,1,0,0,0,0,1,5,5,1,1,237296,0.3710487239783449,1380,0,1,0,0,1,1
44204,3306,30825,120663,0,0,1,0,1,0,5,5,1,1,151488,0.2554614466618047,40898,0,0,0,0,1,0
1087,445,30608,2539,0,0,1,0,1,0,5,5,1,1,33147,12.050393700787401,642,0,1,0,0,1,0
21,445,52112,187634,0,1,1,0,1,0,5,5,1,1,239746,0.27773070056226185,424,1,1,0,0,1,1
3389,21,7523,26144,0,0,1,0,1,0,6,5,1,0,33667,0.2877414419583094,3368,0,1,0,0,1,1
42522,445,7029,17358,0,0,1,0,1,0,6,5,1,0,24387,0.4049196382280085,42077,0,1,0,0,1,0
3389,53,215485,706543,0,0,0,0,1,0,6,5,1,0,922028,0.30498454448696755,3336,0,1,0,0,1,1
42372,25,434982,36268,0,0,0,0,1,0,6,5,1,0,471250,11.993217348148557,42347,0,1,0,0,1,0
41221,22,4983,20115,0,0,1,0,1,0,8,5,1,0,25098,0.24771326307416983,41199,0,1,0,0,1,0
64977,53,7552,23876,0,0,0,0,1,0,8,5,1,0,31428,0.3162876408258994,64924,0,1,1,0,1,0
3676,1433,137041,150464,0,0,1,0,0,1,8,5,1,0,287505,0.9107832386269232,2243,0,0,0,0,1,0
7114,25,51721,28763,0,0,1,0,1,0,9,5,1,0,80484,1.7981157001807815,7089,0,1,0,0,1,0
59850,1433,65009,228215,0,0,1,0,1,0,9,5,1,0,293224,0.2848573281452659,58417,0,0,1,0,1,0
40319,21,92462,259287,0,0,0,0,1,0,10,5,1,0,351749,0.35659961124309647,40298,0,1,0,0,1,0
49499,3389,14985,46920,0,0,1,0,1,0,10,5,1,0,61905,0.31936659491485686,46110,0,0,1,0,1,0
28736,21,37344,4567,0,0,1,0,1,0,10,5,1,0,41911,8.175131348511384,28715,0,1,0,0,1,0
445,21,32975,134676,0,0,1,0,1,0,10,5,1,0,167651,0.24484507376909198,424,1,1,0,0,1,1
45906,80,5577,9116,0,0,0,0,0,1,11,5,1,0,14693,0.6117143797301744,45826,0,1,0,0,1,0
17097,3389,36466,35815,0,0,0,0,1,0,11,5,1,0,72281,1.018148313602859,13708,0,0,0,0,1,0
19511,25,159585,287708,0,0,0,0,1,0,11,5,1,0,447293,0.5546750362345286,19486,0,1,0,0,1,0
37872,445,12905,51917,1,0,0,0,1,0,11,5,1,0,64822,0.24856504487846218,37427,0,1,0,0,1,0
37206,80,28116,71146,1,0,1,0,1,0,12,5,1,0,99262,0.3951818066819402,37126,0,1,0,0,1,0
39778,80,30660,106882,1,0,1,0,1,0,12,5,1,0,137542,0.2868557207413714,39698,0,1,0,0,1,0
18137,1433,13968,27161,1,0,0,0,0,1,13,5,1,0,41129,0.5142478462557986,16704,0,0,0,0,1,0
29773,3389,65058,33017,0,0,0,0,1,0,13,5,1,0,98075,1.9703797928402689,26384,0,0,0,0,1,0
22358,80,7419,21954,0,1,1,0,1,0,13,5,1,0,29373,0.33791846959690275,22278,0,1,0,0,1,0
44853,443,185764,359223,0,0,1,0,1,0,13,5,1,0,544987,0.517125804511948,44410,0,1,0,0,1,0
47498,22,59989,128749,1,0,0,0,0,1,13,5,1,0,188738,0.4659339805825243,47476,0,1,0,0,1,0
17376,22,4920,15181,0,0,0,0,1,0,13,5,1,0,20101,0.3240679752338295,17354,0,1,0,0,1,0
63193,21,333305,1171374,0,0,1,0,1,0,14,5,1,0,1504679,0.2845416711130082,63172,0,1,1,0,1,0
39364,22,28823,115509,0,0,0,0,1,0,14,5,1,0,144332,0.2495281793784088,39342,0,1,0,0,1,0
443,53,6927,21208,0,0,0,0,1,0,14,5,1,0,28135,0.32660662926116274,390,1,1,0,0,1,1
34397,53,128963,120673,0,0,0,0,0,1,14,5,1,0,249636,1.0686891956842401,34344,0,1,0,0,1,0
43692,445,48604,186373,0,0,1,0,1,0,15,5,1,0,234977,0.26078744889308597,43247,0,1,0,0,1,0
13405,3306,1293,3175,0,0,0,0,1,0,15,5,1,0,4468,0.40711586901763225,10099,0,0,0,0,1,0
63592,25,9499,7809,1,0,0,0,0,1,15,5,1,0,17308,1.2162612035851472,63567,0,1,1,0,1,0
18040,3306,34425,81975,0,0,1,0,1,0,15,5,1,0,116400,0.4199399824338831,14734,0,0,0,0,1,0
22,61128,695,1174,0,0,1,0,1,0,15,5,1,0,1869,0.5914893617021276,61106,1,0,0,1,0,1
8126,80,25238,79176,0,0,0,0,1,0,15,5,1,0,104414,0.318754183664448,8046,0,1,0,0,1,0
29497,22,28360,5275,0,0,0,0,1,0,15,5,1,0,33635,5.375284306292646,29475,0,1,0,0,1,0
28831,53,3315,12769,0,0,1,0,1,0,15,5,1,0,16084,0.259592795614722,28778,0,1,0,0,1,0
14450,3306,33963,48111,0,0,0,0,0,1,15,5,1,0,82074,0.705915364150316,11144,0,0,0,0,1,0
64224,53,22291,7050,1,0,0,0,1,0,15,5,1,0,29341,3.1613955467309602,64171,0,1,1,0,1,0
45230,53,3274,1627,0,0,1,0,1,0,16,5,1,0,4901,2.011056511056511,45177,0,1,0,0,1,0
45995,22,95922,183662,1,0,1,0,0,1,16,5,1,0,279584,0.522271769490861,45973,0,1,0,0,1,0
3306,3389,84167,254146,0,0,1,0,1,0,16,5,1,0,338313,0.3311744777628695,83,0,0,0,0,1,1
45097,80,13855,40885,0,0,1,0,1,0,17,5,1,0,54740,0.338869050530744,45017,0,1,0,0,1,0
27804,445,16030,53484,0,0,1,0,1,0,17,5,1,0,69514,0.29971019912124897,27359,0,1,0,0,1,0
80,445,70405,174171,0,0,1,0,0,1,17,5,1,0,244576,0.40422685621110166,365,1,1,0,0,1,1
28452,20989,15977,60484,0,0,0,0,0,1,18,5,1,0,76461,0.2641481359014632,7463,0,0,0,0,0,0
54132,443,1002,3857,0,0,1,0,0,1,18,5,1,0,4859,0.25972006220839816,53689,0,1,1,0,1,0
43618,22,48006,59837,0,0,1,0,0,1,18,5,1,0,107843,0.802266118520004,43596,0,1,0,0,1,0
14436,21,5995,4071,0,0,0,0,1,0,18,5,1,0,10066,1.4722495088408645,14415,0,1,0,0,1,0
22718,25,11804,35315,0,0,1,0,1,0,19,5,1,0,47119,0.3342394382149734,22693,0,1,0,0,1,0
443,25,226974,361953,0,0,0,0,0,1,19,5,1,0,588927,0.6270796841587605,418,1,1,0,0,1,1
57914,53,17776,12058,0,0,0,0,1,0,19,5,1,0,29834,1.4740857450866574,57861,0,1,1,0,1,0
3389,3389,22087,44326,0,1,0,0,1,0,19,5,1,0,66413,0.498274189545875,0,0,0,0,0,1,1
56823,21,49784,165530,1,0,1,0,1,0,19,5,1,0,215314,0.30075333321251,56802,0,1,1,0,1,0
43118,53,49440,144768,1,0,0,0,1,0,19,5,1,0,194208,0.3415095773266376,43065,0,1,0,0,1,0
443,3389,5060,10781,1,0,0,0,0,1,20,5,1,0,15841,0.46930068632906696,2946,1,0,0,0,1,1
443,12210,20000,76083,1,0,1,0,1,0,20,5,1,0,96083,0.2628673571315914,11767,1,0,0,0,0,1
38349,3306,23338,40622,0,0,1,0,1,0,20,5,1,0,63960,0.5745021293355981,35043,0,0,0,0,1,0
3306,80,34038,120207,1,0,1,1,0,0,20,5,1,0,154245,0.2831591907360575,3226,0,1,0,0,1,1
60085,21,34987,83445,0,0,1,0,1,0,20,5,1,0,118432,0.4192771373103564,60064,0,1,1,0,1,0
33360,3389,1383194,2234046,0,0,1,0,1,0,20,5,1,0,3617240,0.6191427485634814,29971,0,0,0,0,1,0
11811,445,3356,2098,1,0,1,0,1,0,20,5,1,0,5454,1.598856598380181,11366,0,1,0,0,1,0
8766,62249,105677,126488,0,0,1,0,0,1,20,5,1,0,232165,0.8354639533872511,53483,0,0,0,1,0,0
24679,22,146298,152714,0,0,1,0,1,0,20,5,1,0,299012,0.9579805520086435,24657,0,1,0,0,1,0
22,53,48458,133036,1,0,0,0,0,1,21,5,1,0,181494,0.3642445334756496,31,1,1,0,0,1,1
50764,3389,7781,4578,0,0,0,0,1,0,21,5,1,0,12359,1.6992793186285216,47375,0,0,1,0,1,0
54517,3306,315990,330819,0,0,0,0,1,0,21,5,1,0,646809,0.9551719968562965,51211,0,0,1,0,1,0
54709,443,660,78,0,0,1,0,0,1,21,5,1,0,738,8.354430379746836,54266,0,1,1,0,1,0
20246,25,7381,30488,0,0,1,0,0,1,21,5,1,0,37869,0.24208731017744103,20221,0,1,0,0,1,0
43071,1433,143586,163679,0,0,1,0,1,0,22,5,1,1,307265,0.8772360703812316,41638,0,0,0,0,1,0
44879,1433,12183,22531,0,0,1,0,1,0,22,5,1,1,34714,0.5406976744186046,43446,0,0,0,0,1,0
32707,21,283323,571473,0,0,1,1,0,0,22,5,1,1,854796,0.4957758358210522,32686,0,1,0,0,1,0
10717,80,1960,5961,0,0,1,0,0,1,23,5,1,1,7921,0.32874874203287485,10637,0,1,0,0,1,0
43255,80,3716,14082,0,0,0,0,0,1,23,5,1,1,17798,0.2638642334729816,43175,0,1,0,0,1,0
25,3389,9408,14593,0,0,0,0,0,1,23,5,1,1,24001,0.6446484856790462,3364,1,0,0,0,1,1
56291,443,42952,26318,0,1,1,0,1,0,23,5,1,1,69270,1.631976898818344,55848,0,1,1,0,1,0
41518,80,15440,28386,0,0,1,0,1,0,0,6,1,1,43826,0.5439109451509494,41438,0,1,0,0,1,0
4512,21,10050,24328,0,0,0,0,1,0,1,6,1,1,34378,0.4130872621151712,4491,0,1,0,0,1,0
22,22,213765,665344,0,1,0,0,1,0,1,6,1,1,879109,0.3212844464150178,0,1,1,0,0,1,1
28780,445,248081,51323,0,0,1,0,1,0,1,6,1,1,299404,4.833625594263892,28335,0,1,0,0,1,0
15950,3389,11350,26896,0,0,1,0,1,0,1,6,1,1,38246,0.4219801464847381,12561,0,0,0,0,1,0
46812,80,1428,3557,0,0,0,0,1,0,1,6,1,1,4985,0.40134907251264756,46732,0,1,0,0,1,0
57175,3306,697,1482,0,0,1,0,1,0,2,6,1,1,2179,0.46999325691166555,53869,0,0,1,0,1,0
33087,21,32301,17119,0,0,1,0,1,0,2,6,1,1,49420,1.8867406542056075,33066,0,1,0,0,1,0
21,53,62914,220543,1,0,1,0,1,0,2,6,1,1,283457,0.2852673389437028,32,1,1,0,0,1,1
3306,21,24362,58192,0,0,1,0,1,0,2,6,1,1,82554,0.4186414173526026,3285,0,1,0,0,1,1
21,25,19664,24872,0,0,1,0,1,0,2,6,1,1,44536,0.7905761267237567,4,1,1,0,0,1,1
47362,3306,6079,5550,0,0,0,0,1,0,2,6,1,1,11629,1.095117996757341,44056,0,0,0,0,1,0
41674,443,62816,170452,0,0,1,1,0,0,3,6,1,1,233268,0.3685238746164632,41231,0,1,0,0,1,0
38851,1433,322899,492912,0,0,1,0,1,0,3,6,1,1,815811,0.6550831485475125,37418,0,0,0,0,1,0
60486,22,634,1493,0,0,0,0,1,0,3,6,1,1,2127,0.4243641231593039,60464,0,1,1,0,1,0
7410,21,19457,62351,1,0,1,0,1,0,3,6,1,1,81808,0.3120509366179112,7389,0,1,0,0,1,0
11101,443,4663,624,0,0,1,0,1,0,4,6,1,1,5287,7.4608,10658,0,1,0,0,1,0
28455,30426,2028,4420,1,0,1,0,1,0,5,6,1,1,6448,0.4587197466636508,1971,0,0,0,0,0,0
15663,21,3612,5514,0,0,1,0,0,1,5,6,1,1,9126,0.6549410698096102,15642,0,1,0,0,1,0
4201,53,40436,141198,0,0,1,0,0,1,5,6,1,1,181634,0.2863759658354521,4148,0,1,0,0,1,0
42455,3306,42105,66756,0,0,0,0,1,0,5,6,1,1,108861,0.6307203738933744,39149,0,0,0,0,1,0
14724,22,227854,133475,0,0,1,0,1,0,5,6,1,1,361329,1.70707842608409,14702,0,1,0,0,1,0
13076,80,22338,13358,0,0,0,0,0,1,5,6,1,1,35696,1.6721311475409837,12996,0,1,0,0,1,0
64533,21,1321,3660,0,0,1,0,0,1,5,6,1,1,4981,0.36083037421469544,64512,0,1,1,0,1,0
40369,443,15046,32332,0,0,1,0,1,0,6,6,1,0,47378,0.4653450035567377,39926,0,1,0,0,1,0
64256,1433,2396,419,0,0,1,0,1,0,6,6,1,0,2815,5.704761904761905,62823,0,0,1,0,1,0
14143,445,3194,9969,0,0,0,0,1,0,6,6,1,0,13163,0.32036108324974927,13698,0,1,0,0,1,0
22,53,55764,213540,0,0,0,0,1,0,6,6,1,0,269304,0.26113954697224423,31,1,1,0,0,1,1
42870,80,30052,23001,0,0,1,0,1,0,6,6,1,0,53053,1.3064950873837058,42790,0,1,0,0,1,0
62187,80,56393,37774,0,0,1,0,1,0,6,6,1,0,94167,1.492865651886168,62107,0,1,1,0,1,0
61407,53,12431,10088,1,0,0,0,1,0,6,6,1,0,22519,1.232134007334721,61354,0,1,1,0,1,0
21116,445,78029,305620,0,0,1,0,1,0,6,6,1,0,383649,0.25531295297116363,20671,0,1,0,0,1,0
28373,1433,11367,11813,1,0,1,0,0,1,7,6,1,0,23180,0.9621635347892331,26940,0,0,0,0,1,0
59909,443,131490,349726,0,0,0,0,0,1,7,6,1,0,481216,0.3759789778884673,59466,0,1,1,0,1,0
49403,3306,38231,136956,0,0,1,0,1,0,7,6,1,0,175187,0.279146009331396,46097,0,0,1,0,1,0
52314,443,15816,46679,0,0,0,0,0,1,7,6,1,0,62495,0.33881748071979434,51871,0,1,1,0,1,0
35282,443,30925,42272,0,0,1,0,1,0,7,6,1,0,73197,0.7315544200790103,34839,0,1,0,0,1,0
47914,677,317,733,1,1,0,0,0,1,8,6,1,0,1050,0.4318801089918256,47237,0,1,0,0,0,0
13878,80,283160,777070,1,0,1,0,1,0,8,6,1,0,1060230,0.364393987164622,13798,0,1,0,0,1,0
57167,1433,32620,112985,0,0,1,0,1,0,9,6,1,0,145605,0.28870833554599684,55734,0,0,1,0,1,0
41710,22,21969,77318,0,0,1,0,1,0,9,6,1,0,99287,0.2841345594226516,41688,0,1,0,0,1,0
13299,22,15039,21395,1,0,0,0,1,0,9,6,1,0,36434,0.7028883903533371,13277,0,1,0,0,1,0
41276,22,84888,347745,1,0,0,0,0,1,9,6,1,0,432633,0.24410920614471482,41254,0,1,0,0,1,0
43302,3389,68368,113203,0,0,1,0,1,0,9,6,1,0,181571,0.6039362566693757,39913,0,0,0,0,1,0
48819,443,14212,54919,1,0,0,0,1,0,9,6,1,0,69131,0.25877640203932994,48376,0,1,0,0,1,0
44801,80,3466,1695,0,0,1,0,1,0,10,6,1,0,5161,2.043632075471698,44721,0,1,0,0,1,0
49510,1433,5202,5654,0,0,1,0,1,0,10,6,1,0,10856,0.919893899204244,48077,0,0,1,0,1,0
24364,21,16404,12116,1,0,0,0,1,0,10,6,1,0,28520,1.3538004456548651,24343,0,1,0,0,1,0
5793,25,190667,698465,1,0,1,0,1,0,10,6,1,0,889132,0.2729796439626267,5768,0,1,0,0,1,0
26386,53,14760,26196,0,0,1,0,1,0,10,6,1,0,40956,0.5634232927434439,26333,0,1,0,0,1,0
56580,443,8513,16935,0,0,0,0,0,1,10,6,1,0,25448,0.5026570618800189,56137,0,1,1,0,1,0
16949,53,1316,4330,0,0,1,1,0,0,10,6,1,0,5646,0.3038559224197645,16896,0,1,0,0,1,0
13075,445,248119,878741,0,0,1,0,1,0,10,6,1,0,1126860,0.282357051330197,12630,0,1,0,0,1,0
38337,80,54745,139119,0,0,1,0,1,0,11,6,1,0,193864,0.39350920069005174,38257,0,1,0,0,1,0
6639,80,78717,76670,0,0,0,0,1,0,11,6,1,0,155387,1.0266854482137966,6559,0,1,0,0,1,0
18675,25,102611,255777,0,0,0,0,1,0,11,6,1,0,358388,0.40117211018930476,18650,0,1,0,0,1,0
5508,22,16923,36586,0,0,0,0,1,0,11,6,1,0,53509,0.4625413398201547,5486,0,1,0,0,1,0
18441,3306,25218,15285,1,0,0,1,0,0,11,6,1,0,40503,1.6497448645819703,15135,0,0,0,0,1,0
6080,22,238413,25655,0,0,1,0,1,0,11,6,1,0,264068,9.292680074836296,6058,0,1,0,0,1,0
49801,25,29358,86859,0,0,1,0,0,1,11,6,1,0,116217,0.33799217131015424,49776,0,1,1,0,1,0
29390,53,56389,160324,0,0,1,0,0,1,12,6,1,0,216713,0.3517168251988149,29337,0,1,0,0,1,0
60217,3389,88688,233870,0,0,1,0,0,1,12,6,1,0,322558,0.37921760286653755,56828,0,0,1,0,1,0
17471,21,61616,223512,1,0,0,0,0,1,12,6,1,0,285128,0.2756707663536349,17450,0,1,0,0,1,0
9205,3389,17942,56296,0,0,1,0,1,0,13,6,1,0,74238,0.3187025951649289,5816,0,0,0,0,1,0
14639,22,20864,25019,1,0,1,0,1,0,13,6,1,0,45883,0.8338928856914468,14617,0,1,0,0,1,0
443,22,76437,122673,0,0,0,0,1,0,13,6,1,0,199110,0.6230904674177087,421,1,1,0,0,1,1
39681,80,76237,102721,1,0,0,0,1,0,15,6,1,0,178958,0.7421681820836822,39601,0,1,0,0,1,0
26882,22,142795,545028,1,0,1,0,1,0,15,6,1,0,687823,0.26199523328116486,26860,0,1,0,0,1,0
58542,445,53196,71681,1,0,1,0,1,0,15,6,1,0,124877,0.7421109902067464,58097,0,1,1,0,1,0
59440,1433,57214,32942,0,0,0,0,1,0,15,6,1,0,90156,1.7367574294994383,58007,0,0,1,0,1,0
53112,47548,10786,20854,0,0,1,1,0,0,16,6,1,0,31640,0.5171901222728362,5564,0,0,1,0,0,0
8414,3389,8692,18269,0,0,0,0,0,1,16,6,1,0,26961,0.4757525998905309,5025,0,0,0,0,1,0
48961,25,76803,12390,0,0,0,0,1,0,16,6,1,0,89193,6.19828908078444,48936,0,1,0,0,1,0
12386,22929,8789,6166,0,0,1,0,1,0,17,6,1,0,14955,1.4251662072320415,10543,0,0,0,0,0,0
1433,1433,21308,73416,0,0,0,0,1,0,17,6,1,0,94724,0.29023250745740087,0,0,0,0,0,1,1
445,80,200072,207014,0,0,0,0,1,0,17,6,1,0,407086,0.9664613675337536,365,1,1,0,0,1,1
8342,3389,155268,592618,0,0,1,0,0,1,17,6,1,0,747886,0.26200307448799315,4953,0,0,0,0,1,0
14839,21,35698,106087,0,0,0,0,1,0,17,6,1,0,141785,0.33649423120428323,14818,0,1,0,0,1,0
48415,1433,13714,14022,1,0,0,0,1,0,17,6,1,0,27736,0.9779647721600229,46982,0,0,0,0,1,0
51494,22,18080,4134,0,0,0,0,0,1,18,6,1,0,22214,4.372430471584039,51472,0,1,1,0,1,0
39524,1433,88278,75174,1,0,1,0,0,1,18,6,1,0,163452,1.1742999667442633,38091,0,0,0,0,1,0
443,25,20776,20528,0,0,1,0,1,0,18,6,1,0,41304,1.01203175994934,418,1,1,0,0,1,1
45648,25,9015,19768,0,0,1,0,1,0,18,6,1,0,28783,0.4560169963073499,45623,0,1,0,0,1,0
53,21,154081,627305,0,0,0,0,1,0,18,6,1,0,781386,0.24562334809486916,32,1,1,0,0,1,1
25,25,29453,58215,1,0,1,0,1,0,18,6,1,0,87668,0.5059262058540608,0,1,1,0,0,1,1
48105,1433,8746,22116,0,0,0,0,1,0,18,6,1,0,30862,0.39544241985802775,46672,0,0,0,0,1,0
15268,22,47396,146433,0,0,0,0,1,0,19,6,1,0,193829,0.32366800060095335,15246,0,1,0,0,1,0
58942,445,104187,163813,0,0,0,0,1,0,19,6,1,0,268000,0.6360079114117231,58497,0,1,1,0,1,0
16635,443,4392,10896,0,0,1,0,1,0,19,6,1,0,15288,0.40304671010369825,16192,0,1,0,0,1,0
22069,43968,15982,33814,0,0,1,0,1,0,19,6,1,0,49796,0.47263048942776875,21899,0,0,0,0,0,0
5973,1433,14843,45967,0,0,1,0,1,0,20,6,1,0,60810,0.32289853811347025,4540,0,0,0,0,1,0
80,3306,45417,87648,0,0,1,0,1,0,20,6,1,0,133065,0.5181690606852332,3226,1,0,0,0,1,1
11123,53,60549,247150,0,0,1,0,1,0,21,6,1,0,307699,0.24498788190215698,11070,0,1,0,0,1,0
53474,80,9114,31023,0,0,0,0,0,1,21,6,1,0,40137,0.2937725631768953,53394,0,1,1,0,1,0
26564,80,2021,1074,1,0,1,0,1,0,21,6,1,0,3095,1.88,26484,0,1,0,0,1,0
33874,53,114792,43000,0,0,1,0,0,1,21,6,1,0,157792,2.669519313504337,33821,0,1,0,0,1,0
14240,3306,3670,4989,0,0,1,0,1,0,21,6,1,0,8659,0.7354709418837675,10934,0,0,0,0,1,0
52020,443,33992,119157,0,0,1,0,1,0,21,6,1,0,153149,0.2852682992329512,51577,0,1,1,0,1,0
51750,1433,17833,68698,0,0,1,0,1,0,21,6,1,0,86531,0.25958165329917465,50317,0,0,1,0,1,0
47552,25,28564,107653,0,0,1,0,1,0,21,6,1,0,136217,0.265331525071061,47527,0,1,0,0,1,0
1081,3389,309271,126033,0,0,0,0,1,0,21,6,1,0,435304,2.4538695907453545,2308,0,0,0,0,1,0
3389,25,2845503,9487786,0,0,1,0,1,0,21,6,1,0,12333289,0.2999121923795296,3364,0,1,0,0,1,1
48523,22,1614,6627,0,0,0,0,1,0,21,6,1,0,8241,0.24351237175618587,48501,0,1,0,0,1,0
16297,3306,106324,346128,0,0,1,0,1,0,22,6,1,1,452452,0.30718027093944744,12991,0,0,0,0,1,0
65264,3389,17154,19297,0,0,1,0,1,0,22,6,1,1,36451,0.8889004041869624,61875,0,0,1,0,1,0
3306,80,117779,482964,1,1,1,0,1,0,22,6,1,1,600743,0.2438665327715259,3226,0,1,0,0,1,1
1938,443,101887,215222,0,0,1,0,1,0,22,6,1,1,317109,0.4734020062911492,1495,0,1,0,0,1,0
52581,53,210153,336735,0,0,0,0,1,0,23,6,1,1,546888,0.6240883065665684,52528,0,1,1,0,1,0
25860,12336,34750,89693,0,0,1,0,1,0,23,6,1,1,124443,0.3874283675608179,13524,0,0,0,0,0,0
52879,443,5306,17928,0,0,1,0,1,0,23,6,1,1,23234,0.2959451168497964,52436,0,1,1,0,1,0
53,443,97172,377968,0,0,1,0,1,0,23,6,1,1,475140,0.25708986715841775,390,1,1,0,0,1,1
13789,443,26603,31500,0,0,1,0,1,0,23,6,1,1,58103,0.8445128726072189,13346,0,1,0,0,1,0
2335,53,15151,11419,0,0,1,0,0,1,0,0,0,1,26570,1.326707530647986,2282,0,1,0,0,1,0
25,445,10280,11875,0,0,1,0,1,0,0,0,0,1,22155,0.8656113169417312,420,1,1,0,0,1,1
47834,1433,110209,368609,0,0,0,0,1,0,0,0,0,1,478818,0.29898537749925397,46401,0,0,0,0,1,0
3306,21,286470,1042861,0,0,0,0,1,0,0,0,0,1,1329331,0.2746959808680343,3285,0,1,0,0,1,1
2268,80,3253,4992,0,0,1,0,1,0,1,0,0,1,8245,0.6515121169637492,2188,0,1,0,0,1,0
22,21,59582,28777,0,0,1,0,1,0,1,0,0,1,88359,2.070401000764473,1,1,1,0,0,1,1
25137,445,12139,24065,0,0,1,0,1,0,1,0,0,1,36204,0.5044045541427741,24692,0,1,0,0,1,0
60738,443,2105,2881,0,0,0,0,1,0,1,0,0,1,4986,0.7303955586398334,60295,0,1,1,0,1,0
25,3306,27898,81771,0,0,1,0,1,0,2,0,0,1,109669,0.3411681260089028,3281,1,0,0,0,1,1
61435,25,5807,1910,0,0,1,0,1,0,2,0,0,1,7717,3.0387231815803246,61410,0,1,1,0,1,0
10512,22,1764,4460,1,0,0,0,1,0,2,0,0,1,6224,0.3954270342972428,10490,0,1,0,0,1,0
12142,25,6305,16883,1,0,1,0,1,0,2,0,0,1,23188,0.3734304667140488,12117,0,1,0,0,1,0
45429,445,4253,1794,0,0,1,0,1,0,2,0,0,1,6047,2.369359331476323,44984,0,1,0,0,1,0
26363,21,7826,11884,0,0,1,0,1,0,2,0,0,1,19710,0.6584770719394194,26342,0,1,0,0,1,0
56312,25,2640,10501,0,0,0,0,1,0,3,0,0,1,13141,0.2513806893924967,56287,0,1,1,0,1,0
54887,32949,11705,32906,0,0,1,0,1,0,3,0,0,1,44611,0.35569939526544503,21938,0,0,1,0,0,0
60605,25,7036,26573,0,0,1,0,1,0,3,0,0,1,33609,0.26477007601414915,60580,0,1,1,0,1,0
53,3306,40174,108848,0,0,1,0,1,0,4,0,0,1,149022,0.3690801017923913,3253,1,0,0,0,1,1
3306,25,56934,179410,0,0,0,0,0,1,4,0,0,1,236344,0.31733840177023703,3281,0,1,0,0,1,1
48412,35064,33397,84275,0,0,1,0,1,0,4,0,0,1,117672,0.39628126631543975,13348,0,0,0,0,0,0
41576,445,15112,43195,0,0,1,0,1,0,4,0,0,1,58307,0.3498472080748217,41131,0,1,0,0,1,0
8465,80,14474,55287,0,0,0,0,1,0,5,0,0,1,69761,0.26179279409636813,8385,0,1,0,0,1,0
7466,3306,5771,23061,0,0,0,0,1,0,5,0,0,1,28832,0.25023848755528577,4160,0,0,0,0,1,0
12826,22,5998,3734,0,0,1,0,1,0,5,0,0,1,9732,1.6058902275769746,12804,0,1,0,0,1,0
14355,3306,67898,109217,1,0,1,0,0,1,5,0,0,1,177115,0.6216740830266073,11049,0,0,0,0,1,0
42967,3306,1318,4228,0,0,1,0,1,0,5,0,0,1,5546,0.3116576022700402,39661,0,0,0,0,1,0
80,443,19357,54686,0,0,1,0,1,0,5,0,0,1,74043,0.35395980763252693,363,1,1,0,0,1,1
5101,1433,13126,28080,0,0,0,0,1,0,6,0,0,0,41206,0.46743349595812117,3668,0,0,0,0,1,0
61626,25,57446,51722,0,0,1,0,0,1,6,0,0,0,109168,1.1106471009028864,61601,0,1,1,0,1,0
10120,1433,2252,9082,0,0,1,0,1,0,6,0,0,0,11334,0.2479357040625344,8687,0,0,0,0,1,0
15179,1433,22470,41377,0,0,1,0,1,0,6,0,0,0,63847,0.5430421963362173,13746,0,0,0,0,1,0
57096,445,38130,113920,0,0,1,0,1,0,6,0,0,0,152050,0.3347056293396301,56651,0,1,1,0,1,0
36780,25,1045,674,0,0,1,0,1,0,6,0,0,0,1719,1.548148148148148,36755,0,1,0,0,1,0
29647,1433,3948,8446,0,0,1,0,1,0,6,0,0,0,12394,0.46738487036817805,28214,0,0,0,0,1,0
3389,3389,19017,64774,0,1,0,0,1,0,7,0,0,0,83791,0.29358548822848324,0,0,0,0,0,1,1
56913,30003,50143,73847,1,0,0,0,1,0,7,0,0,0,123990,0.6790028165962517,26910,0,0,1,0,0,0
1433,3306,29495,56902,0,0,0,0,1,0,7,0,0,0,86397,0.5183382246981706,1873,0,0,0,0,1,1
36095,3389,53999,109098,0,0,1,0,1,0,7,0,0,0,163097,0.49495412423578583,32706,0,0,0,0,1,0
15728,21,3916,5007,0,0,1,0,1,0,7,0,0,0,8923,0.7819488817891374,15707,0,1,0,0,1,0
18052,22,1733,6185,0,1,1,0,1,0,7,0,0,0,7918,0.28014872292272874,18030,0,1,0,0,1,0
64374,21,25215,19839,0,0,1,0,0,1,7,0,0,0,45054,1.2709173387096775,64353,0,1,1,0,1,0
51389,80,3081,7147,0,0,1,0,1,0,8,0,0,0,10228,0.431029658645775,51309,0,1,1,0,1,0
41422,22,5516,21102,1,0,1,0,0,1,8,0,0,0,26618,0.26138463725536654,41400,0,1,0,0,1,0
3389,3389,97894,179695,0,1,0,0,0,1,9,0,0,0,277589,0.5447756210488826,0,0,0,0,0,1,1
45716,443,29808,7192,0,0,1,0,1,0,9,0,0,0,37000,4.144028917002641,45273,0,1,0,0,1,0
47820,53,8874,37140,0,0,1,0,1,0,9,0,0,0,46014,0.23892733098193372,47767,0,1,0,0,1,0
33793,21,7209,12652,0,0,0,0,1,0,10,0,0,0,19861,0.5697463052240576,33772,0,1,0,0,1,0
45920,3389,59484,172112,0,0,0,0,1,0,10,0,0,0,231596,0.34561015147025503,42531,0,0,0,0,1,0
4479,21,30919,68121,0,0,0,0,1,0,10,0,0,0,99040,0.4538768679721676,4458,0,1,0,0,1,0
61659,53,3154,6295,0,0,1,0,1,0,10,0,0,0,9449,0.5009529860228716,61606,0,1,1,0,1,0
45751,80,976,3375,0,0,1,0,1,0,10,0,0,0,4351,0.2890995260663507,45671,0,1,0,0,1,0
40466,3389,447254,157154,0,0,0,0,1,0,10,0,0,0,604408,2.8459419044891985,37077,0,0,0,0,1,0
12798,21,3115,573,1,0,1,0,1,0,10,0,0,0,3688,5.426829268292683,12777,0,1,0,0,1,0
38318,22,51241,173623,1,0,0,0,0,1,10,0,0,0,224864,0.2951262498272128,38296,0,1,0,0,1,0
48763,1433,246991,403583,0,0,0,0,1,0,10,0,0,0,650574,0.6119940334601967,47330,0,0,0,0,1,0
24955,445,27893,48319,0,0,1,1,0,0,10,0,0,0,76212,0.5772557947019867,24510,0,1,0,0,1,0
7833,445,8427,23763,0,0,1,0,1,0,10,0,0,0,32190,0.35461201817875776,7388,0,1,0,0,1,0
1057,53,2249,9121,0,0,1,0,0,1,11,0,0,0,11370,0.24654680991010744,1004,0,1,0,0,1,0
25769,3306,2199,398,1,0,1,0,1,0,11,0,0,0,2597,5.511278195488722,22463,0,0,0,0,1,0
22797,80,40243,30267,1,0,1,0,1,0,12,0,0,0,70510,1.3295559666975023,22717,0,1,0,0,1,0
53,1433,224484,913625,0,0,1,0,1,0,12,0,0,0,1138109,0.24570666771742486,1380,1,0,0,0,1,1
31064,3306,11699,17506,0,0,1,0,1,0,12,0,0,0,29205,0.6682469869195179,27758,0,0,0,0,1,0
28915,3306,9052,31676,0,0,1,0,0,1,13,0,0,0,40728,0.2857593837800297,25609,0,0,0,0,1,0
36856,3389,67236,50248,0,0,1,0,1,0,13,0,0,0,117484,1.3380564787358953,33467,0,0,0,0,1,0
4682,3389,7350,11639,0,0,0,0,0,1,13,0,0,0,18989,0.6314432989690721,1293,0,0,0,0,1,0
12092,80,34172,113864,0,0,0,0,1,0,14,0,0,0,148036,0.3001097791244017,12012,0,1,0,0,1,0
2033,1433,23550,10623,0,0,1,0,1,0,14,0,0,0,34173,2.21667921686747,600,0,0,0,0,1,0
51288,3389,11439,15430,0,0,0,0,0,1,14,0,0,0,26869,0.7412999805586158,47899,0,0,1,0,1,0
443,443,21485,41391,0,1,0,0,1,0,14,0,0,0,62876,0.5190616544259761,0,1,1,0,0,1,1
53199,3306,369920,952477,0,0,1,0,1,0,14,0,0,0,1322397,0.3883764244423493,49893,0,0,1,0,1,0
443,1433,57945,193407,0,0,1,0,0,1,15,0,0,0,251352,0.2995998097286565,990,1,0,0,0,1,1
13719,25,126500,311935,0,0,1,0,0,1,15,0,0,0,438435,0.40553190398030364,13694,0,1,0,0,1,0
31330,3389,5064,19406,1,0,1,1,0,0,15,0,0,0,24470,0.26093677539032306,27941,0,0,0,0,1,0
54511,445,127197,286930,0,0,1,0,0,1,16,0,0,0,414127,0.4433016997117774,54066,0,1,1,0,1,0
48716,53,61232,244135,0,0,1,0,1,0,16,0,0,0,305367,0.2508110233640266,48663,0,1,0,0,1,0
58129,80,1999,2579,0,0,1,0,0,1,16,0,0,0,4578,0.7748062015503876,58049,0,1,1,0,1,0
1433,3306,52243,82237,0,0,1,0,1,0,16,0,0,0,134480,0.6352659354556288,1873,0,0,0,0,1,1
53,445,9689,28789,0,0,0,1,0,0,16,0,0,0,38478,0.3365404654393887,392,1,1,0,0,1,1
60674,25,1856,2347,0,0,1,0,1,0,17,0,0,0,4203,0.7904599659284497,60649,0,1,1,0,1,0
80,22,27109,103761,0,0,0,0,1,0,17,0,0,0,130870,0.26126134808504076,58,1,1,0,0,1,1
17822,21,52180,65824,0,0,1,0,1,0,18,0,0,0,118004,0.7927079377136347,17801,0,1,0,0,1,0
25,445,28073,109803,0,0,0,0,1,0,18,0,0,0,137876,0.2556646388109723,420,1,1,0,0,1,1
15384,443,18497,6226,1,0,1,0,1,0,18,0,0,0,24723,2.970451260639152,14941,0,1,0,0,1,0
45089,445,12978,9009,1,0,0,0,0,1,18,0,0,0,21987,1.4403995560488345,44644,0,1,0,0,1,0
39847,21,1140002,2823381,1,0,0,0,0,1,19,0,0,0,3963383,0.4037717885854624,39826,0,1,0,0,1,0
27041,53,3320,12687,0,0,1,0,1,0,19,0,0,0,16007,0.26166456494325346,26988,0,1,0,0,1,0
56288,445,89025,365107,1,0,0,0,1,0,19,0,0,0,454132,0.24383196204958532,55843,0,1,1,0,1,0
46433,52881,22576,41232,0,0,1,0,1,0,19,0,0,0,63808,0.5475226153808842,6448,0,0,0,1,0,0
46143,443,5613,20299,0,0,0,0,1,0,19,0,0,0,25912,0.2765024630541872,45700,0,1,0,0,1,0
25,80,20385,72548,0,0,1,0,1,0,19,0,0,0,92933,0.2809825083736509,55,1,1,0,0,1,1
44033,25,2371,1723,0,0,0,0,0,1,20,0,0,0,4094,1.3752900232018561,44008,0,1,0,0,1,0
46349,3306,8494,3205,0,0,1,0,1,0,20,0,0,0,11699,2.649407361197754,43043,0,0,0,0,1,0
3389,3389,20432,17304,0,0,0,0,1,0,20,0,0,0,37736,1.180699219878648,0,0,0,0,0,1,1
13907,3306,1841,2073,0,0,1,0,1,0,20,0,0,0,3914,0.8876567020250723,10601,0,0,0,0,1,0
61003,22,49523,112953,0,0,1,0,1,0,20,0,0,0,162476,0.43843511517963063,60981,0,1,1,0,1,0
59813,53,4712,9841,1,0,1,0,1,0,21,0,0,0,14553,0.47876447876447875,59760,0,1,1,0,1,0
13088,21,2158,5381,0,0,1,0,1,0,21,0,0,0,7539,0.40096618357487923,13067,0,1,0,0,1,0
41044,443,3910,3520,0,0,1,0,1,0,21,0,0,0,7430,1.110479977279182,40601,0,1,0,0,1,0
3108,22,716065,1327953,0,0,1,0,1,0,21,0,0,0,2044018,0.5392242502375836,3086,0,1,0,0,1,0
34771,21,929,1977,1,0,0,0,0,1,22,0,0,1,2906,0.4696663296258847,34750,0,1,0,0,1,0
23306,445,44258,82253,1,0,1,0,1,0,22,0,0,1,126511,0.5380650181146206,22861,0,1,0,0,1,0
41445,1433,6616,1056,0,0,1,0,1,0,22,0,0,1,7672,6.25922421948912,40012,0,0,0,0,1,0
20300,53,12579,39701,0,1,0,0,1,0,22,0,0,1,52280,0.3168354239081155,20247,0,1,0,0,1,0
6821,1433,57889,101405,0,0,1,0,0,1,23,0,0,1,159294,0.5708636569828215,5388,0,0,0,0,1,0
21,53,53514,15404,0,0,1,0,1,0,23,0,0,1,68918,3.473807205452775,32,1,1,0,0,1,1
54653,445,7412,28033,0,0,0,0,0,1,23,0,0,1,35445,0.26439323678390525,54208,0,1,1,0,1,0
52856,53,2508,6659,1,0,0,0,1,0,23,0,0,1,9167,0.37657657657657656,52803,0,1,1,0,1,0
43433,80,59600,153868,0,0,1,0,1,0,23,0,0,1,213468,0.3873424796417732,43353,0,1,0,0,1,0
1845,21,53305,116033,0,0,1,0,1,0,0,1,0,1,169338,0.45939121292035096,1824,0,1,0,0,1,0
55644,53,13961,37444,1,0,0,0,1,0,0,1,0,1,51405,0.3728401655761784,55591,0,1,1,0,1,0
25,80,44672,148328,0,0,1,0,1,0,0,1,0,1,193000,0.30116834873827775,55,1,1,0,0,1,1
36935,3306,10793,16783,0,0,0,0,1,0,0,1,0,1,27576,0.6430529075309819,33629,0,0,0,0,1,0
6828,3306,5864,1757,1,0,1,0,0,1,1,1,0,1,7621,3.335608646188851,3522,0,0,0,0,1,0
445,53,22166,26281,0,0,1,0,0,1,1,1,0,1,48447,0.8433909139334906,392,1,1,0,0,1,1
2410,3306,50536,113299,0,0,1,0,1,0,1,1,0,1,163835,0.4460370697263901,896,0,0,0,0,1,0
29917,25,36127,98683,0,0,1,0,1,0,1,1,0,1,134810,0.3660877143204572,29892,0,1,0,0,1,0
3306,80,49744,46202,0,0,1,0,1,0,1,1,0,1,95946,1.0766400450187217,3226,0,1,0,0,1,1
42303,443,6522,16826,0,0,1,0,1,0,2,1,0,1,23348,0.3875913710108754,41860,0,1,0,0,1,0
16647,1433,276788,288828,0,0,1,0,1,0,2,1,0,1,565616,0.9583109729286187,15214,0,0,0,0,1,0
37615,80,12736,10426,0,0,0,0,0,1,3,1,0,1,23162,1.2214443272273905,37535,0,1,0,0,1,0
32189,22,18210,69400,0,0,1,0,0,1,3,1,0,1,87610,0.26238815002665666,32167,0,1,0,0,1,0
14088,53,2670,660,0,1,1,0,1,0,3,1,0,1,3330,4.039334341906203,14035,0,1,0,0,1,0
38143,25,16152,41676,0,0,1,0,0,1,3,1,0,1,57828,0.3875518871319913,38118,0,1,0,0,1,0
14671,3306,51615,52053,0,0,1,0,1,0,3,1,0,1,103668,0.9915664502247666,11365,0,0,0,0,1,0
16213,3389,74609,217996,1,0,1,0,1,0,3,1,0,1,292605,0.3422478290985656,12824,0,0,0,0,1,0
12212,25,268097,890050,0,0,1,0,1,0,3,1,0,1,1158147,0.30121532361628717,12187,0,1,0,0,1,0
63768,53,50633,106712,0,0,1,0,1,0,4,1,0,1,157345,0.4744782734999485,63715,0,1,1,0,1,0
53,21,34305,17970,0,0,1,0,1,0,4,1,0,1,52275,1.9089087975070949,32,1,1,0,0,1,1
20499,3389,10785,9398,0,0,0,0,1,0,4,1,0,1,20183,1.1474624960102138,17110,0,0,0,0,1,0
63533,443,7640,10680,0,0,1,0,1,0,4,1,0,1,18320,0.7152888306338357,63090,0,1,1,0,1,0
2444,80,104026,269148,1,0,1,0,1,0,4,1,0,1,373174,0.3864996711858487,2364,0,1,0,0,1,0
80,1433,100882,228476,0,0,1,0,0,1,4,1,0,1,329358,0.4415411616924242,1353,1,0,0,0,1,1
19959,3306,3931,7338,0,0,1,0,1,0,5,1,0,1,11269,0.5356315574328928,16653,0,0,0,0,1,0
51634,25,70049,286536,0,0,1,0,1,0,5,1,0,1,356585,0.24446755567343834,51609,0,1,1,0,1,0
61792,80,62355,245956,0,0,0,0,1,0,5,1,0,1,308311,0.2535199242143952,61712,0,1,1,0,1,0
63000,53,3706,5948,0,0,1,0,1,0,6,1,0,0,9654,0.6229618423264415,62947,0,1,1,0,1,0
2598,1433,52298,110311,1,0,1,0,1,0,7,1,0,0,162609,0.47409166727101315,1165,0,0,0,0,1,0
36995,445,4108,4822,0,0,1,0,0,1,7,1,0,0,8930,0.8517520215633423,36550,0,1,0,0,1,0
60622,80,451,664,0,0,1,0,1,0,8,1,0,0,1115,0.6781954887218045,60542,0,1,1,0,1,0
54870,80,17048,10209,0,0,0,0,0,1,8,1,0,0,27257,1.6697355533790401,54790,0,1,1,0,1,0
445,21,33273,31729,1,0,0,0,1,0,8,1,0,0,65002,1.0486290576741255,424,1,1,0,0,1,1
61139,21,18322,18666,0,0,1,0,1,0,8,1,0,0,36988,0.981518187175229,61118,0,1,1,0,1,0
30220,443,2163787,6184232,0,0,1,0,0,1,8,1,0,0,8348019,0.34988769019537264,29777,0,1,0,0,1,0
25526,445,40382,57282,0,0,1,0,0,1,9,1,0,0,97664,0.7049560951765794,25081,0,1,0,0,1,0
33088,819,6518,17485,0,1,1,1,0,0,9,1,0,0,24003,0.37275534713485076,32269,0,1,0,0,0,0
53,3306,43798,73640,0,0,1,0,1,0,9,1,0,0,117438,0.5947502070857267,3253,1,0,0,0,1,1
12860,445,10871,16132,1,0,0,0,0,1,9,1,0,0,27003,0.6738362362858736,12415,0,1,0,0,1,0
3389,22,97456,196861,0,0,1,0,0,1,10,1,0,0,294317,0.495047292011663,3367,0,1,0,0,1,1
80,3389,39245,61834,0,0,0,0,0,1,10,1,0,0,101079,0.634672919867389,3309,1,0,0,0,1,1
10284,21,36471,51722,0,0,0,0,1,0,10,1,0,0,88193,0.7051215126732788,10263,0,1,0,0,1,0
23597,53,8114,25189,0,0,1,0,1,0,10,1,0,0,33303,0.322111949186185,23544,0,1,0,0,1,0
53106,80,1802,2227,1,0,0,0,0,1,11,1,0,0,4029,0.8087971274685817,53026,0,1,1,0,1,0
57015,3389,9875,30225,0,0,1,0,1,0,11,1,0,0,40100,0.3267054853437438,53626,0,0,1,0,1,0
445,443,34620,58071,0,0,1,0,1,0,12,1,0,0,92691,0.5961564953850392,2,1,1,0,0,1,1
25711,80,10812,31727,0,0,0,0,1,0,12,1,0,0,42539,0.3407715582450832,25631,0,1,0,0,1,0
41159,53,35128,39646,0,0,1,0,1,0,12,1,0,0,74774,0.8860191187227281,41106,0,1,0,0,1,0
30601,445,15187,9817,0,0,1,0,1,0,12,1,0,0,25004,1.5468527194948054,30156,0,1,0,0,1,0
27041,3306,43867,153884,0,0,0,0,1,0,12,1,0,0,197751,0.28506352146083114,23735,0,0,0,0,1,0
3389,80,4615,13402,0,0,1,0,0,1,12,1,0,0,18017,0.3443258971871969,3309,0,1,0,0,1,1
22,22,29990,32673,0,0,0,0,1,0,13,1,0,0,62663,0.9178551753687948,0,1,1,0,0,1,1
43533,25,7898,5070,1,0,1,0,1,0,13,1,0,0,12968,1.5574837310195229,43508,0,1,0,0,1,0
34160,21,1879,246,0,0,0,0,1,0,13,1,0,0,2125,7.607287449392713,34139,0,1,0,0,1,0
5079,53,16911,1957,0,0,0,0,1,0,13,1,0,0,18868,8.636874361593463,5026,0,1,0,0,1,0
80,3389,257328,574846,0,0,1,0,1,0,13,1,0,0,832174,0.4476460693019186,3309,1,0,0,0,1,1
3389,21,2135,2265,0,0,1,0,1,0,13,1,0,0,4400,0.9421888790820829,3368,0,1,0,0,1,1
40953,22,26662,91722,0,0,1,0,1,0,13,1,0,0,118384,0.2906795460244432,40931,0,1,0,0,1,0
61480,1433,78914,328020,0,0,1,0,0,1,14,1,0,0,406934,0.2405760606790419,60047,0,0,1,0,1,0
34453,25,873312,1078169,0,0,1,0,1,0,14,1,0,0,1951481,0.809994713264142,34428,0,1,0,0,1,0
3306,1433,10009,29535,1,0,1,0,1,0,14,1,0,0,39544,0.33887459371614304,1873,0,0,0,0,1,1
25146,3389,8012,18973,0,0,1,0,1,0,14,1,0,0,26985,0.42226204279540425,21757,0,0,0,0,1,0
34327,25,3405,9584,0,0,1,0,1,0,14,1,0,0,12989,0.35524256651017216,34302,0,1,0,0,1,0
5245,443,136601,381240,0,0,1,0,1,0,15,1,0,0,517841,0.3583061632930351,4802,0,1,0,0,1,0
14490,25,5497,17748,1,0,1,0,0,1,15,1,0,0,23245,0.30970758915995267,14465,0,1,0,0,1,0
13896,3389,12173,46050,0,0,1,0,1,0,15,1,0,0,58223,0.2643373650952205,10507,0,0,0,0,1,0
51498,21,1143,889,0,0,1,0,1,0,15,1,0,0,2032,1.2842696629213484,51477,0,1,1,0,1,0
41622,515,16342,63370,0,1,0,0,1,0,15,1,0,0,79712,0.2578782092755361,41107,0,1,0,0,0,0
3306,22,140535,343176,0,0,1,0,1,0,15,1,0,0,483711,0.40951170970082496,3284,0,1,0,0,1,1
6099,3306,85241,327123,0,0,0,0,0,1,15,1,0,0,412364,0.26057702889424195,2793,0,0,0,0,1,0
5634,445,1688,3204,0,0,0,0,1,0,15,1,0,0,4892,0.5266770670826834,5189,0,1,0,0,1,0
13712,22,58188,121625,0,0,0,0,1,0,16,1,0,0,179813,0.47841744363869565,13690,0,1,0,0,1,0
3306,1433,1515,1341,0,0,1,0,1,0,16,1,0,0,2856,1.1289120715350223,1873,0,0,0,0,1,1
44234,443,24169,43303,0,0,1,0,1,0,16,1,0,0,67472,0.5581239608350268,43791,0,1,0,0,1,0
80,53,30580,78260,0,0,1,0,1,0,16,1,0,0,108840,0.3907437932047891,27,1,1,0,0,1,1
25,1433,36181,63718,0,0,1,0,1,0,16,1,0,0,99899,0.5678212150222068,1408,1,0,0,0,1,1
445,80,51814,40397,0,0,0,0,0,1,16,1,0,0,92211,1.282588246942918,365,1,1,0,0,1,1
39169,80,21745,89906,0,0,0,0,1,0,17,1,0,0,111651,0.24186103417976354,39089,0,1,0,0,1,0
33279,1433,953,1185,0,0,1,0,1,0,17,1,0,0,2138,0.8035413153456998,31846,0,0,0,0,1,0
53591,445,51854,122949,0,0,1,0,1,0,17,1,0,0,174803,0.4217486783245222,53146,0,1,1,0,1,0
11983,1433,25749,72538,0,0,0,0,0,1,18,1,0,0,98287,0.3549676725623458,10550,0,0,0,0,1,0
13660,25,5196,517,0,0,1,0,1,0,18,1,0,0,5713,10.03088803088803,13635,0,1,0,0,1,0
51713,445,1788,3611,1,0,0,0,0,1,18,1,0,0,5399,0.4950166112956811,51268,0,1,1,0,1,0
57357,3306,258858,358932,0,0,0,0,0,1,18,1,0,0,617790,0.7211875196763742,54051,0,0,1,0,1,0
445,3306,157957,529011,0,0,1,0,0,1,18,1,0,0,686968,0.2985886898595873,2861,1,0,0,0,1,1
45480,80,68154,152773,0,0,1,0,1,0,19,1,0,0,220927,0.4461099401730661,45400,0,1,0,0,1,0
443,3389,7464,24013,0,0,1,0,1,0,20,1,0,0,31477,0.3108186890980261,2946,1,0,0,0,1,1
49808,3306,392,790,0,0,0,0,1,0,20,1,0,0,1182,0.49557522123893805,46502,0,0,1,0,1,0
49249,3389,74868,33066,0,0,1,0,1,0,21,1,0,0,107934,2.264130401911271,45860,0,0,1,0,1,0
15414,1433,39604,105365,1,0,1,0,1,0,21,1,0,0,144969,0.37587077425355425,13981,0,0,0,0,1,0
63566,80,12094,48602,0,0,1,0,1,0,21,1,0,0,60696,0.24883237660226734,63486,0,1,1,0,1,0
12561,80,133211,287146,1,0,0,1,0,0,21,1,0,0,420357,0.46391221221186363,12481,0,1,0,0,1,0
443,3389,85544,350711,1,0,0,0,1,0,21,1,0,0,436255,0.24391523529277584,2946,1,0,0,0,1,1
50418,3306,29195,53510,0,0,0,0,1,0,21,1,0,0,82705,0.5455887574517388,47112,0,0,1,0,1,0
9287,80,23297,34709,0,0,0,0,1,0,21,1,0,0,58006,0.6711898588303082,9207,0,1,0,0,1,0
17366,53,23897,24957,0,0,1,0,1,0,21,1,0,0,48854,0.9574885808157705,17313,0,1,0,0,1,0
44460,21,65375,21295,0,0,0,0,1,0,22,1,0,1,86670,3.0698253193087903,44439,0,1,0,0,1,0
49264,3389,5586,10960,0,0,1,0,1,0,22,1,0,1,16546,0.509625034212207,45875,0,0,1,0,1,0
25,80,43545,16838,0,0,1,0,1,0,22,1,0,1,60383,2.585961161589168,55,1,1,0,0,1,1
1433,445,5049,15480,0,0,1,0,1,0,22,1,0,1,20529,0.32614172211097475,988,0,1,0,0,1,1
3306,80,186929,692641,0,0,1,0,0,1,22,1,0,1,879570,0.26987823435483266,3226,0,1,0,0,1,1
49812,22,51606,37009,0,0,1,0,1,0,22,1,0,1,88615,1.3943798973250472,49790,0,1,1,0,1,0
80,1433,7323,19480,0,0,0,1,0,0,23,1,0,1,26803,0.3759047276833838,1353,1,0,0,0,1,1
54968,445,25058,26690,0,0,1,0,1,0,23,1,0,1,51748,0.9388183282754486,54523,0,1,1,0,1,0
9975,80,5619,17030,0,0,0,0,1,0,0,2,0,1,22649,0.3299277787563854,9895,0,1,0,0,1,0
14915,80,244404,237240,0,0,0,0,1,0,0,2,0,1,481644,1.0301929261805505,14835,0,1,0,0,1,0
1433,1433,295552,94091,1,0,1,0,1,0,1,2,0,1,389643,3.141095948646006,0,0,0,0,0,1,1
3389,22,67101,216735,0,0,1,0,1,0,1,2,0,1,283836,0.3095978517643585,3367,0,1,0,0,1,1
26927,21,265840,311162,0,0,1,0,1,0,1,2,0,1,577002,0.854343222041181,26906,0,1,0,0,1,0
443,25,28081,33310,0,0,0,0,1,0,1,2,0,1,61391,0.8429948065203686,418,1,1,0,0,1,1
49983,3306,74728,271159,1,0,0,0,1,0,1,2,0,1,345887,0.27558636967104294,46677,0,0,1,0,1,0
2711,53,156304,503650,0,0,0,0,0,1,1,2,0,1,659954,0.31034188356619963,2658,0,1,0,0,1,0
29536,22832,21824,38158,0,1,0,0,1,0,2,2,0,1,59982,0.5719227443067166,6704,0,0,0,0,0,0
28365,443,24680,70977,0,0,1,0,1,0,2,2,0,1,95657,0.34771337597565444,27922,0,1,0,0,1,0
13252,22,98110,202518,1,0,1,0,1,0,2,2,0,1,300628,0.4844483727452733,13230,0,1,0,0,1,0
43141,80,61969,210906,0,0,1,0,1,0,2,2,0,1,272875,0.2938214473677972,43061,0,1,0,0,1,0
42055,445,6576,20758,0,0,0,0,1,0,2,2,0,1,27334,0.31677826484898114,41610,0,1,0,0,1,0
60612,3306,665,508,0,0,1,0,1,0,2,2,0,1,1173,1.306483300589391,57306,0,0,1,0,1,0
26457,80,16633,69239,0,0,1,0,1,0,3,2,0,1,85872,0.24022241478913922,26377,0,1,0,0,1,0
3038,443,768,521,0,0,1,0,0,1,3,2,0,1,1289,1.471264367816092,2595,0,1,0,0,1,0
11354,445,4511,10392,0,0,0,0,1,0,3,2,0,1,14903,0.43404214375060135,10909,0,1,0,0,1,0
1757,445,5437,15345,0,0,1,0,1,0,3,2,0,1,20782,0.35429427863938484,1312,0,1,0,0,1,0
17497,3306,8867,32325,0,0,1,0,1,0,3,2,0,1,41192,0.2742993256202438,14191,0,0,0,0,1,0
43180,445,81854,141498,0,0,1,0,1,0,4,2,0,1,223352,0.5784775864140382,42735,0,1,0,0,1,0
17984,3306,115877,55144,0,0,1,0,1,0,4,2,0,1,171021,2.101314715749388,14678,0,0,0,0,1,0
443,443,49711,54254,0,1,1,0,1,0,4,2,0,1,103965,0.9162473504746106,0,1,1,0,0,1,1
37507,443,60597,195202,0,0,1,0,1,0,4,2,0,1,255799,0.31043067985635464,37064,0,1,0,0,1,0
53598,21,62930,250502,0,0,0,0,1,0,4,2,0,1,313432,0.25121455631269884,53577,0,1,1,0,1,0
1123,445,405,810,0,0,1,0,1,0,4,2,0,1,1215,0.499383477188656,678,0,1,0,0,1,0
9860,25,22388,42594,0,0,0,0,1,0,4,2,0,1,64982,0.5256015964315061,9835,0,1,0,0,1,0
41627,22,1243,852,0,0,1,0,1,0,5,2,0,1,2095,1.4572098475967175,41605,0,1,0,0,1,0
27839,21,49742,66738,0,0,1,0,1,0,5,2,0,1,116480,0.7453213263608984,27818,0,1,0,0,1,0
42792,3306,773,2193,0,0,1,0,1,0,5,2,0,1,2966,0.35232452142206017,39486,0,0,0,0,1,0
31321,25,16503,17819,0,0,0,0,1,0,6,2,0,0,34322,0.9260942760942761,31296,0,1,0,0,1,0
37797,25,52914,145900,0,0,1,0,0,1,6,2,0,0,198814,0.3626705779946676,37772,0,1,0,0,1,0
3048,27236,3683,9471,0,0,1,0,0,1,6,2,0,0,13154,0.3888302364864865,24188,0,0,0,0,0,0
22,445,102615,13651,0,0,1,0,1,0,6,2,0,0,116266,7.5164811016700845,423,1,1,0,0,1,1
18894,25,49542,43187,0,0,1,0,1,0,6,2,0,0,92729,1.1471242011669909,18869,0,1,0,0,1,0
53,21,40510,108546,1,0,0,0,1,0,6,2,0,0,149056,0.3732023915907395,32,1,1,0,0,1,1
27594,445,67292,267308,0,0,1,0,1,0,6,2,0,0,334600,0.2517386245880236,27149,0,1,0,0,1,0
21,17754,12397,19706,0,0,0,0,1,0,6,2,0,0,32103,0.6290658141777034,17733,1,0,0,0,0,1
13860,25,28087,99793,0,0,1,0,1,0,6,2,0,0,127880,0.2814497865603143,13835,0,1,0,0,1,0
61073,53,22383,29917,1,0,0,0,1,0,7,2,0,0,52300,0.7481449294738953,61020,0,1,1,0,1,0
53068,53,21588,37631,0,0,1,0,1,0,7,2,0,0,59219,0.5736607142857143,53015,0,1,1,0,1,0
3306,25661,7515,23387,0,0,1,0,1,0,7,2,0,0,30902,0.32131862493586455,22355,0,0,0,0,0,1
13090,80,3016,7767,0,0,1,0,1,0,7,2,0,0,10783,0.388259526261586,13010,0,1,0,0,1,0
29571,1433,12849,10646,0,0,1,0,1,0,7,2,0,0,23495,1.2068188222034375,28138,0,0,0,0,1,0
8396,28521,11764,37828,0,0,1,0,1,0,7,2,0,0,49592,0.3109783499431653,20125,0,0,0,0,0,0
10709,22,6776,25796,0,0,1,0,1,0,9,2,0,0,32572,0.26266620149629805,10687,0,1,0,0,1,0
21,445,86101,12606,0,0,1,0,1,0,9,2,0,0,98707,6.829618465931626,424,1,1,0,0,1,1
29029,3306,3376,12723,0,0,1,0,1,0,9,2,0,0,16099,0.2653253693806979,25723,0,0,0,0,1,0
22634,53,16740,11208,0,0,1,0,1,0,9,2,0,0,27948,1.4934427692033188,22581,0,1,0,0,1,0
12769,445,142364,199893,1,0,1,0,0,1,10,2,0,0,342257,0.7121974646562679,12324,0,1,0,0,1,0
46885,445,94334,51494,0,0,1,0,1,0,10,2,0,0,145828,1.8319060102922613,46440,0,1,0,0,1,0
52897,25,154209,433126,0,0,1,0,1,0,11,2,0,0,587335,0.35603645120253413,52872,0,1,1,0,1,0
33494,445,8559,12890,0,0,1,0,1,0,11,2,0,0,21449,0.6639515941354434,33049,0,1,0,0,1,0
14039,443,77254,269183,0,0,0,0,1,0,11,2,0,0,346437,0.28699328340466,13596,0,1,0,0,1,0
47529,22,4020,4999,0,0,0,0,1,0,11,2,0,0,9019,0.804,47507,0,1,0,0,1,0
44245,3389,14166,23064,1,0,1,0,1,0,11,2,0,0,37230,0.6141773249512248,40856,0,0,0,0,1,0
19603,22,16468,59185,0,0,1,0,1,0,11,2,0,0,75653,0.2782414760247356,19581,0,1,0,0,1,0
19814,445,8766,15992,1,0,1,0,1,0,11,2,0,0,24758,0.5481148002250985,19369,0,1,0,0,1,0
8993,21,12346,17391,0,0,1,0,1,0,11,2,0,0,29737,0.7098666053357866,8972,0,1,0,0,1,0
53,53,10002,12839,0,0,1,0,1,0,12,2,0,0,22841,0.7789719626168224,0,1,1,0,0,1,1
80,60822,4574,5910,1,0,1,0,1,0,13,2,0,0,10484,0.7738115378108611,60742,1,0,0,1,0,1
41307,53,86704,43584,0,0,0,0,1,0,13,2,0,0,130288,1.9893082482505449,41254,0,1,0,0,1,0
11618,53,16449,56781,0,0,1,0,1,0,13,2,0,0,73230,0.289686872600472,11565,0,1,0,0,1,0
80,445,30403,32222,0,0,1,0,0,1,13,2,0,0,62625,0.9435186047233343,365,1,1,0,0,1,1
46789,3306,28625,96633,0,0,1,0,1,0,13,2,0,0,125258,0.29622079185379885,43483,0,0,0,0,1,0
51876,21,24042,88087,0,0,1,0,0,1,13,2,0,0,112129,0.27293161384070475,51855,0,1,1,0,1,0
14158,80,25552,58766,0,0,1,0,1,0,13,2,0,0,84318,0.4348018445726343,14078,0,1,0,0,1,0
30591,22,13511,19584,0,0,1,0,0,1,13,2,0,0,33095,0.6898646923666071,30569,0,1,0,0,1,0
80,18092,213082,365495,0,0,1,0,1,0,13,2,0,0,578577,0.5829940683345372,18012,1,0,0,0,0,1
25,3389,74398,16194,0,0,1,0,1,0,14,2,0,0,90592,4.593887002161161,3364,1,0,0,0,1,1
34775,21,22683,62008,0,0,0,0,1,0,14,2,0,0,84691,0.3658017384573207,34754,0,1,0,0,1,0
60927,1433,10772,30890,0,0,1,0,1,0,14,2,0,0,41662,0.34870998025314814,59494,0,0,1,0,1,0
36761,3306,18212,52474,0,0,1,0,1,0,14,2,0,0,70686,0.3470605050023821,33455,0,0,0,0,1,0
25790,47006,42967,53224,0,0,1,0,1,0,14,2,0,0,96191,0.8072710192578676,21216,0,0,0,0,0,0
37315,443,242778,918404,0,0,1,0,1,0,14,2,0,0,1161182,0.26434742842210135,36872,0,1,0,0,1,0
58385,443,2448,9819,0,0,1,0,0,1,15,2,0,0,12267,0.24928716904276985,57942,0,1,1,0,1,0
5709,1433,63299,245882,0,0,0,0,1,0,15,2,0,0,309181,0.2574354469402114,4276,0,0,0,0,1,0
36661,21,133620,303865,0,0,0,0,0,1,15,2,0,0,437485,0.4397333034956198,36640,0,1,0,0,1,0
445,80,2041,8523,0,0,1,0,1,0,15,2,0,0,10564,0.23944157672454247,365,1,1,0,0,1,1
1349,53,16484,16726,1,0,1,0,1,0,15,2,0,0,33210,0.9854725892269983,1296,0,1,0,0,1,0
23380,3389,4010,12901,0,0,0,0,1,0,15,2,0,0,16911,0.31080452643001083,19991,0,0,0,0,1,0
29992,3389,43863,52083,0,0,1,0,1,0,15,2,0,0,95946,0.8421588203670993,26603,0,0,0,0,1,0
58620,80,12414,4849,0,0,1,0,1,0,15,2,0,0,17263,2.5595876288659793,58540,0,1,1,0,1,0
22568,21,17886,62018,0,0,1,0,1,0,16,2,0,0,79904,0.2883954917041552,22547,0,1,0,0,1,0
7862,445,11410,23961,0,0,1,0,1,0,16,2,0,0,35371,0.4761706034554712,7417,0,1,0,0,1,0
35845,445,69721,130594,0,0,1,0,1,0,16,2,0,0,200315,0.5338718940235078,35400,0,1,0,0,1,0
25421,80,31775,66317,0,0,1,0,0,1,16,2,0,0,98092,0.47913085436834646,25341,0,1,0,0,1,0
443,443,31871,29124,0,1,1,0,1,0,16,2,0,0,60995,1.094283261802575,0,1,1,0,0,1,1
13839,22,28481,92515,0,0,1,0,0,1,16,2,0,0,120996,0.3078494530675775,13817,0,1,0,0,1,0
44388,53,55049,111893,0,0,1,1,0,0,16,2,0,0,166942,0.4919745473394463,44335,0,1,0,0,1,0
22473,25,14484,36755,0,0,1,0,1,0,16,2,0,0,51239,0.3940581129611492,22448,0,1,0,0,1,0
39199,445,334783,873015,0,0,1,0,1,0,17,2,0,0,1207798,0.3834786533121959,38754,0,1,0,0,1,0
19563,21,3054,7381,0,0,1,0,1,0,17,2,0,0,10435,0.41370902194527226,19542,0,1,0,0,1,0
50462,80,1392,4773,0,0,1,0,1,0,17,2,0,0,6165,0.2915793883535819,50382,0,1,1,0,1,0
53,22,1219,1762,1,0,1,0,1,0,18,2,0,0,2981,0.6914350538854226,31,1,1,0,0,1,1
445,3306,790,1185,0,0,1,0,1,0,18,2,0,0,1975,0.6661045531197302,2861,1,0,0,0,1,1
33465,25,64671,189667,0,0,1,0,1,0,18,2,0,0,254338,0.3409694835185693,33440,0,1,0,0,1,0
2167,80,6366025,8729093,1,1,0,0,1,0,18,2,0,0,15095118,0.7292881712580939,2087,0,1,0,0,1,0
53829,22,152122,422414,0,0,1,0,0,1,18,2,0,0,574536,0.36012452209320217,53807,0,1,1,0,1,0
26189,25,4061,14320,0,0,0,0,1,0,18,2,0,0,18381,0.28356958312966973,26164,0,1,0,0,1,0
5411,22,72601,126844,0,0,0,0,1,0,18,2,0,0,199445,0.5723599668887225,5389,0,1,0,0,1,0
42806,25,24122,21002,0,0,1,0,0,1,18,2,0,0,45124,1.1485025948674,42781,0,1,0,0,1,0
14510,4537,28754,17702,0,0,1,0,1,0,19,2,0,0,46456,1.6242444783370051,9973,0,0,0,0,0,0
10810,53,59933,221313,1,0,1,0,1,0,19,2,0,0,281246,0.27080528118419983,10757,0,1,0,0,1,0
62684,3306,6567,8870,0,0,0,0,1,0,19,2,0,0,15437,0.740277308082516,59378,0,0,1,0,1,0
25,22,1382769,425504,0,0,1,0,1,0,19,2,0,0,1808273,3.249712694327916,3,1,1,0,0,1,1
31568,3306,185536,188411,1,0,0,0,1,0,20,2,0,0,373947,0.9847355794747681,28262,0,0,0,0,1,0
47930,445,9407,3004,0,0,1,0,0,1,20,2,0,0,12411,3.1304492512479203,47485,0,1,0,0,1,0
9872,3389,3846,3347,0,0,1,0,1,0,21,2,0,0,7193,1.1487455197132617,6483,0,0,0,0,1,0
65144,80,19136,69318,0,0,1,0,1,0,21,2,0,0,88454,0.2760570694903273,65064,0,1,1,0,1,0
33592,21,29484,123534,0,0,1,0,1,0,21,2,0,0,153018,0.23866920305986158,33571,0,1,0,0,1,0
38052,445,121174,219940,0,0,1,0,1,0,22,2,0,1,341114,0.5509386608226752,37607,0,1,0,0,1,0
40627,21,3394,2295,0,0,0,0,0,1,22,2,0,1,5689,1.4782229965156795,40606,0,1,0,0,1,0
44766,25,34779,114751,0,0,1,0,0,1,22,2,0,1,149530,0.3030796848856665,44741,0,1,0,0,1,0
3731,53,1907,7334,0,0,0,0,1,0,22,2,0,1,9241,0.259986366734833,3678,0,1,0,0,1,0
45933,443,44274,162504,0,0,1,0,1,0,22,2,0,1,206778,0.27244700163071905,45490,0,1,0,0,1,0
40925,22,18545,2779,0,0,0,0,1,0,23,2,0,1,21324,6.670863309352518,40903,0,1,0,0,1,0
3306,25,488301,414194,1,0,1,0,1,0,23,2,0,1,902495,1.1789157280990838,3281,0,1,0,0,1,1
1433,22,1856,2708,0,0,1,0,1,0,23,2,0,1,4564,0.6851236618678479,1411,0,1,0,0,1,1
59654,22,197397,468166,0,0,0,0,1,0,23,2,0,1,665563,0.4216380052417193,59632,0,1,1,0,1,0
9223,80,1442,967,0,0,0,0,0,1,0,3,0,1,2409,1.4896694214876034,9143,0,1,0,0,1,0
25992,21,2634,1047,0,0,0,0,1,0,0,3,0,1,3681,2.513358778625954,25971,0,1,0,0,1,0
25,3389,1505,2082,0,0,1,0,0,1,0,3,0,1,3587,0.7225156024963995,3364,1,0,0,0,1,1
29100,21,32878,25486,0,0,1,0,1,0,0,3,0,1,58364,1.28999097579158,29079,0,1,0,0,1,0
44022,53,3368,1074,0,0,1,0,1,0,0,3,0,1,4442,3.1330232558139537,43969,0,1,0,0,1,0
10733,80,2546,391,1,1,1,0,0,1,0,3,0,1,2937,6.494897959183674,10653,0,1,0,0,1,0
3306,25,30467,12547,0,0,0,0,1,0,0,3,0,1,43014,2.4280363404526617,3281,0,1,0,0,1,1
41768,22,45380,72955,0,0,1,0,0,1,1,3,0,1,118335,0.6220187510280168,41746,0,1,0,0,1,0
43178,20401,23476,37137,0,0,1,0,1,0,2,3,0,1,60613,0.6321288168452798,22777,0,0,0,0,0,0
17792,445,16991,55874,1,0,0,0,1,0,3,3,0,1,72865,0.304089485458613,17347,0,1,0,0,1,0
53,25,410961,740995,0,0,0,0,0,1,3,3,0,1,1151956,0.5546062326922143,28,1,1,0,0,1,1
19731,3306,27815,36683,1,0,1,0,1,0,3,3,0,1,64498,0.758232471922364,16425,0,0,0,0,1,0
33993,80,79945,256918,0,0,0,0,0,1,3,3,0,1,336863,0.31116811135026995,33913,0,1,0,0,1,0
32509,3389,27685,37813,0,0,1,0,0,1,4,3,0,1,65498,0.732136245834876,29120,0,0,0,0,1,0
41028,53,3802,4813,0,0,1,0,1,0,4,3,0,1,8615,0.7897798088907354,40975,0,1,0,0,1,0
20714,80,53094,69440,1,0,1,0,1,0,4,3,0,1,122534,0.7645915237395775,20634,0,1,0,0,1,0
1252,5800,7713,29861,0,0,1,0,1,0,4,3,0,1,37574,0.25828812537673296,4548,0,0,0,0,0,0
12779,25,19042,58130,0,1,0,0,1,0,5,3,0,1,77172,0.3275704873475426,12754,0,1,0,0,1,0
25605,3389,35905,65142,0,0,0,0,0,1,5,3,0,1,101047,0.5511720369034279,22216,0,0,0,0,1,0
445,80,986,230,0,0,1,0,1,0,5,3,0,1,1216,4.268398268398268,365,1,1,0,0,1,1
14061,80,1677,1973,0,0,1,0,1,0,5,3,0,1,3650,0.8495440729483282,13981,0,1,0,0,1,0
44891,25,94384,385525,1,0,1,0,1,0,5,3,0,1,479909,0.24481876708704473,44866,0,1,0,0,1,0
58153,445,7615,5691,0,0,1,0,1,0,5,3,0,1,13306,1.3378425860857344,57708,0,1,1,0,1,0
5496,443,8216,11908,0,0,1,0,0,1,5,3,0,1,20124,0.6898983961709632,5053,0,1,0,0,1,0
80,25,28747,83371,1,0,1,0,1,0,6,3,0,0,112118,0.3448040109389243,55,1,1,0,0,1,1
15380,22,11883,5687,0,0,1,0,0,1,6,3,0,0,17570,2.0891350210970465,15358,0,1,0,0,1,0
63076,3389,42965,4088,0,0,1,0,1,0,6,3,0,0,47053,10.507459036439228,59687,0,0,1,0,1,0
62750,22,20296,46840,0,0,1,0,1,0,6,3,0,0,67136,0.4332956170875942,62728,0,1,1,0,1,0
80,21,30265,121868,0,0,0,0,1,0,6,3,0,0,152133,0.2483404311186602,59,1,1,0,0,1,1
53,53,7165,7161,0,0,1,0,1,0,6,3,0,0,14326,1.0004188774085452,0,1,1,0,0,1,1
26657,22,30023,87304,0,0,1,0,0,1,7,3,0,0,117327,0.34388637535078176,26635,0,1,0,0,1,0
60780,3389,129074,405432,0,0,1,0,1,0,7,3,0,0,534506,0.318360863570553,57391,0,0,1,0,1,0
28226,445,8880,14955,0,0,0,0,1,0,7,3,0,0,23835,0.5937416421503076,27781,0,1,0,0,1,0
20687,22,95273,223092,0,0,1,0,1,0,7,3,0,0,318365,0.42705508465079584,20665,0,1,0,0,1,0
46950,25,20282,28712,0,0,0,0,1,0,7,3,0,0,48994,0.7063699369623515,46925,0,1,0,0,1,0
44529,443,71337,71416,0,0,1,0,1,0,7,3,0,0,142753,0.9988798185306019,44086,0,1,0,0,1,0
16656,3306,27066,62510,0,0,1,0,1,0,7,3,0,0,89576,0.43297979555598215,13350,0,0,0,0,1,0
52089,443,20879,16521,0,0,1,0,1,0,8,3,0,0,37400,1.2637089940685147,51646,0,1,1,0,1,0
33457,80,38544,54400,0,0,0,0,1,0,8,3,0,0,92944,0.708516387566405,33377,0,1,0,0,1,0
443,443,153546,263901,1,1,1,0,0,1,8,3,0,0,417447,0.58182961857053,0,1,1,0,0,1,1
28033,53,32136,130617,0,0,0,0,1,0,8,3,0,0,162753,0.24603040928509087,27980,0,1,0,0,1,0
53374,445,47365,112403,0,0,1,0,1,0,9,3,0,0,159768,0.42138180135938225,52929,0,1,1,0,1,0
51873,21,12215,30331,0,0,1,0,1,0,9,3,0,0,42546,0.402710009231175,51852,0,1,1,0,1,0
14027,80,271962,782393,1,0,1,0,1,0,9,3,0,0,1054355,0.3476023589137954,13947,0,1,0,0,1,0
43173,3306,61361,112271,0,0,1,0,0,1,9,3,0,0,173632,0.5465387630041328,39867,0,0,0,0,1,0
61985,1433,24942,70561,0,0,0,0,1,0,10,3,0,0,95503,0.3534763753861852,60552,0,0,1,0,1,0
40501,21,18101,73015,0,0,1,0,1,0,10,3,0,0,91116,0.24790456886161938,40480,0,1,0,0,1,0
59297,21,105308,122467,1,0,1,0,1,0,10,3,0,0,227775,0.8598817650324982,59276,0,1,1,0,1,0
64899,445,8350,13829,1,0,1,0,1,0,10,3,0,0,22179,0.603759942154736,64454,0,1,1,0,1,0
63296,21,1270,4209,0,0,0,0,1,0,10,3,0,0,5479,0.3016627078384798,63275,0,1,1,0,1,0
62486,234,4817,3065,0,1,1,0,1,0,10,3,0,0,7882,1.571102413568167,62252,0,1,1,0,0,0
16081,25,147857,51597,0,0,1,0,1,0,10,3,0,0,199454,2.865556804527307,16056,0,1,0,0,1,0
14796,80,280995,585302,0,0,0,0,1,0,11,3,0,0,866297,0.4800846740918806,14716,0,1,0,0,1,0
55728,3306,18551,50689,1,0,0,0,0,1,11,3,0,0,69240,0.3659696192542908,52422,0,0,1,0,1,0
25538,80,23617,41533,0,0,1,0,1,0,12,3,0,0,65150,0.5686184812442818,25458,0,1,0,0,1,0
58070,22,50576,131550,0,0,1,0,0,1,12,3,0,0,182126,0.38445925914664275,58048,0,1,1,0,1,0
53840,53,14429,55192,0,0,1,0,1,0,12,3,0,0,69621,0.2614280796477814,53787,0,1,1,0,1,0
47085,22,50324,110446,0,0,1,0,0,1,12,3,0,0,160770,0.4556393564334024,47063,0,1,0,0,1,0
25860,443,19213,72828,0,0,0,0,1,0,12,3,0,0,92041,0.263809746117618,25417,0,1,0,0,1,0
21021,1433,111100,35975,0,0,0,0,1,0,12,3,0,0,147075,3.0881698910384703,19588,0,0,0,0,1,0
6800,1433,70036,75379,0,0,1,0,1,0,13,3,0,0,145415,0.9291058636243035,5367,0,0,0,0,1,0
28313,1433,80528,254620,0,0,0,0,1,0,13,3,0,0,335148,0.31626613672870657,26880,0,0,0,0,1,0
17008,1433,15858,38290,0,0,0,0,1,0,13,3,0,0,54148,0.41414431589668593,15575,0,0,0,0,1,0
63772,80,479972,114108,1,0,1,0,1,0,13,3,0,0,594080,4.206258927867215,63692,0,1,1,0,1,0
52702,3306,47775,35992,1,0,1,0,1,0,13,3,0,0,83767,1.3273414274997917,49396,0,0,1,0,1,0
11356,22,32717,114363,0,0,1,0,1,0,13,3,0,0,147080,0.28607778671609946,11334,0,1,0,0,1,0
41173,1433,6519,22518,1,0,1,0,1,0,14,3,0,0,29037,0.28948887606021584,39740,0,0,0,0,1,0
24132,25,18857,32722,0,0,1,0,0,1,14,3,0,0,51579,0.576261345231183,24107,0,1,0,0,1,0
6860,25,26449,8176,0,0,0,0,1,0,15,3,0,0,34625,3.234560352207411,6835,0,1,0,0,1,0
42777,22,6246,23471,0,0,1,0,1,0,16,3,0,0,29717,0.2661042944785276,42755,0,1,0,0,1,0
37477,3389,13798,37264,0,0,1,0,1,0,16,3,0,0,51062,0.37026700657453376,34088,0,0,0,0,1,0
42219,21,16894,37458,0,0,1,0,1,0,16,3,0,0,54352,0.4509997597373128,42198,0,1,0,0,1,0
29495,443,24088,84745,0,0,1,0,1,0,16,3,0,0,108833,0.28423760413470844,29052,0,1,0,0,1,0
55743,22,1312,2664,0,0,0,0,0,1,16,3,0,0,3976,0.49230769230769234,55721,0,1,1,0,1,0
21,53,17739,35725,0,0,1,0,1,0,16,3,0,0,53464,0.49652913844259083,32,1,1,0,0,1,1
25642,21,12043,43649,0,0,0,0,1,0,16,3,0,0,55692,0.2758991981672394,25621,0,1,0,0,1,0
21,3306,21302,40582,0,0,1,0,1,0,16,3,0,0,61884,0.5248995884976468,3285,1,0,0,0,1,1
14996,3306,115432,238471,0,0,1,0,1,0,16,3,0,0,353903,0.4840484417457815,11690,0,0,0,0,1,0
49503,3306,587618,1927680,0,1,1,0,0,1,17,3,0,0,2515298,0.30483155667353673,46197,0,0,1,0,1,0
41495,3389,65212,211554,0,0,1,0,0,1,17,3,0,0,276766,0.30825080948216776,38106,0,0,0,0,1,0
27173,443,3056,10715,0,0,0,0,1,0,17,3,0,0,13771,0.2851810377006346,26730,0,1,0,0,1,0
58581,25,12674,18970,0,0,1,0,1,0,18,3,0,0,31644,0.668072320910864,58556,0,1,1,0,1,0
32533,53,57156,236026,0,0,1,0,1,0,18,3,0,0,293182,0.24215873607680477,32480,0,1,0,0,1,0
25,1433,47727,83673,0,0,1,0,1,0,18,3,0,0,131400,0.5703922365370366,1408,1,0,0,0,1,1
4157,53,106907,106942,1,0,0,0,1,0,18,3,0,0,213849,0.9996633720767137,4104,0,1,0,0,1,0
25,21,18849,24739,0,0,0,0,1,0,18,3,0,0,43588,0.7618835893290218,4,1,1,0,0,1,1
33797,3389,12312,1537,0,0,1,0,1,0,18,3,0,0,13849,8.00520156046814,30408,0,0,0,0,1,0
60380,3389,363625,1512437,0,0,0,0,1,0,18,3,0,0,1876062,0.24042307849974676,56991,0,0,1,0,1,0
28131,53,24194,92202,0,0,1,0,1,0,18,3,0,0,116396,0.2623992711733891,28078,0,1,0,0,1,0
21,22,4329,14909,0,0,0,0,1,0,18,3,0,0,19238,0.2903420523138833,1,1,1,0,0,1,1
56096,1433,233331,249149,1,0,1,0,1,0,18,3,0,0,482480,0.9365081276339554,54663,0,0,1,0,1,0
16343,21,2010,1167,0,0,1,0,0,1,18,3,0,0,3177,1.720890410958904,16322,0,1,0,0,1,0
443,443,82,249,0,1,1,0,1,0,18,3,0,0,331,0.328,0,1,1,0,0,1,1
37507,1433,75434,172050,0,0,1,0,1,0,19,3,0,0,247484,0.43843976495341497,36074,0,0,0,0,1,0
49998,1433,94572,246696,0,0,1,0,0,1,19,3,0,0,341268,0.38335285795935903,48565,0,0,1,0,1,0
19402,22,42719,3817,1,0,0,0,0,1,19,3,0,0,46536,11.18884232582504,19380,0,1,0,0,1,0
47728,443,2740,6717,0,0,1,0,1,0,19,3,0,0,9457,0.4078594819886871,47285,0,1,0,0,1,0
1075,53,20046,11841,0,0,1,0,1,0,20,3,0,0,31887,1.6927883803411585,1022,0,1,0,0,1,0
7960,80,14114,24637,0,0,1,0,1,0,20,3,0,0,38751,0.572854939524312,7880,0,1,0,0,1,0
3389,3389,9323,31988,0,1,1,0,1,0,20,3,0,0,41311,0.2914439338522617,0,0,0,0,0,1,1
50584,80,210936,177276,0,0,0,0,1,0,20,3,0,0,388212,1.189866705776835,50504,0,1,1,0,1,0
46404,25,4127,16062,1,0,1,0,0,1,20,3,0,0,20189,0.25692585444811056,46379,0,1,0,0,1,0
443,443,36525,53255,0,0,1,0,1,0,20,3,0,0,89780,0.6858382154123479,0,1,1,0,0,1,1
48595,25,148817,484838,1,0,1,0,1,0,20,3,0,0,633655,0.30694106703462387,48570,0,1,0,0,1,0
5812,53,40550,21827,0,0,1,0,1,0,20,3,0,0,62377,1.8577056991020708,5759,0,1,0,0,1,0
25,445,160458,201390,0,0,1,0,1,0,20,3,0,0,361848,0.7967486133938458,420,1,1,0,0,1,1
33022,80,54281,59933,0,0,1,0,1,0,21,3,0,0,114214,0.9056795808722928,32942,0,1,0,0,1,0
1433,53,43781,134359,0,0,1,0,1,0,21,3,0,0,178140,0.3258484668055969,1380,0,1,0,0,1,1
25,443,39613,125485,0,0,1,0,1,0,21,3,0,0,165098,0.31567664918795724,418,1,1,0,0,1,1
4965,443,58777,244109,0,0,1,0,1,0,21,3,0,0,302886,0.24078079554299292,4522,0,1,0,0,1,0
56417,21,11886,48456,1,0,1,0,1,0,22,3,0,1,60342,0.24528963823596178,56396,0,1,1,0,1,0
52023,53,2743,6328,1,0,0,0,1,0,22,3,0,1,9071,0.43340180123242217,51970,0,1,1,0,1,0
34587,80,101363,264971,0,0,1,0,0,1,22,3,0,1,366334,0.38254230635689807,34507,0,1,0,0,1,0
445,445,141320,300957,0,0,1,0,1,0,23,3,0,1,442277,0.46956718213172605,0,1,1,0,0,1,1
3549,53,32963,72634,0,0,1,1,0,0,23,3,0,1,105597,0.4538170303572658,3496,0,1,0,0,1,0
445,80,9159,26895,0,0,1,0,1,0,23,3,0,1,36054,0.34053390838786435,365,1,1,0,0,1,1
50423,3389,1821,2828,0,0,1,0,1,0,0,4,0,1,4649,0.6436903499469777,47034,0,0,1,0,1,0
22,53,25267,103796,0,0,1,0,1,0,0,4,0,1,129063,0.24342707400021196,31,1,1,0,0,1,1
36307,21,2544,8059,0,0,0,0,1,0,0,4,0,1,10603,0.31563275434243176,36286,0,1,0,0,1,0
47739,22,2033,2059,0,0,1,0,0,1,0,4,0,1,4092,0.9868932038834951,47717,0,1,0,0,1,0
7023,3389,21307,89474,0,0,0,0,0,1,0,4,0,1,110781,0.23813355685945795,3634,0,0,0,0,1,0
47120,1433,6489,13573,0,0,1,0,1,0,0,4,0,1,20062,0.478046264918226,45687,0,0,0,0,1,0
53,1433,38272,50536,1,0,1,0,1,0,0,4,0,1,88808,0.7573065278904565,1380,1,0,0,0,1,1
43726,53,17070,52864,0,0,1,0,1,0,0,4,0,1,69934,0.32289794760238344,43673,0,1,0,0,1,0
53,1433,8344,11860,0,0,0,0,0,1,0,4,0,1,20204,0.7034819998313802,1380,1,0,0,0,1,1
55322,80,1439,1104,1,0,1,0,1,0,0,4,0,1,2543,1.302262443438914,55242,0,1,1,0,1,0
64709,25,5627,16937,0,0,1,0,1,0,1,4,0,1,22564,0.3322115952296611,64684,0,1,1,0,1,0
24798,1433,5968,844,0,0,1,0,1,0,1,4,0,1,6812,7.0627218934911244,23365,0,0,0,0,1,0
61176,3306,3101,2602,0,0,1,0,1,0,1,4,0,1,5703,1.1913177103342298,57870,0,0,1,0,1,0
41481,22,13010,3044,0,0,1,0,0,1,1,4,0,1,16054,4.272577996715928,41459,0,1,0,0,1,0
65289,3389,3513,13600,0,0,0,0,1,0,1,4,0,1,17113,0.2582898316300272,61900,0,0,1,0,1,0
36444,80,16949,6777,0,0,1,0,1,0,1,4,0,1,23726,2.5005901445854235,36364,0,1,0,0,1,0
32439,443,32359,78293,0,0,0,0,1,0,1,4,0,1,110652,0.4133011469588985,31996,0,1,0,0,1,0
9032,22,5873,22120,0,0,1,0,1,0,1,4,0,1,27993,0.2654943266579269,9010,0,1,0,0,1,0
60580,445,43505,9835,0,0,0,0,1,0,1,4,0,1,53340,4.423037820252135,60135,0,1,1,0,1,0
35497,3389,2494,534,0,0,0,0,1,0,1,4,0,1,3028,4.661682242990654,32108,0,0,0,0,1,0
27171,3306,3716,11426,0,0,1,0,0,1,2,4,0,1,15142,0.32519471427321256,23865,0,0,0,0,1,0
40767,443,18376,61512,0,0,1,0,1,0,2,4,0,1,79888,0.2987336010274251,40324,0,1,0,0,1,0
59057,443,66122,26187,0,0,1,0,1,0,3,4,0,1,92309,2.5248968993432106,58614,0,1,1,0,1,0
1433,80,88242,280470,1,0,0,0,1,0,3,4,0,1,368712,0.3146207629309269,1353,0,1,0,0,1,1
11467,1433,290635,1115130,0,0,1,0,1,0,4,4,0,1,1405765,0.26062857188976,10034,0,0,0,0,1,0
42103,53,12057,8431,0,0,1,0,0,1,4,4,0,1,20488,1.4299098671726755,42050,0,1,0,0,1,0
11314,25,17961,40677,1,0,0,0,1,0,5,4,0,1,58638,0.44154088204926495,11289,0,1,0,0,1,0
42234,36771,4220,13334,0,0,0,0,1,0,5,4,0,1,17554,0.3164604424446944,5463,0,0,0,0,0,0
6455,25,2963,2477,0,0,1,0,1,0,5,4,0,1,5440,1.1957223567393058,6430,0,1,0,0,1,0
61360,53,31752,58460,0,0,1,0,1,0,5,4,0,1,90212,0.5431313183147739,61307,0,1,1,0,1,0
55866,443,6365,3404,0,0,0,0,1,0,5,4,0,1,9769,1.8693098384728342,55423,0,1,1,0,1,0
11658,1433,158230,308267,1,0,1,0,0,1,6,4,0,0,466497,0.5132871397615062,10225,0,0,0,0,1,0
16037,16404,2122,2521,1,0,1,0,1,0,6,4,0,0,4643,0.8413957176843775,367,0,0,0,0,0,0
1581,445,47962,5067,0,0,1,0,1,0,6,4,0,0,53029,9.463693764798737,1136,0,1,0,0,1,0
34094,1433,4406,10877,0,0,1,0,1,0,6,4,0,0,15283,0.4050376907519765,32661,0,0,0,0,1,0
29662,443,5927,16447,0,0,1,0,1,0,6,4,0,0,22374,0.3603477626459144,29219,0,1,0,0,1,0
42516,22,52186,169576,0,0,1,0,1,0,7,4,0,0,221762,0.307742205605713,42494,0,1,0,0,1,0
47422,1433,7469,18596,0,0,1,0,0,1,7,4,0,0,26065,0.40162391783621015,45989,0,0,0,0,1,0
30002,21,9650,12525,0,0,1,0,1,0,8,4,0,0,22175,0.77039757304806,29981,0,1,0,0,1,0
1433,1433,6006,11630,0,0,0,0,1,0,8,4,0,0,17636,0.5163786432808873,0,0,0,0,0,1,1
25,705,305,76,0,1,1,0,1,0,8,4,0,0,381,3.961038961038961,680,1,1,0,0,0,1
33497,53,8201,5721,0,0,1,0,0,1,8,4,0,0,13922,1.4332401258301293,33444,0,1,0,0,1,0
80,80,23920,60343,0,1,1,0,1,0,9,4,0,0,84263,0.3963940076892483,0,1,1,0,0,1,1
43949,443,15945,31587,0,0,0,0,0,1,9,4,0,0,47532,0.5047802963150564,43506,0,1,0,0,1,0
58602,445,31390,30480,1,0,0,0,1,0,9,4,0,0,61870,1.0298218562383123,58157,0,1,1,0,1,0
53,25458,8237,13955,0,0,1,0,0,1,9,4,0,0,22192,0.5902120951562052,25405,1,0,0,0,0,1
80,25,15973,10109,1,0,1,0,1,0,9,4,0,0,26082,1.5799208704253214,55,1,1,0,0,1,1
6510,22,41370,168843,0,0,1,0,1,0,9,4,0,0,210213,0.24501907085830707,6488,0,1,0,0,1,0
43757,21,5536,11416,0,0,0,0,1,0,9,4,0,0,16952,0.4848909520889901,43736,0,1,0,0,1,0
80,3306,125858,406956,0,0,1,0,1,0,10,4,0,0,532814,0.3092660895377153,3226,1,0,0,0,1,1
443,25,146791,339856,0,0,1,0,1,0,10,4,0,0,486647,0.4319198957208473,418,1,1,0,0,1,1
53,15339,58127,147132,0,0,1,0,1,0,10,4,0,0,205259,0.3950643295521739,15286,1,0,0,0,0,1
1511,39738,24632,80463,0,0,1,0,1,0,10,4,0,0,105095,0.30612447802744086,38227,0,0,0,0,0,0
22391,3306,184,750,0,0,1,0,1,0,11,4,0,0,934,0.24500665778961384,19085,0,0,0,0,1,0
21007,80,43428,93905,0,0,1,0,0,1,11,4,0,0,137333,0.4624624624624625,20927,0,1,0,0,1,0
3411,21,11776,6517,0,0,1,0,1,0,11,4,0,0,18293,1.8066891684565818,3390,0,1,0,0,1,0
34443,22,14853,9309,0,0,1,0,0,1,11,4,0,0,24162,1.5953813104189043,34421,0,1,0,0,1,0
20130,1433,1058,828,0,0,0,0,1,0,11,4,0,0,1886,1.276236429433052,18697,0,0,0,0,1,0
9779,3389,48520,115512,0,0,1,0,1,0,11,4,0,0,164032,0.4200393029356003,6390,0,0,0,0,1,0
11356,3389,2169,7076,0,0,1,0,1,0,12,4,0,0,9245,0.3064857990674014,7967,0,0,0,0,1,0
21473,3389,26621,83524,0,0,0,0,1,0,12,4,0,0,110145,0.31871894642322657,18084,0,0,0,0,1,0
64162,3306,93662,88608,0,0,1,0,0,1,12,4,0,0,182270,1.0570258100192982,60856,0,0,1,0,1,0
2714,21,10394,37228,1,0,0,0,1,0,12,4,0,0,47622,0.2791909532891026,2693,0,1,0,0,1,0
11510,445,154150,411798,0,0,1,0,0,1,13,4,0,0,565948,0.3743331091139124,11065,0,1,0,0,1,0
1433,3306,6666,24184,0,0,1,0,0,1,13,4,0,0,30850,0.27562538763696504,1873,0,0,0,0,1,1
33650,1433,57566,236477,0,0,1,0,1,0,13,4,0,0,294043,0.24343067854092135,32217,0,0,0,0,1,0
36010,22,2730,4207,0,0,1,0,0,1,13,4,0,0,6937,0.6487642585551331,35988,0,1,0,0,1,0
6971,80,114669,258014,0,0,0,0,1,0,14,4,0,0,372683,0.44442764955525843,6891,0,1,0,0,1,0
54058,21,89463,141409,1,0,1,0,0,1,14,4,0,0,230872,0.6326497418852981,54037,0,1,1,0,1,0
2816,25,46600,71255,0,0,0,0,1,0,14,4,0,0,117855,0.6539800157179746,2791,0,1,0,0,1,0
27023,53,11739,27633,0,0,1,0,1,0,14,4,0,0,39372,0.4248027791850619,26970,0,1,0,0,1,0
4738,443,2337,666,0,0,0,0,0,1,15,4,0,0,3003,3.5037481259370313,4295,0,1,0,0,1,0
55122,443,11789,35031,0,0,1,0,1,0,15,4,0,0,46820,0.3365208951815483,54679,0,1,1,0,1,0
28422,445,130156,199624,0,0,1,0,1,0,15,4,0,0,329780,0.6520025046963056,27977,0,1,0,0,1,0
8372,22,27117,61300,0,0,1,0,1,0,16,4,0,0,88417,0.44235819970310436,8350,0,1,0,0,1,0
445,443,1835,2267,0,0,0,0,1,0,16,4,0,0,4102,0.8090828924162258,2,1,1,0,0,1,1
62171,3389,3642,2164,0,0,1,0,1,0,16,4,0,0,5806,1.682217090069284,58782,0,0,1,0,1,0
23752,36832,163577,20115,0,0,1,0,0,1,16,4,0,0,183692,8.131686219924438,13080,0,0,0,0,0,0
17351,22,48081,21173,0,0,1,0,1,0,16,4,0,0,69254,2.270756588268631,17329,0,1,0,0,1,0
42187,47297,3058,2931,1,0,1,0,1,0,16,4,0,0,5989,1.0429740791268758,5110,0,0,0,0,0,0
59467,1433,1305,945,0,0,0,0,1,0,17,4,0,0,2250,1.379492600422833,58034,0,0,1,0,1,0
36025,80,8102,33680,0,0,1,0,1,0,17,4,0,0,41782,0.24055105252219353,35945,0,1,0,0,1,0
31155,469,6825,6977,1,1,0,0,1,0,17,4,0,0,13802,0.9780739466895959,30686,0,1,0,0,0,0
37151,443,17165,67060,1,0,1,0,0,1,17,4,0,0,84225,0.25596099073977424,36708,0,1,0,0,1,0
3306,21,1113034,4297246,0,0,1,0,0,1,17,4,0,0,5410280,0.25901094351802445,3285,0,1,0,0,1,1
3483,21,1711,5845,0,0,1,0,1,0,17,4,0,0,7556,0.2926787547040712,3462,0,1,0,0,1,0
53196,80,16356,46445,0,0,1,0,1,0,18,4,0,0,62801,0.3521508848985919,53116,0,1,1,0,1,0
44701,21,179706,85632,1,0,1,0,0,1,18,4,0,0,265338,2.098560134527577,44680,0,1,0,0,1,0
30280,1433,73023,33744,0,0,1,0,1,0,18,4,0,0,106767,2.1639650318565713,28847,0,0,0,0,1,0
16708,1433,17361,57838,0,0,1,0,1,0,18,4,0,0,75199,0.30016079116167294,15275,0,0,0,0,1,0
51439,21,17428,34231,0,0,1,0,1,0,18,4,0,0,51659,0.5091142790371582,51418,0,1,1,0,1,0
57834,445,3465,7766,0,0,1,0,0,1,19,4,0,0,11231,0.4461181923522596,57389,0,1,1,0,1,0
14381,3389,14353,25346,0,0,0,0,1,0,19,4,0,0,39699,0.5662603069396773,10992,0,0,0,0,1,0
46954,443,32516,106909,0,0,1,0,1,0,19,4,0,0,139425,0.30414367224768496,46511,0,1,0,0,1,0
23609,25,129079,366278,0,0,0,0,1,0,19,4,0,0,495357,0.35240622585515413,23584,0,1,0,0,1,0
3389,1433,8165,9110,0,0,0,0,1,0,19,4,0,0,17275,0.8961694654812864,1956,0,0,0,0,1,1
36586,21,16256,49756,1,0,1,0,1,0,19,4,0,0,66012,0.3267077999075507,36565,0,1,0,0,1,0
38103,3306,4823,16581,0,0,1,0,1,0,19,4,0,0,21404,0.2908575563864431,34797,0,0,0,0,1,0
52651,22,31587,15910,1,1,0,0,1,0,19,4,0,0,47497,1.9852303437873169,52629,0,1,1,0,1,0
8746,53,77191,107738,0,0,0,0,1,0,20,4,0,0,184929,0.7164629335709446,8693,0,1,0,0,1,0
21,25,60321,30791,0,0,0,0,1,0,20,4,0,0,91112,1.95898285268901,4,1,1,0,0,1,1
3140,3389,3387,7433,0,0,1,0,1,0,21,4,0,0,10820,0.4556093623890234,249,0,0,0,0,1,0
5933,80,27860,41946,0,0,0,0,0,1,21,4,0,0,69806,0.6641714544544306,5853,0,1,0,0,1,0
65294,21,7452,11174,0,0,1,1,0,0,21,4,0,0,18626,0.6668456375838926,65273,0,1,1,0,1,0
80,80,111043,214578,0,0,1,0,1,0,22,4,0,1,325621,0.517492392079374,0,1,1,0,0,1,1
54794,1433,17015,30585,0,0,1,0,1,0,22,4,0,1,47600,0.5563002680965148,53361,0,0,1,0,1,0
22,1433,1936,6178,0,0,0,0,0,1,22,4,0,1,8114,0.3133193073312834,1411,1,0,0,0,1,1
4389,3306,15495,44004,0,0,0,0,1,0,22,4,0,1,59499,0.35211907737757075,1083,0,0,0,0,1,0
28144,443,45869,105298,0,0,0,0,1,0,22,4,0,1,151167,0.43560717575665486,27701,0,1,0,0,1,0
7024,3306,32545,127329,0,0,1,0,1,0,22,4,0,1,159874,0.2555956962224142,3718,0,0,0,0,1,0
19000,1433,9712,13558,0,0,1,0,1,0,22,4,0,1,23270,0.716277011579025,17567,0,0,0,0,1,0
52119,3306,8634,18755,0,0,1,0,0,1,22,4,0,1,27389,0.4603326935380678,48813,0,0,1,0,1,0
11351,25,4536,5931,0,0,1,0,0,1,22,4,0,1,10467,0.7646662171274443,11326,0,1,0,0,1,0
26953,22,11712,21577,0,0,1,0,1,0,23,4,0,1,33289,0.5427750486606729,26931,0,1,0,0,1,0
5456,445,5602,18539,0,0,1,0,1,0,23,4,0,1,24141,0.30215749730312835,5011,0,1,0,0,1,0
37818,1433,103999,77887,0,0,1,0,1,0,23,4,0,1,181886,1.3352377773212818,36385,0,0,0,0,1,0
39405,22,5209,21153,1,0,0,0,1,0,23,4,0,1,26362,0.2462418455138508,39383,0,1,0,0,1,0
6868,80,26786,56428,0,0,1,0,1,0,23,4,0,1,83214,0.47468500239238687,6788,0,1,0,0,1,0
18898,22,24025,50283,0,0,1,0,1,0,23,4,0,1,74308,0.4777861745286771,18876,0,1,0,0,1,0
56965,3389,100014,398350,0,0,0,0,1,0,23,4,0,1,498364,0.2510700362243348,53576,0,0,1,0,1,0
19091,25,125868,392975,0,0,1,0,0,1,23,4,0,1,518843,0.32029436912177844,19066,0,1,0,0,1,0
41652,17820,67074,45290,1,0,1,0,1,0,23,4,0,1,112364,1.4809564814201497,23832,0,0,0,0,0,0
57782,53,38742,5993,1,0,0,0,1,0,0,5,1,1,44735,6.463463463463463,57729,0,1,1,0,1,0
28417,3389,4114,6759,0,0,0,0,1,0,0,5,1,1,10873,0.6085798816568048,25028,0,0,0,0,1,0
443,25,55208585,92716703,0,1,0,0,1,0,0,5,1,1,147925288,0.5954545687905386,418,1,1,0,0,1,1
443,22,5692,20558,0,0,0,0,1,0,0,5,1,1,26250,0.27686171506396223,421,1,1,0,0,1,1
53,53,73355,9512,0,0,0,0,1,0,0,5,1,1,82867,7.711027015662777,0,1,1,0,0,1,1
25,53,24768,69012,0,0,1,0,1,0,1,5,1,1,93780,0.3588889049889151,28,1,1,0,0,1,1
52090,21,88419,327463,0,0,0,0,0,1,1,5,1,1,415882,0.2700113600273618,52069,0,1,1,0,1,0
39445,3389,109588,111165,0,0,1,1,0,0,1,5,1,1,220753,0.9858050123239119,36056,0,0,0,0,1,0
39307,25,6894,13489,1,0,0,0,1,0,1,5,1,1,20383,0.5110452186805041,39282,0,1,0,0,1,0
37183,445,23186,53499,0,0,0,0,1,0,1,5,1,1,76685,0.4333831775700935,36738,0,1,0,0,1,0
53,443,21573,2993,0,0,1,0,1,0,1,5,1,1,24566,7.205410821643286,390,1,1,0,0,1,1
55797,3306,13036,29988,0,0,0,0,1,0,2,5,1,1,43024,0.4346927206642436,52491,0,0,1,0,1,0
24227,21,9360,15170,0,0,1,0,1,0,2,5,1,1,24530,0.6169665809768637,24206,0,1,0,0,1,0
21172,59421,146621,37183,0,0,1,0,0,1,2,5,1,1,183804,3.9431206970740105,38249,0,0,0,1,0,0
39680,3389,23936,12184,0,0,1,0,1,0,2,5,1,1,36120,1.9643824374230612,36291,0,0,0,0,1,0
18541,445,22494,42403,0,0,0,0,1,0,2,5,1,1,64897,0.5304688236958778,18096,0,1,0,0,1,0
49914,25,6097,8165,0,0,1,0,1,0,3,5,1,1,14262,0.7466323781533186,49889,0,1,1,0,1,0
52917,443,64882,185028,0,0,0,0,0,1,3,5,1,1,249910,0.35065854541720487,52474,0,1,1,0,1,0
44434,53,4410,1828,0,0,1,0,0,1,4,5,1,1,6238,2.4111536358665937,44381,0,1,0,0,1,0
24402,1433,45608,113185,0,0,1,0,1,0,4,5,1,1,158793,0.40294736098104006,22969,0,0,0,0,1,0
18788,3306,47646,134947,0,0,1,0,1,0,5,5,1,1,182593,0.35306933040875005,15482,0,0,0,0,1,0
28371,1433,11384,36112,0,0,0,0,1,0,5,5,1,1,47496,0.31523274167197407,26938,0,0,0,0,1,0
80,80,36616,110329,0,1,0,0,1,0,6,5,1,0,146945,0.33187709598477294,0,1,1,0,0,1,1
32709,80,29645,22766,0,0,1,0,1,0,6,5,1,0,52411,1.3021039223437432,32629,0,1,0,0,1,0
22,445,20682,54729,0,0,1,0,0,1,6,5,1,0,75411,0.3778914672026311,423,1,1,0,0,1,1
80,22,22487,26824,0,0,1,0,1,0,6,5,1,0,49311,0.8382851817334576,58,1,1,0,0,1,1
23918,443,24315,86416,0,0,0,1,0,0,6,5,1,0,110731,0.28136824930279924,23475,0,1,0,0,1,0
445,3389,27115,104894,1,0,1,0,1,0,7,5,1,0,132009,0.2584965918299252,2944,1,0,0,0,1,1
25831,25,24255,56663,0,0,0,0,0,1,7,5,1,0,80918,0.42804955527318933,25806,0,1,0,0,1,0
50796,3306,3766,12501,0,0,0,0,1,0,7,5,1,0,16267,0.3012318029115342,47490,0,0,1,0,1,0
17606,21,17265,69077,0,0,0,0,1,0,7,5,1,0,86342,0.24993485624945713,17585,0,1,0,0,1,0
59302,1433,33655,66090,0,0,1,0,1,0,7,5,1,0,99745,0.5092221331194867,57869,0,0,1,0,1,0
62391,1433,25736,92334,0,0,1,0,1,0,8,5,1,0,118070,0.2787242107543185,60958,0,0,1,0,1,0
1433,22,101316,66564,0,0,1,0,0,1,8,5,1,0,167880,1.5220611432434463,1411,0,1,0,0,1,1
41582,3306,59405,40003,0,0,1,0,1,0,8,5,1,0,99408,1.484976502349765,38276,0,0,0,0,1,0
20067,3306,5471,12706,0,0,1,0,1,0,8,5,1,0,18177,0.4305500905012985,16761,0,0,0,0,1,0
17504,443,16871,67772,0,0,1,0,1,0,8,5,1,0,84643,0.2489339412450386,17061,0,1,0,0,1,0
61740,80,13384,20036,0,0,1,0,1,0,8,5,1,0,33420,0.6679642661077008,61660,0,1,1,0,1,0
5102,22,21873,90191,0,1,1,0,1,0,8,5,1,0,112064,0.24251596593932942,5080,0,1,0,0,1,0
25442,1433,21921,76088,0,0,1,0,1,0,8,5,1,0,98009,0.28809683397074476,24009,0,0,0,0,1,0
23812,1433,58596,138826,0,0,1,0,1,0,9,5,1,0,197422,0.4220792785265114,22379,0,0,0,0,1,0
80,80,29252,11695,0,1,1,0,1,0,9,5,1,0,40947,2.5010259917920656,0,1,1,0,0,1,1
55587,445,157766,90232,0,0,1,0,0,1,9,5,1,0,247998,1.7484290669710638,55142,0,1,1,0,1,0
33241,1433,32390,90134,1,0,0,0,0,1,9,5,1,0,122524,0.35934986409274977,31808,0,0,0,0,1,0
59673,53,5831,15529,0,0,1,0,1,0,9,5,1,0,21360,0.3754668383773342,59620,0,1,1,0,1,0
3306,3389,10429,17453,0,0,1,0,1,0,9,5,1,0,27882,0.5975134639624154,83,0,0,0,0,1,1
9120,25,57876,131719,1,0,1,0,1,0,10,5,1,0,189595,0.43938657758882477,9095,0,1,0,0,1,0
2345,22,1664,4395,0,0,1,0,1,0,10,5,1,0,6059,0.37852593266606005,2323,0,1,0,0,1,0
22,22,2557,3916,0,0,1,0,1,0,10,5,1,0,6473,0.6527955067653817,0,1,1,0,0,1,1
445,445,22406,63249,0,0,0,0,1,0,11,5,1,0,85655,0.35424505928853756,0,1,1,0,0,1,1
46866,21,100858,303774,0,0,0,0,1,0,11,5,1,0,404632,0.332015471977615,46845,0,1,0,0,1,0
30159,1433,178306,628434,0,0,1,0,1,0,11,5,1,0,806740,0.28373021871792625,28726,0,0,0,0,1,0
3306,25,15562,53503,0,0,1,0,1,0,11,5,1,0,69065,0.29085675837320574,3281,0,1,0,0,1,1
52122,21,120249,421923,1,0,1,0,0,1,11,5,1,0,542172,0.28500156426275824,52101,0,1,1,0,1,0
9224,21,24726,21231,0,0,1,0,1,0,11,5,1,0,45957,1.1645629238884703,9203,0,1,0,0,1,0
3389,1433,1900,969,0,0,1,0,1,0,11,5,1,0,2869,1.958762886597938,1956,0,0,0,0,1,1
62488,3389,21743,86626,0,0,0,0,0,1,11,5,1,0,108369,0.2509956480081268,59099,0,0,1,0,1,0
24214,53,8182,18723,0,0,1,0,1,0,12,5,1,0,26905,0.4369792779320658,24161,0,1,0,0,1,0
443,443,95718,238388,0,1,1,0,1,0,12,5,1,0,334106,0.401520204371846,0,1,1,0,0,1,1
53,445,21139,7465,1,0,1,0,1,0,12,5,1,0,28604,2.831368872220734,392,1,1,0,0,1,1
22,21,2850,7817,0,0,0,0,1,0,12,5,1,0,10667,0.3645433614735226,1,1,1,0,0,1,1
34410,3306,1999,2952,0,0,1,0,1,0,13,5,1,0,4951,0.6769387064002709,31104,0,0,0,0,1,0
48621,53,21299,47879,1,0,0,0,1,0,13,5,1,0,69178,0.4448412698412698,48568,0,1,0,0,1,0
10322,53,458,1262,0,0,1,0,1,0,13,5,1,0,1720,0.36262866191607285,10269,0,1,0,0,1,0
11208,445,9613,22806,0,0,0,0,0,1,13,5,1,0,32419,0.4214934011487701,10763,0,1,0,0,1,0
21,22,31877,42581,0,0,0,0,1,0,14,5,1,0,74458,0.7486026959748251,1,1,1,0,0,1,1
51947,80,4059,15177,0,1,1,1,0,0,14,5,1,0,19236,0.26742653841085784,51867,0,1,1,0,1,0
25,53,108053,269214,0,0,1,0,1,0,14,5,1,0,377267,0.40136322270304403,28,1,1,0,0,1,1
21,25,148095,467345,0,0,1,0,0,1,14,5,1,0,615440,0.31688513435441834,4,1,1,0,0,1,1
43754,80,4329,3396,0,0,0,0,1,0,14,5,1,0,7725,1.2743597291727995,43674,0,1,0,0,1,0
36389,39494,13672,55878,0,0,1,0,1,0,14,5,1,0,69550,0.24467152239660694,3105,0,0,0,0,0,0
22440,1433,108175,216873,0,0,0,0,1,0,14,5,1,0,325048,0.4987919252653615,21007,0,0,0,0,1,0
37336,443,21980,70218,0,0,0,0,1,0,15,5,1,0,92198,0.3130206924051895,36893,0,1,0,0,1,0
43093,25,2365,1082,0,0,0,0,1,0,15,5,1,0,3447,2.183748845798707,43068,0,1,0,0,1,0
28527,25,17512,19383,0,0,0,0,1,0,15,5,1,0,36895,0.9034255055716055,28502,0,1,0,0,1,0
36086,25,5626,535,0,0,0,0,0,1,16,5,1,0,6161,10.496268656716419,36061,0,1,0,0,1,0
41832,22,129717,265135,0,0,1,0,0,1,16,5,1,0,394852,0.4892470279403778,41810,0,1,0,0,1,0
56857,21,58075,18878,0,0,1,0,1,0,17,5,1,0,76953,3.0761692886275758,56836,0,1,1,0,1,0
41769,445,13332,13453,0,0,1,0,1,0,17,5,1,0,26785,0.9909320648134384,41324,0,1,0,0,1,0
49791,22,27651,111122,0,0,1,0,1,0,17,5,1,0,138773,0.24883237493588187,49769,0,1,1,0,1,0
25,445,2716,7736,0,0,0,0,1,0,18,5,1,0,10452,0.35104045495670155,420,1,1,0,0,1,1
2249,80,6594,18426,0,0,1,0,0,1,18,5,1,0,25020,0.35784446735768166,2169,0,1,0,0,1,0
2368,25,264407,600074,0,0,1,0,1,0,18,5,1,0,864481,0.440623255426405,2343,0,1,0,0,1,0
19099,3389,23995,12208,0,0,0,0,0,1,19,5,1,0,36203,1.9653534277991644,15710,0,0,0,0,1,0
50237,1433,97551,392067,0,0,1,0,1,0,19,5,1,0,489618,0.24881143067018988,48804,0,0,1,0,1,0
20781,53,31927,42814,0,0,0,0,1,0,19,5,1,0,74741,0.7456966016582973,20728,0,1,0,0,1,0
10376,443,180385,295541,1,1,1,0,1,0,19,5,1,0,475926,0.610353181612089,9933,0,1,0,0,1,0
47415,80,899,1061,0,0,1,0,1,0,19,5,1,0,1960,0.8465160075329566,47335,0,1,0,0,1,0
15383,80,16298,28892,1,0,1,0,1,0,20,5,1,0,45190,0.5640812653583913,15303,0,1,0,0,1,0
60606,3306,306094,995739,0,0,1,0,0,1,20,5,1,0,1301833,0.3074035390764657,57300,0,0,1,0,1,0
21868,21,101709,344611,0,0,1,0,1,0,21,5,1,0,446320,0.2951406219168224,21847,0,1,0,0,1,0
55698,445,183614,470981,0,0,0,0,1,0,21,5,1,0,654595,0.3898535400503629,55253,0,1,1,0,1,0
4131,443,21789,84853,0,0,1,0,1,0,21,5,1,0,106642,0.25678223772597636,3688,0,1,0,0,1,0
1433,445,9326,37504,0,0,1,0,1,0,22,5,1,1,46830,0.24866017864284762,988,0,1,0,0,1,1
21,3389,4257,17138,0,0,1,0,1,0,22,5,1,1,21395,0.24838088569928235,3368,1,0,0,0,1,1
49563,25,3808,6121,1,0,1,0,1,0,22,5,1,1,9929,0.6220189480561907,49538,0,1,1,0,1,0
60961,445,80121,83855,0,0,0,0,1,0,22,5,1,1,163976,0.9554593589009731,60516,0,1,1,0,1,0
17944,21,50068,35705,0,0,1,0,0,1,22,5,1,1,85773,1.4022293172015907,17923,0,1,0,0,1,0
80,3306,19800,6934,0,0,0,0,1,0,23,5,1,1,26734,2.8550829127613553,3226,1,0,0,0,1,1
36864,53,49667,90828,0,0,1,0,0,1,23,5,1,1,140495,0.5468187473163857,36811,0,1,0,0,1,0
29154,443,27664,56128,0,0,1,0,1,0,23,5,1,1,83792,0.49286465107163857,28711,0,1,0,0,1,0
1068,25,102698,356884,0,0,1,0,0,1,23,5,1,1,459582,0.28776216428261203,1043,0,1,0,0,1,0
41402,1433,101143,226306,0,0,1,0,1,0,23,5,1,1,327449,0.4469282876800099,39969,0,0,0,0,1,0
62584,21,4002,6504,0,0,0,0,1,0,23,5,1,1,10506,0.6152190622598002,62563,0,1,1,0,1,0
31388,3389,34126,24327,1,0,1,1,0,0,23,5,1,1,58453,1.4027458073002301,27999,0,0,0,0,1,0
443,22,1525,5221,0,0,1,0,1,0,0,6,1,1,6746,0.2920337035618537,421,1,1,0,0,1,1
23642,7205,27250,77800,0,0,0,0,1,0,0,6,1,1,105050,0.35025256744771915,16437,0,0,0,0,0,0
60459,80,57923,66436,0,0,1,0,1,0,0,6,1,1,124359,0.8718485181450095,60379,0,1,1,0,1,0
27442,443,2692,1698,0,0,0,0,0,1,0,6,1,1,4390,1.5844614479105357,26999,0,1,0,0,1,0
16937,443,11312,33943,0,0,1,0,0,1,0,6,1,1,45255,0.33325477256658026,16494,0,1,0,0,1,0
80,3306,22364,44406,0,0,0,0,1,0,1,6,1,1,66770,0.5036142950435742,3226,1,0,0,0,1,1
53051,445,32024,15773,1,0,0,0,1,0,1,6,1,1,47797,2.03017623938126,52606,0,1,1,0,1,0
60303,1433,14104,43451,0,0,1,1,0,0,1,6,1,1,57555,0.3245880511829145,58870,0,0,1,0,1,0
80,22,3375,9295,0,0,1,0,1,0,1,6,1,1,12670,0.3630593803786575,58,1,1,0,0,1,1
443,443,20203,59565,1,1,1,0,1,0,1,6,1,1,79768,0.33916999630661787,0,1,1,0,0,1,1
23088,3389,1566,3105,0,0,1,0,1,0,1,6,1,1,4671,0.5041854475209272,19699,0,0,0,0,1,0
20647,3306,15180,2030,0,0,1,0,1,0,1,6,1,1,17210,7.474150664697193,17341,0,0,0,0,1,0
20433,1433,10870,28830,1,0,1,0,1,0,1,6,1,1,39700,0.3770247303249974,19000,0,0,0,0,1,0
4568,80,17768,39777,0,0,1,0,1,0,1,6,1,1,57545,0.4466790688320177,4488,0,1,0,0,1,0
39435,22224,9000,26652,0,0,1,0,1,0,2,6,1,1,35652,0.337673057441939,17211,0,0,0,0,0,0
44508,3389,1973,6465,0,0,0,0,1,0,2,6,1,1,8438,0.30513454995360345,41119,0,0,0,0,1,0
16854,3306,12256,19607,1,0,1,0,1,0,2,6,1,1,31863,0.6250509995920033,13548,0,0,0,0,1,0
22,21,97666,379818,0,0,0,0,1,0,2,6,1,1,477484,0.25713826849104443,1,1,1,0,0,1,1
29404,53,165766,610795,0,0,1,0,0,1,2,6,1,1,776561,0.27139339484868924,29351,0,1,0,0,1,0
19210,443,1091359,3083285,0,0,1,0,1,0,2,6,1,1,4174644,0.35395970403005106,18767,0,1,0,0,1,0
6190,21,329931,845880,0,0,0,0,1,0,2,6,1,1,1175811,0.39004422607908207,6169,0,1,0,0,1,0
58670,21,3245,1313,1,0,1,0,0,1,2,6,1,1,4558,2.4695585996955858,58649,0,1,1,0,1,0
443,443,11458,16942,0,1,1,0,1,0,2,6,1,1,28400,0.6762674850970902,0,1,1,0,0,1,1
53,1433,21237,39353,1,0,0,0,1,0,3,6,1,1,60590,0.5396401890532093,1380,1,0,0,0,1,1
54713,21751,19208,45330,1,0,0,0,1,0,3,6,1,1,64538,0.4237276918664931,32962,0,0,1,0,0,0
22361,53,24618,89342,0,0,1,0,1,0,3,6,1,1,113960,0.27554481044961554,22308,0,1,0,0,1,0
21,53,1037315,2456329,0,0,1,0,0,1,3,6,1,1,3493644,0.4223027850492401,32,1,1,0,0,1,1
37508,22,3899,12072,0,0,1,0,0,1,4,6,1,1,15971,0.3229520417460449,37486,0,1,0,0,1,0
54499,22,7032,13929,0,0,1,0,1,0,4,6,1,1,20961,0.5048097631012204,54477,0,1,1,0,1,0
39991,25,305627,840821,0,0,1,0,1,0,4,6,1,1,1146448,0.3634859696820492,39966,0,1,0,0,1,0
1186,25,8220,24028,0,0,1,0,1,0,4,6,1,1,32248,0.3420866453035915,1161,0,1,0,0,1,0
59954,1433,41345,120481,0,1,1,0,1,0,4,6,1,1,161826,0.34316329410202356,58521,0,0,1,0,1,0
24801,445,115318,410954,0,0,1,0,1,0,4,6,1,1,526272,0.28060979912642503,24356,0,1,0,0,1,0
445,3389,47973,87527,0,0,1,0,1,0,4,6,1,1,135500,0.5480874691527283,2944,1,0,0,0,1,1
6315,3389,29936,81346,0,0,1,0,1,0,5,6,1,1,111282,0.3680037370769666,2926,0,0,0,0,1,0
7362,445,98891,191537,0,0,1,0,1,0,5,6,1,1,290428,0.5162996376698097,6917,0,1,0,0,1,0
5020,443,5276,6333,0,0,0,0,0,1,5,6,1,1,11609,0.8329649510577833,4577,0,1,0,0,1,0
445,445,9954,10215,0,0,1,0,1,0,5,6,1,1,20169,0.9743539545810493,0,1,1,0,0,1,1
22,53,51897,145620,1,0,0,0,1,0,6,6,1,0,197517,0.3563840380164949,31,1,1,0,0,1,1
49035,80,803,1275,0,0,1,0,1,0,6,6,1,0,2078,0.6293103448275862,48955,0,1,0,0,1,0
42199,22,212465,719318,0,0,1,0,1,0,6,6,1,0,931783,0.295369648236735,42177,0,1,0,0,1,0
35031,1433,35790,123293,0,0,1,0,1,0,6,6,1,0,159083,0.2902817655360358,33598,0,0,0,0,1,0
11872,25,28137,112988,0,0,0,0,1,0,6,6,1,0,141125,0.24902424129782544,11847,0,1,0,0,1,0
16388,445,1621,6432,0,0,1,0,1,0,6,6,1,0,8053,0.2519819679776154,15943,0,1,0,0,1,0
8073,443,2811,6113,0,0,1,0,1,0,6,6,1,0,8924,0.45976447497546613,7630,0,1,0,0,1,0
31299,3306,11640,48694,0,0,1,0,0,1,7,6,1,0,60334,0.23903891569976385,27993,0,0,0,0,1,0
21282,25,80168,192169,0,0,1,0,1,0,8,6,1,0,272337,0.41717229536348027,21257,0,1,0,0,1,0
61719,53,794,2438,0,0,1,0,1,0,8,6,1,0,3232,0.3255432554325543,61666,0,1,1,0,1,0
35246,443,77760,291567,0,0,1,0,1,0,8,6,1,0,369327,0.2666959337101465,34803,0,1,0,0,1,0
53117,53,12381,48012,0,0,1,0,0,1,9,6,1,0,60393,0.2578676608418553,53064,0,1,1,0,1,0
53,1433,15406,59699,0,0,1,0,1,0,9,6,1,0,75105,0.2580569514237856,1380,1,0,0,0,1,1
50607,25,33049,43583,0,0,0,0,1,0,9,6,1,0,76632,0.7582828560939795,50582,0,1,1,0,1,0
80,25,33891,23433,0,0,1,0,0,1,9,6,1,0,57324,1.446231970640949,55,1,1,0,0,1,1
38635,1433,7045,20734,0,0,1,0,1,0,9,6,1,0,27779,0.3397636845912708,37202,0,0,0,0,1,0
30569,21,59865,98435,0,0,1,0,1,0,9,6,1,0,158300,0.6081616481774961,30548,0,1,0,0,1,0
44170,3389,538,1734,1,0,1,0,1,0,10,6,1,0,2272,0.3100864553314121,40781,0,0,0,0,1,0
48090,22,10714,20784,0,0,1,0,1,0,10,6,1,0,31498,0.5154678854943469,48068,0,1,0,0,1,0
20119,1433,28166,21032,0,0,0,0,1,0,10,6,1,0,49198,1.3391337422146152,18686,0,0,0,0,1,0
33456,445,12683,45261,0,0,0,0,1,0,10,6,1,0,57944,0.28021298219256774,33011,0,1,0,0,1,0
35676,21,1184,3738,0,1,0,0,0,1,10,6,1,0,4922,0.3166622091468307,35655,0,1,0,0,1,0
58293,1433,74075,144585,0,0,0,0,1,0,10,6,1,0,218660,0.5123248447290886,56860,0,0,1,0,1,0
6847,3389,2988,5821,0,0,1,0,1,0,10,6,1,0,8809,0.5132256956372381,3458,0,0,0,0,1,0
19578,53,19771,44933,0,0,1,0,1,0,11,6,1,0,64704,0.4400008901945075,19525,0,1,0,0,1,0
56593,21,28137,107032,0,0,0,0,0,1,11,6,1,0,135169,0.2628815412069175,56572,0,1,1,0,1,0
33569,482,4208,11329,0,1,1,0,1,0,11,6,1,0,15537,0.37140335392762575,33087,0,1,0,0,0,0
25236,25,142973,422492,0,0,1,0,1,0,11,6,1,0,565465,0.33840323981699105,25211,0,1,0,0,1,0
64991,21,20227,37200,0,0,1,0,1,0,11,6,1,0,57427,0.5437219429585226,64970,0,1,1,0,1,0
52845,22,43648,89624,0,0,1,0,1,0,11,6,1,0,133272,0.4870069735006973,52823,0,1,1,0,1,0
7372,25,20141,71502,1,0,0,0,1,0,12,6,1,0,91643,0.2816804889305344,7347,0,1,0,0,1,0
445,25,58731,178915,1,0,0,0,1,0,12,6,1,0,237646,0.3282601891390373,420,1,1,0,0,1,1
22,443,204759,401378,0,0,1,0,1,0,12,6,1,0,606137,0.5101387964990695,421,1,1,0,0,1,1
53988,445,27448,8400,0,0,1,0,0,1,12,6,1,0,35848,3.267230091655755,53543,0,1,1,0,1,0
34037,21,76953,76930,0,0,1,0,1,0,13,6,1,0,153883,1.0002859705450338,34016,0,1,0,0,1,0
53367,21,226053,476495,0,1,0,0,1,0,14,6,1,0,702548,0.4744069205197945,53346,0,1,1,0,1,0
11166,3389,193202,747461,1,0,1,0,0,1,14,6,1,0,940663,0.2584773540327134,7777,0,0,0,0,1,0
42030,25,11890,21886,1,0,1,0,0,1,14,6,1,0,33776,0.5432448485402294,42005,0,1,0,0,1,0
22,443,115646,124299,0,0,1,0,1,0,14,6,1,0,239945,0.9303781174577634,421,1,1,0,0,1,1
21,445,32795,96697,0,0,1,0,0,1,14,6,1,0,129492,0.3391486897350514,424,1,1,0,0,1,1
11449,80,131606,184532,0,0,0,0,1,0,15,6,1,0,316138,0.7131840917342698,11369,0,1,0,0,1,0
80,80,54710,28835,0,0,1,0,1,0,15,6,1,0,83545,1.8972811763073936,0,1,1,0,0,1,1
3389,445,34237,111989,1,0,1,0,0,1,15,6,1,0,146226,0.30571479596392537,2944,0,1,0,0,1,1
41215,3306,44106,58723,0,0,1,0,1,0,15,6,1,0,102829,0.751072815203324,37909,0,0,0,0,1,0
60944,445,33136,6416,0,0,1,0,1,0,15,6,1,0,39552,5.163783699548075,60499,0,1,1,0,1,0
60473,22,35275,117138,0,0,1,0,1,0,16,6,1,0,152413,0.3011379642988245,60451,0,1,1,0,1,0
13851,445,17083,38023,0,0,1,0,1,0,16,6,1,0,55106,0.4492688828108563,13406,0,1,0,0,1,0
443,443,14724,10484,0,0,0,0,1,0,16,6,1,0,25208,1.4042918454935622,0,1,1,0,0,1,1
49662,443,369933,1271997,1,0,1,0,1,0,17,6,1,0,1641930,0.2908282874658608,49219,0,1,1,0,1,0
36266,3306,47289,99998,1,0,1,0,0,1,17,6,1,0,147287,0.47289472894728946,32960,0,0,0,0,1,0
48958,3306,8801,21780,0,0,1,0,1,0,17,6,1,0,30581,0.40406776548367845,45652,0,0,0,0,1,0
56926,1433,14131,7891,0,0,0,0,1,0,17,6,1,0,22022,1.790547389761784,55493,0,0,1,0,1,0
3363,443,119373,118956,0,0,1,0,0,1,17,6,1,0,238329,1.0034970619635666,2920,0,1,0,0,1,0
5803,50694,6782,18909,0,0,1,0,1,0,18,6,1,0,25691,0.3586462189317821,44891,0,0,0,1,0,0
18913,3306,2056,7790,0,0,1,0,1,0,18,6,1,0,9846,0.26389423694005903,15607,0,0,0,0,1,0
15765,56750,2313,3977,0,0,0,0,1,0,18,6,1,0,6290,0.581447963800905,40985,0,0,0,1,0,0
23249,25,1385,5200,0,0,1,0,1,0,18,6,1,0,6585,0.2662949432801384,23224,0,1,0,0,1,0
6777,22,2756,2839,1,0,1,0,1,0,18,6,1,0,5595,0.9704225352112676,6755,0,1,0,0,1,0
44708,445,3329,5789,0,0,1,0,1,0,19,6,1,0,9118,0.5749568221070812,44263,0,1,0,0,1,0
443,443,202072,550743,1,1,1,0,1,0,19,6,1,0,752815,0.36690731083770317,0,1,1,0,0,1,1
32807,21,20457,7440,0,0,1,0,1,0,19,6,1,0,27897,2.74922725440129,32786,0,1,0,0,1,0
9744,53,12317,27123,0,0,1,0,1,0,20,6,1,0,39440,0.45409969031116354,9691,0,1,0,0,1,0
80,21,2187,8060,1,0,1,0,0,1,20,6,1,0,10247,0.2713062895422404,59,1,1,0,0,1,1
3389,3306,17518,15633,0,0,1,0,1,0,20,6,1,0,33151,1.1205065882051939,83,0,0,0,0,1,1
25,53,1366,5112,0,0,0,0,1,0,20,6,1,0,6478,0.2671621357324467,28,1,1,0,0,1,1
17994,3306,12196,9378,0,0,1,0,1,0,20,6,1,0,21574,1.3003518498773856,14688,0,0,0,0,1,0
445,25,599104,189139,0,0,1,0,0,1,21,6,1,0,788243,3.167516125621233,420,1,1,0,0,1,1
25881,443,63709,138380,1,0,1,0,1,0,21,6,1,0,202089,0.4603883481113737,25438,0,1,0,0,1,0
31278,445,15745,55603,0,0,0,0,0,1,21,6,1,0,71348,0.2831630817926768,30833,0,1,0,0,1,0
54473,3306,67305,209606,0,0,1,0,1,0,22,6,1,1,276911,0.3211009174311927,51167,0,0,1,0,1,0
25,21,9561,20383,1,0,1,0,0,1,22,6,1,1,29944,0.46904434850863425,4,1,1,0,0,1,1
48413,25,6117,19723,0,0,1,0,1,0,23,6,1,1,25840,0.3101297911174204,48388,0,1,0,0,1,0
51881,1433,336585,755681,1,0,1,0,1,0,23,6,1,1,1092266,0.4454056071204554,50448,0,0,1,0,1,0
55187,25,3541,14146,1,0,1,0,1,0,23,6,1,1,17687,0.25030041704955114,55162,0,1,1,0,1,0
16467,22,12499,5340,0,0,1,0,1,0,23,6,1,1,17839,2.3401984647069836,16445,0,1,0,0,1,0
50194,445,35941,22934,1,0,0,0,1,0,23,6,1,1,58875,1.5670808807499454,49749,0,1,1,0,1,0
28690,22,4924,3586,0,0,0,0,1,0,0,0,0,1,8510,1.3727348759408977,28668,0,1,0,0,1,0
7965,1433,62377,25660,0,0,1,0,1,0,1,0,0,1,88037,2.430809399477807,6532,0,0,0,0,1,0
10483,3389,13486,49489,0,0,1,0,1,0,1,0,0,1,62975,0.2724994948474439,7094,0,0,0,0,1,0
53280,3389,63720,36500,0,0,1,0,1,0,1,0,0,1,100220,1.7457055971069286,49891,0,0,1,0,1,0
63777,445,56250,29722,0,0,1,0,1,0,2,0,0,1,85972,1.8924738418060087,63332,0,1,1,0,1,0
44262,443,14930,15980,1,0,1,0,1,0,2,0,0,1,30910,0.9342344033539829,43819,0,1,0,0,1,0
56630,3389,340120,718644,0,0,1,0,1,0,2,0,0,1,1058764,0.4732795747552686,53241,0,0,1,0,1,0
20103,22,7596,28320,0,0,1,0,1,0,2,0,0,1,35916,0.26821086826030155,20081,0,1,0,0,1,0
10272,443,190649,452902,1,0,1,0,1,0,3,0,0,1,643551,0.4209488565984328,9829,0,1,0,0,1,0
23131,21,144335,510613,0,0,0,0,1,0,3,0,0,1,654948,0.28266949202332875,23110,0,1,0,0,1,0
11759,3306,374524,882265,1,0,1,0,1,0,3,0,0,1,1256789,0.42450236096596716,8453,0,0,0,0,1,0
3090,1433,29099,90716,0,0,1,0,1,0,4,0,0,1,119815,0.3207667802065765,1657,0,0,0,0,1,0
30861,22,6237,14115,0,0,0,0,1,0,4,0,0,1,20352,0.44183904788892037,30839,0,1,0,0,1,0
19587,3306,611013,714438,0,0,1,0,1,0,5,0,0,1,1325451,0.8552346666405389,16281,0,0,0,0,1,0
40754,53,12893,52863,0,0,1,0,0,1,5,0,0,1,65756,0.2438899818401937,40701,0,1,0,0,1,0
23498,25,5992,23307,0,0,1,0,1,0,5,0,0,1,29299,0.25707911446713577,23473,0,1,0,0,1,0
52317,21,16258,7840,0,0,1,0,1,0,6,0,0,0,24098,2.0734600178548654,52296,0,1,1,0,1,0
49922,21,4579,17231,0,0,1,0,1,0,6,0,0,0,21810,0.2657265552460539,49901,0,1,1,0,1,0
4210,51928,51115,6642,1,0,1,0,1,0,6,0,0,0,57757,7.694565708264339,47718,0,0,0,1,0,0
59110,443,8357,14549,0,0,0,0,1,0,6,0,0,0,22906,0.5743642611683849,58667,0,1,1,0,1,0
55823,443,13905,46806,0,0,1,0,1,0,6,0,0,0,60711,0.29707095092614355,55380,0,1,1,0,1,0
23096,22,103615,263258,0,0,0,0,0,1,6,0,0,0,366873,0.3935857843416559,23074,0,1,0,0,1,0
37754,1433,59749,67589,0,0,1,0,0,1,6,0,0,0,127338,0.8839917147507028,36321,0,0,0,0,1,0
29727,53,22582,68862,0,0,1,0,1,0,6,0,0,0,91444,0.3279264626867839,29674,0,1,0,0,1,0
3389,25,28952,47615,0,0,0,0,1,0,7,0,0,0,76567,0.6080309139784946,3364,0,1,0,0,1,1
35212,445,22462,49767,0,0,1,0,1,0,7,0,0,0,72229,0.4513341906445909,34767,0,1,0,0,1,0
64987,21,11049,36270,1,0,1,0,1,0,7,0,0,0,47319,0.30462352843869756,64966,0,1,1,0,1,0
20176,80,21937,88157,1,0,0,0,0,1,7,0,0,0,110094,0.24883731482111662,20096,0,1,0,0,1,0
40412,80,48307,200857,0,0,1,0,1,0,8,0,0,0,249164,0.24050324109569945,40332,0,1,0,0,1,0
12265,53,18000,27064,0,0,1,0,1,0,8,0,0,0,45064,0.6650655828560872,12212,0,1,0,0,1,0
29115,3306,43115,153305,0,0,0,0,1,0,8,0,0,0,196420,0.28123491578933635,25809,0,0,0,0,1,0
53,19950,5775,17313,0,0,0,0,1,0,8,0,0,0,23088,0.3335451080050826,19897,1,0,0,0,0,1
3328,22,8381,23272,0,0,1,0,0,1,8,0,0,0,31653,0.36011687363038714,3306,0,1,0,0,1,0
53,3389,6802,22440,0,0,1,0,1,0,9,0,0,0,29242,0.3031059221959806,3336,1,0,0,0,1,1
17376,3306,8917,33804,0,0,1,0,1,0,9,0,0,0,42721,0.26377754770004436,14070,0,0,0,0,1,0
8734,445,172730,590540,0,0,1,0,1,0,9,0,0,0,763270,0.29249450927200654,8289,0,1,0,0,1,0
48429,3389,70379,95595,0,0,1,0,0,1,9,0,0,0,165974,0.7362128122515587,45040,0,0,0,0,1,0
30037,25,3932,11358,0,0,1,0,1,0,10,0,0,0,15290,0.3461572321507175,30012,0,1,0,0,1,0
53,21,44355,7077,0,0,0,0,0,1,10,0,0,0,51432,6.266600734670811,32,1,1,0,0,1,1
80,21,11790,29108,0,0,1,0,1,0,10,0,0,0,40898,0.4050293723590642,59,1,1,0,0,1,1
42545,3306,7392,17825,0,0,1,0,0,1,11,0,0,0,25217,0.41467519353752946,39239,0,0,0,0,1,0
5803,25,2044,4112,0,0,1,0,1,0,11,0,0,0,6156,0.49696085582300026,5778,0,1,0,0,1,0
53034,21,104304,162529,0,0,0,0,1,0,11,0,0,0,266833,0.6417522918845752,53013,0,1,1,0,1,0
445,3389,2484,1439,0,0,1,0,1,0,11,0,0,0,3923,1.725,2944,1,0,0,0,1,1
25,51664,20269,81240,0,0,0,0,1,0,12,0,0,0,101509,0.24949225144939133,51639,1,0,0,1,0,1
23570,590,124,337,0,1,0,0,1,0,12,0,0,0,461,0.3668639053254438,22980,0,1,0,0,0,0
10601,25,76217,196238,1,0,1,0,0,1,12,0,0,0,272455,0.3883886485357141,10576,0,1,0,0,1,0
443,80,12900,50590,1,0,0,0,1,0,12,0,0,0,63490,0.2549860647150679,363,1,1,0,0,1,1
33730,21,17762,49818,0,0,1,0,1,0,13,0,0,0,67580,0.35653064092013087,33709,0,1,0,0,1,0
32551,445,18747,41346,0,0,0,0,1,0,13,0,0,0,60093,0.4534065349360292,32106,0,1,0,0,1,0
1459,1433,35743,138747,0,0,1,0,1,0,14,0,0,0,174490,0.25761092051777323,26,0,0,0,0,1,0
29479,80,22489,33150,0,0,0,0,0,1,14,0,0,0,55639,0.6783807426623631,29399,0,1,0,0,1,0
63022,22,20553,40844,0,0,1,0,1,0,14,0,0,0,61397,0.5031950055086302,63000,0,1,1,0,1,0
51323,22,9609,17083,0,0,1,0,0,1,14,0,0,0,26692,0.5624560992741746,51301,0,1,1,0,1,0
58905,3389,1773,3371,0,0,0,0,0,1,15,0,0,0,5144,0.5258007117437722,55516,0,0,1,0,1,0
21380,21,3678,3909,0,0,0,0,1,0,15,0,0,0,7587,0.9406649616368287,21359,0,1,0,0,1,0
10917,445,69533,53002,0,0,1,0,1,0,15,0,0,0,122535,1.3118691394826707,10472,0,1,0,0,1,0
50280,53,13503,48145,1,0,0,0,0,1,15,0,0,0,61648,0.280459435882524,50227,0,1,1,0,1,0
24983,443,7612,14822,0,0,1,0,1,0,15,0,0,0,22434,0.5135262767321055,24540,0,1,0,0,1,0
8432,443,2323,3927,0,0,1,0,1,0,16,0,0,0,6250,0.5913951120162932,7989,0,1,0,0,1,0
36652,443,1406,2141,0,0,1,0,1,0,16,0,0,0,3547,0.6563958916900093,36209,0,1,0,0,1,0
59777,3306,7150,8008,0,0,1,0,1,0,16,0,0,0,15158,0.8927456611312273,56471,0,0,1,0,1,0
25317,443,91206,336263,0,0,1,0,0,1,16,0,0,0,427469,0.27123331667975165,24874,0,1,0,0,1,0
64362,1433,9033,28016,0,0,1,0,1,0,16,0,0,0,37049,0.32241139308277117,62929,0,0,1,0,1,0
24878,3389,41805,140584,0,0,1,0,1,0,16,0,0,0,182389,0.2973645837038091,21489,0,0,0,0,1,0
445,53,8392,18740,0,0,0,0,0,1,16,0,0,0,27132,0.44778827170375113,392,1,1,0,0,1,1
443,443,61217,242416,0,0,0,0,1,0,16,0,0,0,303633,0.2525276692641193,0,1,1,0,0,1,1
37830,443,12546,14958,0,0,1,0,1,0,17,0,0,0,27504,0.8386924259643024,37387,0,1,0,0,1,0
14911,3407,3068,9913,0,0,0,0,1,0,17,0,0,0,12981,0.30946136776275973,11504,0,0,0,0,0,0
62946,1433,14323,52081,0,0,0,0,1,0,17,0,0,0,66404,0.27500864022118965,61513,0,0,1,0,1,0
443,443,414322,658699,0,0,0,0,1,0,17,0,0,0,1073021,0.6289995445574617,0,1,1,0,0,1,1
21830,63217,386085,268806,0,0,1,0,1,0,17,0,0,0,654891,1.4362907215957919,41387,0,0,0,1,0,0
42610,21,47975,53615,0,0,1,0,1,0,18,0,0,0,101590,0.8947888689943301,42589,0,1,0,0,1,0
33205,1433,17689,72781,1,0,1,0,1,0,18,0,0,0,90470,0.24304086175153197,31772,0,0,0,0,1,0
18543,53,35819,18302,0,0,0,0,1,0,18,0,0,0,54121,1.9570015844397093,18490,0,1,0,0,1,0
3772,53,36569,77666,0,0,1,1,0,0,19,0,0,0,114235,0.47084347277479494,3719,0,1,0,0,1,0
62068,3306,20664,48759,0,0,1,0,1,0,19,0,0,0,69423,0.4237899917965546,58762,0,0,1,0,1,0
15635,80,44600,30128,0,0,1,0,0,1,19,0,0,0,74728,1.4803013707723456,15555,0,1,0,0,1,0
59276,1433,30735,73710,0,0,1,0,0,1,19,0,0,0,104445,0.4169662601239978,57843,0,0,1,0,1,0
42217,22,13285,2971,0,0,1,0,1,0,19,0,0,0,16256,4.470053835800807,42195,0,1,0,0,1,0
9238,3306,3253,3126,0,0,1,0,0,1,19,0,0,0,6379,1.040294211704509,5932,0,0,0,0,1,0
21797,445,10550,21703,0,0,0,0,1,0,19,0,0,0,32253,0.48608551419093254,21352,0,1,0,0,1,0
25,80,79160,253999,0,0,0,0,0,1,19,0,0,0,333159,0.3116535433070866,55,1,1,0,0,1,1
8868,1433,20945,41489,0,0,1,0,1,0,20,0,0,0,62434,0.5048204386599181,7435,0,0,0,0,1,0
39221,3306,35612,93120,0,0,1,0,1,0,20,0,0,0,128732,0.38242716465673693,35915,0,0,0,0,1,0
50003,53,14005,27943,0,0,1,0,1,0,20,0,0,0,41948,0.5011809332951618,49950,0,1,1,0,1,0
22696,80,4042,1317,0,0,1,0,1,0,20,0,0,0,5359,3.0667678300455234,22616,0,1,0,0,1,0
4543,1433,15035,31104,0,0,0,0,1,0,20,0,0,0,46139,0.48336280340781224,3110,0,0,0,0,1,0
18321,3389,4290,2879,0,0,0,0,1,0,20,0,0,0,7169,1.4895833333333333,14932,0,0,0,0,1,0
46101,53,3873,5782,0,0,1,0,1,0,20,0,0,0,9655,0.669721597786616,46048,0,1,0,0,1,0
2489,53,151602,603076,0,0,1,0,1,0,20,0,0,0,754678,0.2513808352830567,2436,0,1,0,0,1,0
53104,24116,11247,36134,0,0,0,0,1,0,21,0,0,0,47381,0.3112494811124948,28988,0,0,1,0,0,0
49768,3389,6725,16759,0,0,0,0,1,0,21,0,0,0,23484,0.4012529832935561,46379,0,0,1,0,1,0
59489,3389,293236,688306,0,0,1,0,1,0,21,0,0,0,981542,0.4260250150005739,56100,0,0,1,0,1,0
52908,3389,81143,72321,0,0,1,0,1,0,21,0,0,0,153464,1.1219684190149608,49519,0,0,1,0,1,0
43430,1433,12156,8016,1,1,1,0,0,1,21,0,0,0,20172,1.5162779094424348,41997,0,0,0,0,1,0
63914,3306,43661,39817,0,0,1,1,0,0,22,0,0,1,83478,1.0965141393339695,60608,0,0,1,0,1,0
39144,22,15104,61300,0,0,1,0,1,0,22,0,0,1,76404,0.24639076034648702,39122,0,1,0,0,1,0
80,3306,7271,25314,0,0,0,0,1,0,22,0,0,1,32585,0.2872210152083745,3226,1,0,0,0,1,1
1433,53,47075,74142,1,0,0,0,1,0,22,0,0,1,121217,0.6349217053531688,1380,0,1,0,0,1,1
21,21,13109,43570,0,0,1,0,1,0,23,0,0,1,56679,0.30086525441233847,0,1,1,0,0,1,1
47722,445,24854,7589,0,0,1,0,1,0,23,0,0,1,32443,3.2745718050065875,47277,0,1,0,0,1,0
53,21,112891,117323,0,0,0,0,0,1,23,0,0,1,230214,0.9622157444342163,32,1,1,0,0,1,1
27691,3389,94649,152072,0,0,1,0,1,0,23,0,0,1,246721,0.6223918775851072,24302,0,0,0,0,1,0
38665,22,9134,20317,0,0,1,0,1,0,23,0,0,1,29451,0.44955212127177874,38643,0,1,0,0,1,0
22,22,47937,16121,0,1,1,0,1,0,0,1,0,1,64058,2.973390398213621,0,1,1,0,0,1,1
33935,3306,3624,14325,0,0,1,0,1,0,0,1,0,1,17949,0.25296663409186093,30629,0,0,0,0,1,0
57910,21,45281,57954,0,0,1,0,1,0,0,1,0,1,103235,0.7813130877404884,57889,0,1,1,0,1,0
1672,3306,27933,67759,0,0,0,0,1,0,0,1,0,1,95692,0.4122343565525384,1634,0,0,0,0,1,0
45211,443,40391,43361,0,0,1,0,1,0,0,1,0,1,83752,0.9314837876481712,44768,0,1,0,0,1,0
34721,53,13685,46044,1,0,1,0,0,1,0,1,0,1,59729,0.29720925181887287,34668,0,1,0,0,1,0
22655,21,618167,1854363,0,0,1,0,1,0,0,1,0,1,2472530,0.33335795992588296,22634,0,1,0,0,1,0
1433,443,5207,1633,0,0,1,0,0,1,0,1,0,1,6840,3.186658506731946,990,0,1,0,0,1,1
443,3306,104243,393494,0,0,1,0,1,0,1,1,0,1,497737,0.26491569143191146,2863,1,0,0,0,1,1
53,22,4227,1683,0,0,1,0,1,0,1,1,0,1,5910,2.5100950118764844,31,1,1,0,0,1,1
1433,22,49362,99350,0,0,1,0,1,0,1,1,0,1,148712,0.4968445209409065,1411,0,1,0,0,1,1
19187,443,55340,196521,0,0,0,0,1,0,1,1,0,1,251861,0.281596971331454,18744,0,1,0,0,1,0
35402,22,24051,25045,0,0,1,0,1,0,1,1,0,1,49096,0.9602730975005989,35380,0,1,0,0,1,0
8472,80,9971,16816,0,0,1,0,1,0,1,1,0,1,26787,0.5929119343521436,8392,0,1,0,0,1,0
27609,25,27606,79517,1,0,0,0,1,0,2,1,0,1,107123,0.34716667924243566,27584,0,1,0,0,1,0
3389,13744,33766,14693,0,0,1,0,1,0,2,1,0,1,48459,2.2979447393493944,10355,0,0,0,0,0,1
57636,3306,386118,464241,1,0,1,0,1,0,2,1,0,1,850359,0.8317170785926306,54330,0,0,1,0,1,0
30221,77,30164,20272,0,1,1,0,1,0,2,1,0,1,50436,1.4878902974399448,30144,0,1,0,0,0,0
40607,3306,9050,23728,0,0,0,0,1,0,3,1,0,1,32778,0.38138986050823886,37301,0,0,0,0,1,0
32864,3389,449490,1087689,1,1,1,0,0,1,3,1,0,1,1537179,0.41325193759251255,29475,0,0,0,0,1,0
20033,3389,14622,32900,1,0,1,0,1,0,3,1,0,1,47522,0.44442418163581654,16644,0,0,0,0,1,0
5941,80,18768,51727,0,0,1,0,1,0,3,1,0,1,70495,0.3628209093721002,5861,0,1,0,0,1,0
64694,25,122096,169035,0,0,1,0,1,0,3,1,0,1,291131,0.7223076741049244,64669,0,1,1,0,1,0
5157,22,241,506,0,0,1,0,1,0,4,1,0,1,747,0.47534516765285995,5135,0,1,0,0,1,0
27073,25,8461,13601,0,0,0,0,1,0,4,1,0,1,22062,0.6220408763417145,27048,0,1,0,0,1,0
29417,3389,1355,913,1,0,1,0,0,1,4,1,0,1,2268,1.4824945295404814,26028,0,0,0,0,1,0
36139,3306,3250,6195,1,0,1,0,1,0,4,1,0,1,9445,0.5245319561007101,32833,0,0,0,0,1,0
35402,30626,1032402,2704185,0,0,1,0,0,1,4,1,0,1,3736587,0.381779211932907,4776,0,0,0,0,0,0
47764,3306,57358,76264,0,0,1,0,1,0,4,1,0,1,133622,0.752088113813676,44458,0,0,0,0,1,0
1294,443,100962,356829,1,0,1,0,1,0,5,1,0,1,457791,0.2829414567160833,851,0,1,0,0,1,0
26161,1433,19363,17432,0,0,0,0,1,0,5,1,0,1,36795,1.1107095737968222,24728,0,0,0,0,1,0
43913,443,74157,142574,0,0,1,0,1,0,5,1,0,1,216731,0.5201262493424513,43470,0,1,0,0,1,0
11224,21,1304,2272,0,0,1,0,1,0,5,1,0,1,3576,0.5736911570611527,11203,0,1,0,0,1,0
5892,53,115992,177853,0,0,1,0,1,0,5,1,0,1,293845,0.6521753798059082,5839,0,1,0,0,1,0
6149,3389,5932,7458,0,0,1,0,1,0,6,1,0,0,13390,0.795280868749162,2760,0,0,0,0,1,0
3306,21,9413,30913,0,0,1,1,0,0,6,1,0,0,40326,0.30448987513747816,3285,0,1,0,0,1,1
445,25,49426,38703,0,0,0,0,1,0,6,1,0,0,88129,1.2770256304257959,420,1,1,0,0,1,1
33140,59226,36545,57966,1,0,0,0,0,1,6,1,0,0,94511,0.6304449083099004,26086,0,0,0,1,0,0
35645,53,25219,66227,1,0,1,0,1,0,7,1,0,0,91446,0.38079060216222743,35592,0,1,0,0,1,0
15340,53,2487,689,0,0,0,0,1,0,7,1,0,0,3176,3.6043478260869564,15287,0,1,0,0,1,0
59382,3389,25840,64500,0,0,1,0,0,1,7,1,0,0,90340,0.40061394396986094,55993,0,0,1,0,1,0
1433,445,102426,392450,0,0,1,0,0,1,7,1,0,0,494876,0.260990544042441,988,0,1,0,0,1,1
44967,3306,9395,23497,0,0,0,0,0,1,7,1,0,0,32892,0.3998212613839476,41661,0,0,0,0,1,0
445,21,180574,303152,0,0,1,0,1,0,7,1,0,0,483726,0.5956530200921647,424,1,1,0,0,1,1
56670,25,5451,18645,1,0,1,0,1,0,7,1,0,0,24096,0.29234152096964494,56645,0,1,1,0,1,0
29469,80,22258,19993,0,0,1,0,1,0,7,1,0,0,42251,1.1132339701910574,29389,0,1,0,0,1,0
26885,22,256921,784574,0,0,1,0,1,0,7,1,0,0,1041495,0.32746518815919445,26863,0,1,0,0,1,0
57430,22,7403,30134,0,0,1,0,1,0,8,1,0,0,37537,0.24566119130579062,57408,0,1,1,0,1,0
45150,53,118940,102523,0,0,1,0,0,1,8,1,0,0,221463,1.1601186063750926,45097,0,1,0,0,1,0
9734,53,518888,1675592,0,0,1,0,0,1,8,1,0,0,2194480,0.3096742466696865,9681,0,1,0,0,1,0
58592,22,28959,92578,0,0,1,0,1,0,8,1,0,0,121537,0.3128031194979423,58570,0,1,1,0,1,0
37822,443,9478,35691,0,0,1,0,1,0,8,1,0,0,45169,0.26554970301468117,37379,0,1,0,0,1,0
14827,80,6397,10285,0,0,0,0,0,1,8,1,0,0,16682,0.6219132801866615,14747,0,1,0,0,1,0
49180,25,177613,492974,0,0,1,0,1,0,8,1,0,0,670587,0.36028804706121,49155,0,1,1,0,1,0
60974,53,169856,680737,0,0,0,0,1,0,9,1,0,0,850593,0.2495174354891309,60921,0,1,1,0,1,0
61012,1433,223886,375588,0,0,1,0,1,0,9,1,0,0,599474,0.5960930698183387,59579,0,0,1,0,1,0
20283,443,20899,59810,0,0,1,0,1,0,9,1,0,0,80709,0.3494173312601361,19840,0,1,0,0,1,0
25,80,115900,32074,1,0,1,1,0,0,9,1,0,0,147974,3.613406079501169,55,1,1,0,0,1,1
13246,22,20370,64827,0,1,0,0,1,0,9,1,0,0,85197,0.31421607947183317,13224,0,1,0,0,1,0
46449,80,5362,1834,0,0,1,0,1,0,10,1,0,0,7196,2.9220708446866483,46369,0,1,0,0,1,0
10919,53,133076,551973,0,0,1,0,1,0,10,1,0,0,685049,0.24109106588353799,10866,0,1,0,0,1,0
59359,1433,300797,247633,0,0,0,0,0,1,10,1,0,0,548430,1.2146837671725208,57926,0,0,1,0,1,0
14071,53,4302,7738,0,0,0,0,0,1,10,1,0,0,12040,0.5558857733557308,14018,0,1,0,0,1,0
18219,443,4175,13531,0,0,1,0,1,0,10,1,0,0,17706,0.30852793378657994,17776,0,1,0,0,1,0
56183,443,23481,65632,0,0,0,0,1,0,10,1,0,0,89113,0.35776210138192677,55740,0,1,1,0,1,0
54633,25,101702,330130,1,0,1,0,1,0,11,1,0,0,431832,0.30806558608552365,54608,0,1,1,0,1,0
16884,80,3589,6679,0,0,1,0,1,0,11,1,0,0,10268,0.5372754491017964,16804,0,1,0,0,1,0
56177,53,31673,38547,0,0,0,0,1,0,11,1,0,0,70220,0.8216509287122549,56124,0,1,1,0,1,0
27875,445,8563,12021,1,0,1,0,1,0,11,1,0,0,20584,0.7122774912660124,27430,0,1,0,0,1,0
53,53,67597,7403,0,1,0,0,1,0,11,1,0,0,75000,9.12979470556456,0,1,1,0,0,1,1
14436,3306,6144,1327,0,0,1,0,1,0,12,1,0,0,7471,4.626506024096385,11130,0,0,0,0,1,0
19184,445,75726,220154,0,0,1,0,1,0,12,1,0,0,295880,0.3439667506983716,18739,0,1,0,0,1,0
62158,22,17100,57203,0,0,1,0,0,1,12,1,0,0,74303,0.2989301447451227,62136,0,1,1,0,1,0
29108,3389,4917,8758,0,1,0,0,1,0,13,1,0,0,13675,0.5613654526772462,25719,0,0,0,0,1,0
26750,445,24389,64177,0,0,1,0,1,0,13,1,0,0,88566,0.3800211910623578,26305,0,1,0,0,1,0
9285,22,991,1712,0,0,0,1,0,0,13,1,0,0,2703,0.5785172212492703,9263,0,1,0,0,1,0
51998,443,9004,19737,0,0,1,0,1,0,13,1,0,0,28741,0.456175904346945,51555,0,1,1,0,1,0
1038,53,37791,41681,0,0,0,0,1,0,13,1,0,0,79472,0.9066503526702173,985,0,1,0,0,1,0
63543,22,1293,3385,0,0,1,0,1,0,13,1,0,0,4678,0.38186650915534553,63521,0,1,1,0,1,0
48973,443,360,882,0,0,1,0,1,0,14,1,0,0,1242,0.40770101925254815,48530,0,1,0,0,1,0
3389,22,521,283,0,0,1,0,1,0,14,1,0,0,804,1.8345070422535212,3367,0,1,0,0,1,1
3389,3306,184131,221281,0,1,1,0,1,0,14,1,0,0,405412,0.8321101580788315,83,0,0,0,0,1,1
33190,25,19480,44259,0,0,1,0,0,1,14,1,0,0,63739,0.4401265250790782,33165,0,1,0,0,1,0
54048,53,9396,26584,0,0,0,0,1,0,14,1,0,0,35980,0.35343238668422045,53995,0,1,1,0,1,0
8269,3306,99932,357943,1,0,1,0,1,0,14,1,0,0,457875,0.27918333594081757,4963,0,0,0,0,1,0
25405,3389,11531,3583,0,0,1,0,1,0,14,1,0,0,15114,3.2173549107142856,22016,0,0,0,0,1,0
5268,25,33844,117302,1,0,1,0,1,0,14,1,0,0,151146,0.2885177702190055,5243,0,1,0,0,1,0
11191,3389,22953,88796,0,0,1,0,1,0,15,1,0,0,111749,0.2584884624480557,7802,0,0,0,0,1,0
45112,3306,10367,16342,0,0,1,0,1,0,15,1,0,0,26709,0.6343388606742948,41806,0,0,0,0,1,0
1553,22,35264,127575,0,0,1,0,1,0,15,1,0,0,162839,0.2764156267636546,1531,0,1,0,0,1,0
13555,22,75903,87449,0,0,1,0,1,0,15,1,0,0,163352,0.867958833619211,13533,0,1,0,0,1,0
13338,1433,16385,10329,0,0,0,0,1,0,15,1,0,0,26714,1.5861568247821878,11905,0,0,0,0,1,0
13404,22,10541,7438,0,0,1,0,1,0,16,1,0,0,17979,1.4169915311197743,13382,0,1,0,0,1,0
9958,3306,12733,50184,0,0,1,0,0,1,17,1,0,0,62917,0.2537212314436585,6652,0,0,0,0,1,0
53640,443,557,1861,0,0,0,0,1,0,17,1,0,0,2418,0.299140708915145,53197,0,1,1,0,1,0
26079,443,34644,85264,0,0,1,0,1,0,17,1,0,0,119908,0.4063097402216619,25636,0,1,0,0,1,0
32143,3389,3182,7978,1,0,1,0,0,1,17,1,0,0,11160,0.3987968417094874,28754,0,0,0,0,1,0
36684,22,60327,27423,0,0,1,0,1,0,17,1,0,0,87750,2.1997885064177365,36662,0,1,0,0,1,0
7855,21,19059,6202,0,0,0,0,1,0,18,1,0,0,25261,3.0725455424794452,7834,0,1,0,0,1,0
3306,3389,26060,31228,0,0,1,0,1,0,18,1,0,0,57288,0.8344807710781645,83,0,0,0,0,1,1
3389,25,67543,24897,0,0,1,0,1,0,18,1,0,0,92440,2.712788175757089,3364,0,1,0,0,1,1
7468,445,5001,7306,0,0,0,0,1,0,19,1,0,0,12307,0.6844122074722868,7023,0,1,0,0,1,0
39602,3306,39767,113426,0,0,0,1,0,0,19,1,0,0,153193,0.35059553721777004,36296,0,0,0,0,1,0
3306,22,33799,110663,0,0,0,0,1,0,19,1,0,0,144462,0.3054200101207258,3284,0,1,0,0,1,1
41283,49808,16388,39357,0,0,1,0,0,1,19,1,0,0,55745,0.4163829462879211,8525,0,0,0,1,0,0
61311,445,4988,11900,1,0,1,0,1,0,19,1,0,0,16888,0.41912444332409043,60866,0,1,1,0,1,0
443,443,57089,42833,0,1,1,0,1,0,19,1,0,0,99922,1.33279637671009,0,1,1,0,0,1,1
29142,53,67882,17113,0,0,1,0,1,0,19,1,0,0,84995,3.9664602080168283,29089,0,1,0,0,1,0
3306,3389,26417,103709,0,0,1,0,0,1,20,1,0,0,130126,0.25471989200655676,83,0,0,0,0,1,1
9709,3306,3973,11239,0,0,1,0,0,1,20,1,0,0,15212,0.3534697508896797,6403,0,0,0,0,1,0
48637,43028,9471,6149,0,0,0,0,1,0,20,1,0,0,15620,1.54,5609,0,0,0,0,0,0
32886,53,19999,53261,0,0,0,0,1,0,20,1,0,0,73260,0.3754834591265818,32833,0,1,0,0,1,0
40620,22,66276,262969,0,0,1,0,1,0,21,1,0,0,329245,0.2520287485264479,40598,0,1,0,0,1,0
42854,22,1748,860,0,0,0,0,1,0,21,1,0,0,2608,2.0301974448315914,42832,0,1,0,0,1,0
24801,445,8936,23448,0,0,0,0,1,0,21,1,0,0,32384,0.38108234892745957,24356,0,1,0,0,1,0
47698,53,11564,26304,0,0,0,0,0,1,21,1,0,0,37868,0.43961224101881774,47645,0,1,0,0,1,0
445,21,19280,48324,1,0,0,0,1,0,21,1,0,0,67604,0.39896533885152613,424,1,1,0,0,1,1
22131,443,2745,2182,0,0,1,0,1,0,22,1,0,1,4927,1.2574438845625286,21688,0,1,0,0,1,0
42869,49534,15552,5056,1,0,1,0,1,0,22,1,0,1,20608,3.0753411113308284,6665,0,0,0,1,0,0
59310,22,13402,12449,0,0,1,0,1,0,22,1,0,1,25851,1.0764658634538153,59288,0,1,1,0,1,0
19984,22,4187,3700,0,0,1,0,1,0,23,1,0,1,7887,1.131315860578222,19962,0,1,0,0,1,0
13700,25,18237,47986,0,0,1,0,1,0,23,1,0,1,66223,0.38004042761581264,13675,0,1,0,0,1,0
47543,3306,9266,24487,0,0,1,0,0,1,23,1,0,1,33753,0.37838941522378305,44237,0,0,0,0,1,0
59708,1013,4096,5690,1,1,0,0,1,0,23,1,0,1,9786,0.7197329116148304,58695,0,1,1,0,0,0
14330,443,5342,16429,0,0,1,0,1,0,23,1,0,1,21771,0.3251369446135119,13887,0,1,0,0,1,0
22011,3389,25431,100212,0,0,0,0,1,0,0,2,0,1,125643,0.2537694710267131,18622,0,0,0,0,1,0
25,3389,6042,4614,1,0,0,0,1,0,0,2,0,1,10656,1.3092091007583966,3364,1,0,0,0,1,1
443,53,8437,20113,0,0,1,0,1,0,0,2,0,1,28550,0.419459083225614,390,1,1,0,0,1,1
31910,53,35442,62817,0,0,1,0,1,0,1,2,0,1,98259,0.5642013435639467,31857,0,1,0,0,1,0
3389,1433,32065,89921,0,0,1,0,1,0,1,2,0,1,121986,0.3565868196881742,1956,0,0,0,0,1,1
55904,443,11302,34174,0,0,1,0,0,1,1,2,0,1,45476,0.33070958302852965,55461,0,1,1,0,1,0
16942,1433,14313,36560,0,0,1,0,1,0,2,2,0,1,50873,0.3914827274965127,15509,0,0,0,0,1,0
23827,3306,2152,1863,0,0,1,0,1,0,2,2,0,1,4015,1.1545064377682404,20521,0,0,0,0,1,0
56646,1433,207819,101326,0,0,1,1,0,0,2,2,0,1,309145,2.050973580585629,55213,0,0,1,0,1,0
64279,53,66166,89710,0,0,0,0,1,0,2,2,0,1,155876,0.7375461203196932,64226,0,1,1,0,1,0
42564,443,62462,29512,0,0,1,0,0,1,2,2,0,1,91974,2.116423271100871,42121,0,1,0,0,1,0
64777,445,1716,6241,0,0,1,0,1,0,3,2,0,1,7957,0.27491188721563603,64332,0,1,1,0,1,0
54120,445,8494,10501,0,0,1,0,1,0,3,2,0,1,18995,0.8087983241287374,53675,0,1,1,0,1,0
21,445,12896,27643,1,0,1,0,0,1,3,2,0,1,40539,0.46650267689191144,424,1,1,0,0,1,1
63487,25,1002,4079,0,0,1,0,0,1,3,2,0,1,5081,0.24558823529411763,63462,0,1,1,0,1,0
7610,22,91484,206209,0,1,1,0,1,0,4,2,0,1,297693,0.4436448280878716,7588,0,1,0,0,1,0
29924,25,225531,558699,0,0,1,0,1,0,4,2,0,1,784230,0.4036710220153929,29899,0,1,0,0,1,0
14419,3306,596655,1329308,0,0,1,0,1,0,4,2,0,1,1925963,0.4488459793772554,11113,0,0,0,0,1,0
3389,1433,4132,16196,0,0,1,0,0,1,4,2,0,1,20328,0.2551089707970612,1956,0,0,0,0,1,1
26102,22,26574,25616,1,0,1,0,1,0,4,2,0,1,52190,1.0373580044501698,26080,0,1,0,0,1,0
30400,3306,182866,730289,0,0,1,0,0,1,4,2,0,1,913155,0.2504018951375481,27094,0,0,0,0,1,0
11975,443,14679,8010,0,0,1,0,1,0,5,2,0,1,22689,1.8323555111721384,11532,0,1,0,0,1,0
1053,80,8891,30405,0,0,1,0,1,0,5,2,0,1,39296,0.2924093928829836,973,0,1,0,0,1,0
25,3389,1112,2080,0,0,1,0,1,0,5,2,0,1,3192,0.5343584814992792,3364,1,0,0,0,1,1
3306,25,134887,126951,0,0,0,0,1,0,5,2,0,1,261838,1.0625039384964396,3281,0,1,0,0,1,1
49348,1433,21358,24504,0,0,1,0,0,1,6,2,0,0,45862,0.8715772291369108,47915,0,0,1,0,1,0
52060,21,6857,24665,1,0,0,0,1,0,7,2,0,0,31522,0.27799399983783346,52039,0,1,1,0,1,0
59884,80,34688,76949,0,0,1,0,0,1,7,2,0,0,111637,0.45078622482131253,59804,0,1,1,0,1,0
30890,443,28136,77406,0,0,1,0,1,0,7,2,0,0,105542,0.36348133889699896,30447,0,1,0,0,1,0
445,22,28831,119482,0,0,1,0,1,0,7,2,0,0,148313,0.24129792522785667,423,1,1,0,0,1,1
53222,443,15562,44237,0,0,1,0,0,1,7,2,0,0,59799,0.3517790135177901,52779,0,1,1,0,1,0
21,443,295307,1089889,0,0,1,0,1,0,8,2,0,0,1385196,0.27095119690977987,422,1,1,0,0,1,1
3306,3306,17785,45663,0,0,1,0,1,0,8,2,0,0,63448,0.38947529782761037,0,0,0,0,0,1,1
50738,21,293876,954486,0,0,0,0,1,0,8,2,0,0,1248362,0.30788894977092407,50717,0,1,1,0,1,0
33911,25,54316,154557,0,0,0,0,0,1,8,2,0,0,208873,0.3514279429081639,33886,0,1,0,0,1,0
63138,22,38633,130330,0,0,1,0,0,1,8,2,0,0,168963,0.29642218658646063,63116,0,1,1,0,1,0
36510,25,18375,26526,0,0,1,0,1,0,8,2,0,0,44901,0.6926904663173371,36485,0,1,0,0,1,0
63528,3306,104645,346583,0,0,1,0,0,1,9,2,0,0,451228,0.3019325762297163,60222,0,0,1,0,1,0
25919,21,26391,37234,0,0,1,0,1,0,9,2,0,0,63625,0.7087686316637573,25898,0,1,0,0,1,0
65204,443,4957,2162,0,0,1,0,1,0,9,2,0,0,7119,2.2917244567730006,64761,0,1,1,0,1,0
22,53,4699,14869,0,0,0,0,0,1,9,2,0,0,19568,0.3160053799596503,31,1,1,0,0,1,1
445,445,43302,82354,0,0,1,0,1,0,9,2,0,0,125656,0.5257968550786231,0,1,1,0,0,1,1
27317,1433,5157,5208,0,0,0,0,0,1,10,2,0,0,10365,0.9900172777884431,25884,0,0,0,0,1,0
41903,3306,19938,4992,0,0,1,0,1,0,10,2,0,0,24930,3.9931904666533145,38597,0,0,0,0,1,0
35475,3306,119550,284015,0,0,0,0,1,0,10,2,0,0,403565,0.4209269900287308,32169,0,0,0,0,1,0
9776,25,35823,147482,1,0,0,0,1,0,10,2,0,0,183305,0.24289579137934542,9751,0,1,0,0,1,0
32798,445,6936,15377,0,0,0,0,1,0,10,2,0,0,22313,0.45103394459617635,32353,0,1,0,0,1,0
59458,80,210234,465579,0,0,1,0,1,0,11,2,0,0,675813,0.45155290175694834,59378,0,1,1,0,1,0
1143,22,52923,93490,0,0,1,0,1,0,11,2,0,0,146413,0.5660758789616113,1121,0,1,0,0,1,0
443,368,10119,26053,0,1,1,0,1,0,11,2,0,0,36172,0.38838566055116297,75,1,1,0,0,0,1
21,22,585,457,0,0,1,0,1,0,11,2,0,0,1042,1.277292576419214,1,1,1,0,0,1,1
40102,53,37397,31460,0,0,0,0,1,0,11,2,0,0,68857,1.1886780458345252,40049,0,1,0,0,1,0
53103,22,84749,171962,0,0,1,0,0,1,11,2,0,0,256711,0.49283276053569663,53081,0,1,1,0,1,0
15190,53,334523,39738,1,0,1,0,1,0,11,2,0,0,374261,8.418002466091245,15137,0,1,0,0,1,0
54518,25,2117,5769,1,0,1,0,1,0,11,2,0,0,7886,0.36689774696707106,54493,0,1,1,0,1,0
35167,25,151718,144470,0,0,1,0,0,1,11,2,0,0,296188,1.0501623163126164,35142,0,1,0,0,1,0
3389,80,305898,929283,0,0,1,0,1,0,12,2,0,0,1235181,0.32917601077819053,3309,0,1,0,0,1,1
21,51276,873,290,0,0,0,0,0,1,12,2,0,0,1163,3.0,51255,1,0,0,1,0,1
40572,1433,47370,89720,0,0,1,0,1,0,12,2,0,0,137090,0.5279700404587555,39139,0,0,0,0,1,0
2951,21,59171,35971,0,0,0,0,1,0,12,2,0,0,95142,1.644918269765373,2930,0,1,0,0,1,0
31362,25,13053,41746,0,0,1,0,0,1,12,2,0,0,54799,0.31266917383285026,31337,0,1,0,0,1,0
1433,25,10055,34496,0,0,0,0,1,0,13,2,0,0,44551,0.29147462098153465,1408,0,1,0,0,1,1
25,80,64123,163834,0,0,1,0,1,0,13,2,0,0,227957,0.3913876766258736,55,1,1,0,0,1,1
60259,22,8234,15172,1,1,1,0,1,0,13,2,0,0,23406,0.5426744875766164,60237,0,1,1,0,1,0
49956,3306,15559,54435,0,0,1,0,1,0,13,2,0,0,69994,0.2858218825777059,46650,0,0,1,0,1,0
28734,1433,80813,297979,0,0,1,0,1,0,14,2,0,0,378792,0.2712027652862608,27301,0,0,0,0,1,0
6767,3389,364568,938858,0,0,0,0,0,1,14,2,0,0,1303426,0.3883096396796537,3378,0,0,0,0,1,0
11630,3389,52092,94170,0,0,1,0,1,0,14,2,0,0,146262,0.5531639251999023,8241,0,0,0,0,1,0
3006,21,27270,112387,0,0,0,0,1,0,15,2,0,0,139657,0.24264156315620886,2985,0,1,0,0,1,0
33969,3306,9640,27720,0,0,1,0,0,1,15,2,0,0,37360,0.3477508026405974,30663,0,0,0,0,1,0
2735,3306,4372,16866,1,0,1,0,1,0,15,2,0,0,21238,0.2592043635501275,571,0,0,0,0,1,0
31861,22,130004,527934,1,0,0,0,1,0,15,2,0,0,657938,0.24625001183857861,31839,0,1,0,0,1,0
14529,3389,17231,50318,0,0,1,0,0,1,15,2,0,0,67549,0.3424352630219201,11140,0,0,0,0,1,0
445,53171,138846,193725,0,0,0,0,0,1,15,2,0,0,332571,0.7167132960986135,52726,1,0,0,1,0,1
443,22,13000,36672,0,0,1,0,1,0,15,2,0,0,49672,0.3544842254519674,421,1,1,0,0,1,1
45914,445,7794,5030,1,0,0,0,1,0,16,2,0,0,12824,1.549194991055456,45469,0,1,0,0,1,0
53,80,43186,79896,1,0,0,0,1,0,16,2,0,0,123082,0.5405209206853824,27,1,1,0,0,1,1
38176,3306,19487,77071,0,0,1,0,1,0,16,2,0,0,96558,0.2528414988582105,34870,0,0,0,0,1,0
62210,445,3200,9807,0,0,0,0,1,0,16,2,0,0,13007,0.3262642740619902,61765,0,1,1,0,1,0
60353,25,403442,1224402,0,0,0,0,0,1,17,2,0,0,1627844,0.329500989461803,60328,0,1,1,0,1,0
23425,1433,8077,26369,0,0,1,0,0,1,17,2,0,0,34446,0.3062950322335988,21992,0,0,0,0,1,0
43471,21,97163,122048,0,0,0,0,0,1,18,2,0,0,219211,0.796098288392367,43450,0,1,0,0,1,0
24323,445,84708,129063,1,0,1,0,1,0,18,2,0,0,213771,0.6563255439161966,23878,0,1,0,0,1,0
22,53,2936,5055,0,0,0,0,0,1,18,2,0,0,7991,0.5806962025316456,31,1,1,0,0,1,1
53,1433,4430,17320,1,0,1,0,1,0,19,2,0,0,21750,0.25575890537497836,1380,1,0,0,0,1,1
1433,53,13596,2125,0,0,1,0,1,0,19,2,0,0,15721,6.39510818438382,1380,0,1,0,0,1,1
25043,1433,5513,3702,0,0,1,0,1,0,19,2,0,0,9215,1.4887928706454225,23610,0,0,0,0,1,0
11160,3389,348826,938217,0,0,0,0,1,0,19,2,0,0,1287043,0.3717963202581916,7771,0,0,0,0,1,0
1249,443,15990,8311,0,0,1,0,0,1,19,2,0,0,24301,1.9237247353224254,806,0,1,0,0,1,0
21,53,91454,294013,0,0,0,0,1,0,19,2,0,0,385467,0.3110532151530199,32,1,1,0,0,1,1
3997,80,50102,164941,0,0,0,0,1,0,20,2,0,0,215043,0.30375525942452497,3917,0,1,0,0,1,0
33682,80,33605,97333,0,0,0,0,0,1,20,2,0,0,130938,0.34525448455832497,33602,0,1,0,0,1,0
61832,3306,23494,39081,0,0,0,0,1,0,20,2,0,0,62575,0.6011463077631646,58526,0,0,1,0,1,0
33409,80,159437,510231,0,0,0,0,0,1,20,2,0,0,669668,0.31247942112607596,33329,0,1,0,0,1,0
22,443,5883,14636,0,0,1,0,1,0,20,2,0,0,20519,0.40192662430825987,421,1,1,0,0,1,1
56512,22,348759,154899,0,0,1,0,1,0,20,2,0,0,503658,2.25151065203357,56490,0,1,1,0,1,0
15011,1433,2808,6008,0,1,0,0,0,1,20,2,0,0,8816,0.4672990514228657,13578,0,0,0,0,1,0
46558,1433,76912,109894,0,0,0,0,1,0,20,2,0,0,186806,0.6998680558715137,45125,0,0,0,0,1,0
10331,7504,2325,9745,0,0,0,0,1,0,20,2,0,0,12070,0.23855940898830288,2827,0,0,0,0,0,0
34424,22,13291,43816,1,0,0,0,1,0,21,2,0,0,57107,0.3033297578565397,34402,0,1,0,0,1,0
20075,22,25573,95098,0,0,0,0,1,0,21,2,0,0,120671,0.26890924194786486,20053,0,1,0,0,1,0
1634,22,10110,34555,0,0,1,0,1,0,22,2,0,1,44665,0.2925685843268897,1612,0,1,0,0,1,0
42311,1433,16470,49879,0,0,1,0,1,0,22,2,0,1,66349,0.3301924619085806,40878,0,0,0,0,1,0
39904,21,2394,2301,0,0,1,0,1,0,22,2,0,1,4695,1.0399652476107732,39883,0,1,0,0,1,0
36544,3306,4537,15260,0,0,0,0,1,0,22,2,0,1,19797,0.2972937553240286,33238,0,0,0,0,1,0
25,25,48884,52214,0,0,0,0,1,0,23,2,0,1,101098,0.9362060710523796,0,1,1,0,0,1,1
63003,1433,23097,86243,1,0,0,0,1,0,23,2,0,1,109340,0.26780993460414637,61570,0,0,1,0,1,0
30444,21,7296,6131,0,0,1,0,1,0,23,2,0,1,13427,1.1898238747553815,30423,0,1,0,0,1,0
65236,21,183293,486987,0,0,1,0,0,1,23,2,0,1,670280,0.3763809375179676,65215,0,1,1,0,1,0
42214,21,3127,9926,0,0,0,0,0,1,23,2,0,1,13053,0.31499949632315905,42193,0,1,0,0,1,0
62554,3306,12350,2706,0,0,1,0,1,0,23,2,0,1,15056,4.562246028814186,59248,0,0,1,0,1,0
9818,3389,9807,38124,0,0,0,0,0,1,23,2,0,1,47931,0.2572327868852459,6429,0,0,0,0,1,0
52762,21,58927,8232,0,0,1,0,1,0,23,2,0,1,67159,7.157415279970849,52741,0,1,1,0,1,0
54778,80,23790,46061,0,0,1,0,1,0,23,2,0,1,69851,0.5164777908036994,54698,0,1,1,0,1,0
52611,265,12391,40681,0,1,0,0,1,0,23,2,0,1,53072,0.30458187896366945,52346,0,1,1,0,0,0
22366,22,1151,1341,0,0,1,0,1,0,0,3,0,1,2492,0.8576751117734724,22344,0,1,0,0,1,0
53008,53,87908,340992,0,0,0,0,1,0,0,3,0,1,428900,0.25780001349001297,52955,0,1,1,0,1,0
38998,443,15544,52682,0,0,0,0,1,0,0,3,0,1,68226,0.29504773835962267,38555,0,1,0,0,1,0
33847,80,26504,70724,0,0,0,1,0,0,0,3,0,1,97228,0.3747472605160834,33767,0,1,0,0,1,0
21794,3306,6649,15096,0,0,1,0,0,1,0,3,0,1,21745,0.44041862621712924,18488,0,0,0,0,1,0
42243,3389,5170,15395,0,0,1,0,1,0,0,3,0,1,20565,0.3358015068849052,38854,0,0,0,0,1,0
35072,22,242525,996034,0,0,0,0,1,0,0,3,0,1,1238559,0.2434904395929862,35050,0,1,0,0,1,0
47219,3306,1290,1007,1,0,1,0,1,0,1,3,0,1,2297,1.2797619047619047,43913,0,0,0,0,1,0
10958,53,4077,14043,0,0,1,0,1,0,1,3,0,1,18120,0.290301908288237,10905,0,1,0,0,1,0
443,3306,235340,65903,1,0,1,0,1,0,1,3,0,1,301243,3.5709516873027436,2863,1,0,0,0,1,1
80,80,61401,230027,0,1,1,0,1,0,1,3,0,1,291428,0.2669283739370859,0,1,1,0,0,1,1
80,53,13085,47650,0,0,0,0,1,0,1,3,0,1,60735,0.2746007429015131,27,1,1,0,0,1,1
64539,443,161870,599112,0,0,1,0,0,1,2,3,0,1,760982,0.27018275350392995,64096,0,1,1,0,1,0
19364,3306,45025,145879,1,0,1,0,1,0,2,3,0,1,190904,0.30864409103372636,16058,0,0,0,0,1,0
37603,3306,31960,90835,0,0,0,0,1,0,2,3,0,1,122795,0.3518428816768682,34297,0,0,0,0,1,0
18444,3389,31599,57264,0,0,1,0,1,0,2,3,0,1,88863,0.5518030210425217,15055,0,0,0,0,1,0
35453,80,46368,145260,0,0,0,0,1,0,2,3,0,1,191628,0.31920474180957037,35373,0,1,0,0,1,0
29865,53,49469,204047,1,0,0,0,0,1,2,3,0,1,253516,0.2424380537912648,29812,0,1,0,0,1,0
14343,53,739372,411488,0,0,1,0,1,0,2,3,0,1,1150860,1.7968208141651416,14290,0,1,0,0,1,0
5637,22,16125,14463,0,0,1,0,0,1,3,3,0,1,30588,1.1148368362831858,5615,0,1,0,0,1,0
5333,25,74598,281362,0,1,1,1,0,0,3,3,0,1,355960,0.2651308096658054,5308,0,1,0,0,1,0
7632,25,3044,6722,0,0,1,0,1,0,3,3,0,1,9766,0.452774059199762,7607,0,1,0,0,1,0
8899,443,20271,39296,0,0,1,0,1,0,4,3,0,1,59567,0.5158409038857928,8456,0,1,0,0,1,0
18950,53,433921,708962,0,0,1,0,0,1,4,3,0,1,1142883,0.6120502762485489,18897,0,1,0,0,1,0
21,3389,106422,434451,0,0,1,1,0,0,5,3,0,1,540873,0.2449568652002983,3368,1,0,0,0,1,1
22335,3389,9229,4578,0,0,1,0,1,0,5,3,0,1,13807,2.015505568901507,18946,0,0,0,0,1,0
3120,25,23111,26165,0,0,1,0,0,1,5,3,0,1,49276,0.8832454330046625,3095,0,1,0,0,1,0
32135,80,2767,6407,0,0,0,0,0,1,6,3,0,0,9174,0.4318039950062422,32055,0,1,0,0,1,0
48758,25,4672,16186,0,0,1,0,1,0,6,3,0,0,20858,0.2886266757274356,48733,0,1,0,0,1,0
37861,3389,27976,43346,0,0,0,0,1,0,6,3,0,0,71322,0.6453964518882507,34472,0,0,0,0,1,0
48196,25,9985,36890,0,0,0,0,0,1,6,3,0,0,46875,0.2706622211379469,48171,0,1,0,0,1,0
443,53,4140,2701,1,0,0,0,1,0,6,3,0,0,6841,1.5321983715766099,390,1,1,0,0,1,1
23872,3389,48230,201536,0,0,0,0,1,0,6,3,0,0,249766,0.239310895766038,20483,0,0,0,0,1,0
23841,53,19310,76643,0,0,1,0,1,0,6,3,0,0,95953,0.25194405302437245,23788,0,1,0,0,1,0
57293,3389,1793,5711,0,0,1,0,1,0,6,3,0,0,7504,0.31390056022408963,53904,0,0,1,0,1,0
62502,443,796,1023,0,0,0,0,1,0,7,3,0,0,1819,0.77734375,62059,0,1,1,0,1,0
62407,80,8848,16924,0,0,1,0,0,1,7,3,0,0,25772,0.5227769571639587,62327,0,1,1,0,1,0
50962,3389,1735,5096,0,0,1,0,1,0,7,3,0,0,6831,0.3403963115558171,47573,0,0,1,0,1,0
40610,21,1107,1806,0,0,0,0,1,0,7,3,0,0,2913,0.612617598229109,40589,0,1,0,0,1,0
39613,443,134101,60269,1,0,1,0,1,0,7,3,0,0,194370,2.2250041480006635,39170,0,1,0,0,1,0
30883,21,18838,41668,0,0,0,0,1,0,8,3,0,0,60506,0.45208668314574385,30862,0,1,0,0,1,0
30259,3306,14404,18166,0,0,1,0,1,0,8,3,0,0,32570,0.7928661859415423,26953,0,0,0,0,1,0
50287,445,16293,66374,0,0,1,0,1,0,8,3,0,0,82667,0.2454689265536723,49842,0,1,1,0,1,0
64872,53,3566,9742,0,0,0,0,1,0,8,3,0,0,13308,0.36600636354305655,64819,0,1,1,0,1,0
12618,22,42512,98521,0,0,1,0,1,0,8,3,0,0,141033,0.43149753354580705,12596,0,1,0,0,1,0
21077,445,17870,27086,0,0,1,0,1,0,8,3,0,0,44956,0.6597260678554288,20632,0,1,0,0,1,0
13596,21,6556,12482,0,1,1,0,1,0,8,3,0,0,19038,0.525194264199311,13575,0,1,0,0,1,0
47167,445,8331,3582,1,0,0,0,0,1,9,3,0,0,11913,2.3251465252581633,46722,0,1,0,0,1,0
37157,53,3090,6359,0,0,1,0,1,0,9,3,0,0,9449,0.4858490566037736,37104,0,1,0,0,1,0
63869,80,11498,35668,0,0,0,0,1,0,9,3,0,0,47166,0.3223527432784771,63789,0,1,1,0,1,0
42962,80,15011,30654,0,0,1,0,1,0,9,3,0,0,45665,0.4896754199967379,42882,0,1,0,0,1,0
27606,56940,11029,30379,0,0,1,0,1,0,10,3,0,0,41408,0.3630348913759052,29334,0,0,0,1,0,0
41589,1433,24058,58134,0,0,0,0,1,0,10,3,0,0,82192,0.413829878730541,40156,0,0,0,0,1,0
10117,53,19426,23016,0,0,1,0,1,0,10,3,0,0,42442,0.8439848807403224,10064,0,1,0,0,1,0
45343,53,31863,16400,0,0,1,0,1,0,10,3,0,0,48263,1.9427473934516188,45290,0,1,0,0,1,0
14265,3389,99603,231405,0,0,1,0,1,0,10,3,0,0,331008,0.4304253130860911,10876,0,0,0,0,1,0
61068,80,56887,205153,1,0,0,0,0,1,11,3,0,0,262040,0.27728925587607356,60988,0,1,1,0,1,0
2100,80,101452,132714,0,0,1,0,1,0,11,3,0,0,234166,0.7644350676261161,2020,0,1,0,0,1,0
53,80,5673,1693,1,0,1,0,1,0,11,3,0,0,7366,3.3488783943329397,27,1,1,0,0,1,1
41666,25,9761,34037,1,0,0,0,1,0,11,3,0,0,43798,0.2867677301839121,41641,0,1,0,0,1,0
58291,1433,62677,10009,1,0,1,0,0,1,11,3,0,0,72686,6.2614385614385615,56858,0,0,1,0,1,0
61404,22,64496,254266,0,0,1,0,0,1,12,3,0,0,318762,0.25365462289640417,61382,0,1,1,0,1,0
9618,3389,7436,19262,0,0,1,0,1,0,12,3,0,0,26698,0.38602502206302236,6229,0,0,0,0,1,0
15960,3389,58602,60703,0,0,0,0,1,0,12,3,0,0,119305,0.9653729573010016,12571,0,0,0,0,1,0
443,445,4867,15609,0,0,1,0,1,0,12,3,0,0,20476,0.31178731582319025,2,1,1,0,0,1,1
7901,445,47557,68639,0,0,0,0,1,0,12,3,0,0,116196,0.6928467365967366,7456,0,1,0,0,1,0
19155,22,21118,13584,0,0,1,0,1,0,12,3,0,0,34702,1.5545086492454914,19133,0,1,0,0,1,0
46186,21,2404,1985,0,0,1,0,1,0,13,3,0,0,4389,1.2104733131923464,46165,0,1,0,0,1,0
29428,445,10998,11968,1,0,1,0,1,0,13,3,0,0,22966,0.9188737572061157,28983,0,1,0,0,1,0
25,25,723335,2659540,0,0,1,0,0,1,13,3,0,0,3382875,0.27197738256338216,0,1,1,0,0,1,1
1433,21476,30468,47345,0,0,1,1,0,0,13,3,0,0,77813,0.643517931821062,20043,0,0,0,0,0,1
22322,22,873898,1245104,0,0,1,0,1,0,14,3,0,0,2119002,0.701866910822782,22300,0,1,0,0,1,0
32756,3389,2185,5872,0,0,1,0,1,0,14,3,0,0,8057,0.3720415460582326,29367,0,0,0,0,1,0
50012,21,73217,34403,0,0,1,0,0,1,14,3,0,0,107620,2.128153703057784,49991,0,1,1,0,1,0
11183,22,381,357,1,0,0,0,1,0,14,3,0,0,738,1.0642458100558658,11161,0,1,0,0,1,0
58709,22,22018,52157,0,0,1,0,1,0,15,3,0,0,74175,0.4221404194946125,58687,0,1,1,0,1,0
17110,1433,60472,39839,0,0,0,0,1,0,15,3,0,0,100311,1.5178714859437752,15677,0,0,0,0,1,0
17131,3306,84172,151076,1,0,1,0,1,0,15,3,0,0,235248,0.5571463558317944,13825,0,0,0,0,1,0
64053,53,6131,10403,0,0,0,0,1,0,15,3,0,0,16534,0.5892925797770089,64000,0,1,1,0,1,0
62202,22,116139,484097,1,0,1,0,1,0,15,3,0,0,600236,0.23990803514990766,62180,0,1,1,0,1,0
16917,3306,9377,37965,0,0,1,0,1,0,16,3,0,0,47342,0.24698414370752778,13611,0,0,0,0,1,0
45148,443,16940,18612,0,0,0,0,1,0,16,3,0,0,35552,0.9101165851823994,44705,0,1,0,0,1,0
445,3306,11011,25126,0,0,1,0,1,0,17,3,0,0,36137,0.4382138735225057,2861,1,0,0,0,1,1
40170,22,3575,4403,1,0,1,0,1,0,17,3,0,0,7978,0.8117620345140781,40148,0,1,0,0,1,0
60529,80,271454,877128,1,0,1,0,0,1,17,3,0,0,1148582,0.3094801334809361,60449,0,1,1,0,1,0
7014,445,23785,37801,0,0,1,0,1,0,17,3,0,0,61586,0.6291995132532671,6569,0,1,0,0,1,0
3306,3306,125455,132335,1,0,0,0,1,0,17,3,0,0,257790,0.9480035666787571,0,0,0,0,0,1,1
15819,1433,117188,413507,0,0,0,0,1,0,18,3,0,0,530695,0.28339959565473943,14386,0,0,0,0,1,0
26358,80,4681,14930,1,0,1,0,1,0,18,3,0,0,19611,0.31350880717969326,26278,0,1,0,0,1,0
8205,80,154168,377763,0,0,1,0,1,0,18,3,0,0,531931,0.40810664859541934,8125,0,1,0,0,1,0
1433,25,49289,48852,0,0,1,0,1,0,18,3,0,0,98141,1.008924733383825,1408,0,1,0,0,1,1
23925,21,4165,4005,0,0,1,0,1,0,18,3,0,0,8170,1.0396904643035447,23904,0,1,0,0,1,0
21902,80,45168,166437,0,0,0,0,1,0,19,3,0,0,211605,0.2713803338179983,21822,0,1,0,0,1,0
15939,25,4286,7574,0,0,1,0,1,0,19,3,0,0,11860,0.5658085808580858,15914,0,1,0,0,1,0
2035,443,287889,713075,0,0,1,0,1,0,19,3,0,0,1000964,0.40372835434091175,1592,0,1,0,0,1,0
49439,25,80988,296520,0,0,1,0,1,0,20,3,0,0,377508,0.2731273670330263,49414,0,1,1,0,1,0
14541,25,19656,41735,0,0,0,0,1,0,20,3,0,0,61391,0.47096032202415183,14516,0,1,0,0,1,0
34559,443,166655,506623,1,0,1,0,1,0,20,3,0,0,673278,0.32895204332996464,34116,0,1,0,0,1,0
17896,3306,1752,3408,0,0,0,0,1,0,21,3,0,0,5160,0.5139337048987973,14590,0,0,0,0,1,0
21,1433,6641,15578,0,0,0,0,1,0,21,3,0,0,22219,0.42627896527376596,1412,1,0,0,0,1,1
3389,3306,14707,24673,0,0,0,0,1,0,21,3,0,0,39380,0.5960525249250223,83,0,0,0,0,1,1
54024,25,787875,2578580,0,0,1,0,1,0,21,3,0,0,3366455,0.30554595725323347,53999,0,1,1,0,1,0
443,1433,3972,6858,0,0,1,0,1,0,22,3,0,1,10830,0.5790931622685522,990,1,0,0,0,1,1
46922,21,1434,1780,0,1,0,0,1,0,22,3,0,1,3214,0.8051656372824256,46901,0,1,0,0,1,0
15032,3306,2184,3315,0,0,1,0,1,0,22,3,0,1,5499,0.6586248492159228,11726,0,0,0,0,1,0
32496,80,93896,377213,0,0,1,0,1,0,22,3,0,1,471109,0.24891971135747878,32416,0,1,0,0,1,0
9468,22,8512,21465,1,0,1,1,0,0,23,3,0,1,29977,0.3965340538526041,9446,0,1,0,0,1,0
31470,80,17076,58198,0,0,0,0,0,1,23,3,0,1,75274,0.2934071032148319,31390,0,1,0,0,1,0
21,21,74647,62521,0,0,1,0,1,0,23,3,0,1,137168,1.193931736028918,0,1,1,0,0,1,1
11912,445,17103,5996,1,0,0,0,1,0,23,3,0,1,23099,2.8519259629814906,11467,0,1,0,0,1,0
4131,22,30535,48106,0,0,0,0,1,0,23,3,0,1,78641,0.6347309123412394,4109,0,1,0,0,1,0
38614,443,51862,70854,0,0,0,0,1,0,0,4,0,1,122716,0.7319455225460447,38171,0,1,0,0,1,0
42291,1433,11058,6665,1,0,1,0,1,0,0,4,0,1,17723,1.658865886588659,40858,0,0,0,0,1,0
64725,1433,16880,27993,0,0,1,0,1,0,0,4,0,1,44873,0.6029863542187611,63292,0,0,1,0,1,0
21,21,32439,71962,0,0,1,0,0,1,0,4,0,1,104401,0.45077331406417187,0,1,1,0,0,1,1
13787,53,88352,239959,1,0,1,0,1,0,1,4,0,1,328311,0.3681946991165194,13734,0,1,0,0,1,0
18616,1433,6199,16339,0,0,1,0,1,0,1,4,0,1,22538,0.37937576499388004,17183,0,0,0,0,1,0
42535,25,175,270,0,0,0,0,1,0,1,4,0,1,445,0.6457564575645757,42510,0,1,0,0,1,0
55278,21,65338,40496,0,1,1,0,1,0,1,4,0,1,105834,1.6134034619848383,55257,0,1,1,0,1,0
52331,12461,97182,259449,0,0,0,0,0,1,2,4,0,1,356631,0.3745692811717094,39870,0,0,1,0,0,0
22,1433,30334,17493,0,0,0,0,0,1,2,4,0,1,47827,1.7339659311764033,1411,1,0,0,0,1,1
53917,21,33835,74148,1,0,1,0,0,1,2,4,0,1,107983,0.45631094148269025,53896,0,1,1,0,1,0
35056,80,8929,5950,0,0,1,0,1,0,2,4,0,1,14879,1.5004200974626114,34976,0,1,0,0,1,0
27708,37020,49035,37798,0,0,1,0,1,0,3,4,0,1,86833,1.297256541178338,9312,0,0,0,0,0,0
33284,445,86255,106776,0,0,1,0,1,0,3,4,0,1,193031,0.8078050516496998,32839,0,1,0,0,1,0
45470,25,24110,76673,1,0,1,0,1,0,3,4,0,1,100783,0.3144481832172575,45445,0,1,0,0,1,0
27694,445,1185881,1737773,0,0,0,0,1,0,3,4,0,1,2923654,0.682413823661765,27249,0,1,0,0,1,0
25483,22,1804,5627,0,0,1,0,1,0,3,4,0,1,7431,0.3205401563610519,25461,0,1,0,0,1,0
43725,53,28587,115428,0,0,0,0,1,0,3,4,0,1,144015,0.2476587339403443,43672,0,1,0,0,1,0
34332,25,3364,6495,0,0,1,0,1,0,4,4,0,1,9859,0.5178571428571429,34307,0,1,0,0,1,0
17220,53,90016,39548,0,0,1,0,1,0,4,4,0,1,129564,2.276062605881312,17167,0,1,0,0,1,0
38962,3306,1753,3469,0,0,1,0,1,0,4,4,0,1,5222,0.5051873198847262,35656,0,0,0,0,1,0
60947,1433,2606,10084,0,0,1,0,1,0,4,4,0,1,12690,0.2584035696579078,59514,0,0,1,0,1,0
31516,25,7997,8425,0,0,0,0,1,0,4,4,0,1,16422,0.9490861618798956,31491,0,1,0,0,1,0
50572,445,33702,104742,0,0,0,0,1,0,4,4,0,1,138444,0.32175897195994,50127,0,1,1,0,1,0
53,22,8495,25964,0,0,0,0,1,0,5,4,0,1,34459,0.32717119198921624,31,1,1,0,0,1,1
19401,21,8632,28041,0,0,0,0,1,0,5,4,0,1,36673,0.30782397831823693,19380,0,1,0,0,1,0
60984,445,16491,12453,0,1,1,1,0,0,5,4,0,1,28944,1.3241528826079974,60539,0,1,1,0,1,0
42933,25,14949,35142,0,0,1,0,1,0,5,4,0,1,50091,0.4253763196084569,42908,0,1,0,0,1,0
55511,443,237974,704283,0,0,0,0,1,0,5,4,0,1,942257,0.3378949401093877,55068,0,1,1,0,1,0
55431,80,66003,273211,0,0,1,0,1,0,5,4,0,1,339214,0.2415816289182027,55351,0,1,1,0,1,0
44938,25,13104,45599,0,0,1,0,0,1,5,4,0,1,58703,0.2873684210526316,44913,0,1,0,0,1,0
33393,342,2657,10660,0,1,0,0,1,0,5,4,0,1,13317,0.2492261513929275,33051,0,1,0,0,0,0
59340,21,48371,183113,1,0,1,0,1,0,6,4,0,0,231484,0.2641578470242581,59319,0,1,1,0,1,0
13264,53,4673,13743,0,0,1,0,1,0,6,4,0,0,18416,0.34000291036088476,13211,0,1,0,0,1,0
18693,1433,33203,64874,0,0,0,0,1,0,6,4,0,0,98077,0.5117996146435453,17260,0,0,0,0,1,0
59627,22,51886,192053,0,0,1,0,1,0,6,4,0,0,243939,0.2701635998208837,59605,0,1,1,0,1,0
36354,53,7330,26479,0,0,0,0,1,0,6,4,0,0,33809,0.27681268882175225,36301,0,1,0,0,1,0
21035,21,4088,10866,0,0,1,0,0,1,7,4,0,0,14954,0.37618477960798746,21014,0,1,0,0,1,0
44672,445,25294,4978,0,0,1,0,0,1,7,4,0,0,30272,5.080136573609159,44227,0,1,0,0,1,0
62532,3389,12377,28808,0,0,1,0,1,0,7,4,0,0,41185,0.4296226873546461,59143,0,0,1,0,1,0
64328,443,234827,955832,1,0,0,0,1,0,7,4,0,0,1190659,0.2456778537673422,63885,0,1,1,0,1,0
21038,443,72102,29306,0,0,0,0,1,0,8,4,0,0,101408,2.460231344047497,20595,0,1,0,0,1,0
3306,1433,7901,10948,0,0,1,0,0,1,8,4,0,0,18849,0.7216184126404238,1873,0,0,0,0,1,1
10609,3306,43542,144268,0,0,1,0,1,0,8,4,0,0,187810,0.30181119991127686,7303,0,0,0,0,1,0
41835,25,167276,428417,0,0,0,1,0,0,8,4,0,0,595693,0.39045044792702455,41810,0,1,0,0,1,0
36177,53,2368,1764,0,0,1,0,1,0,8,4,0,0,4132,1.341643059490085,36124,0,1,0,0,1,0
39920,39764,4287,15461,1,0,0,0,1,0,9,4,0,0,19748,0.2772603802871556,156,0,0,0,0,0,0
7532,3306,21636,4911,1,0,1,0,0,1,9,4,0,0,26547,4.4047231270358305,4226,0,0,0,0,1,0
23601,53,23317,84190,0,1,0,0,1,0,10,4,0,0,107507,0.2769535936145194,23548,0,1,0,0,1,0
40641,443,20261,64113,1,0,1,0,1,0,10,4,0,0,84374,0.31601522288423745,40198,0,1,0,0,1,0
32557,1433,13396,55999,1,0,0,0,1,0,10,4,0,0,69395,0.2392142857142857,31124,0,0,0,0,1,0
1433,443,13072,16827,1,0,1,0,1,0,10,4,0,0,29899,0.7768005704777752,990,0,1,0,0,1,1
1327,53,40733,21085,0,0,1,0,1,0,11,4,0,0,61818,1.9317556672673812,1274,0,1,0,0,1,0
9187,1433,135172,510620,0,0,1,0,1,0,11,4,0,0,645792,0.26472080075045873,7754,0,0,0,0,1,0
35149,443,10203,890,0,0,1,0,1,0,12,4,0,0,11093,11.451178451178452,34706,0,1,0,0,1,0
8036,445,1089728,1466533,0,0,1,1,0,0,12,4,0,0,2556261,0.7430635771144753,7591,0,1,0,0,1,0
30412,443,507426,2063292,0,0,1,1,0,0,12,4,0,0,2570718,0.24593017084825083,29969,0,1,0,0,1,0
3004,80,184759,74498,0,0,1,0,1,0,12,4,0,0,259257,2.4800198660384702,2924,0,1,0,0,1,0
41469,445,59633,233234,0,1,1,0,1,0,13,4,0,0,292867,0.2556777499088902,41024,0,1,0,0,1,0
46560,3306,547315,1043049,0,0,0,0,1,0,13,4,0,0,1590364,0.5247255644504099,43254,0,0,0,0,1,0
34660,3306,13846,3040,0,0,1,0,1,0,13,4,0,0,16886,4.553107530417626,31354,0,0,0,0,1,0
2471,443,5812,9002,1,0,1,0,1,0,13,4,0,0,14814,0.6455625902476952,2028,0,1,0,0,1,0
443,443,9494,12157,0,1,1,0,0,1,13,4,0,0,21651,0.7808850139825629,0,1,1,0,0,1,1
53277,21,4426,3663,0,0,1,0,0,1,14,4,0,0,8089,1.2079694323144106,53256,0,1,1,0,1,0
60571,445,26765,53229,0,0,1,0,1,0,14,4,0,0,79994,0.5028179597971069,60126,0,1,1,0,1,0
29212,1433,35586,21018,1,1,0,0,1,0,14,4,0,0,56604,1.6930396308102194,27779,0,0,0,0,1,0
55640,53,30374,50044,1,0,1,0,1,0,14,4,0,0,80418,0.6069337596163453,55587,0,1,1,0,1,0
57206,443,21592,88377,0,0,1,0,1,0,15,4,0,0,109969,0.2443141958405938,56763,0,1,1,0,1,0
9603,53,27256,43561,0,0,1,0,1,0,15,4,0,0,70817,0.6256829346678298,9550,0,1,0,0,1,0
28996,445,354377,1447710,0,0,0,0,1,0,16,4,0,0,1802087,0.2447843526781243,28551,0,1,0,0,1,0
20002,1433,59401,116444,0,0,1,0,1,0,17,4,0,0,175845,0.510120657821289,18569,0,0,0,0,1,0
34681,25,96376,283621,0,0,0,0,1,0,18,4,0,0,379997,0.33980438752988135,34656,0,1,0,0,1,0
18819,80,3638730,292862,0,1,0,0,0,1,18,4,0,0,3931592,12.4246832136528,18739,0,1,0,0,1,0
53,3306,1660,3751,1,0,1,0,1,0,18,4,0,0,5411,0.44243070362473347,3253,1,0,0,0,1,1
36543,3306,1209,4426,0,0,1,0,1,0,18,4,0,0,5635,0.27309690535351255,33237,0,0,0,0,1,0
51599,443,616920,441722,0,0,1,0,0,1,18,4,0,0,1058642,1.3966218648338438,51156,0,1,1,0,1,0
24186,3306,9405,12472,0,0,1,0,0,1,18,4,0,0,21877,0.754028701996312,20880,0,0,0,0,1,0
26365,3306,8210,33998,0,0,1,0,1,0,18,4,0,0,42208,0.24147769052030943,23059,0,0,0,0,1,0
37824,1433,32632,16978,1,0,1,0,1,0,19,4,0,0,49610,1.9219035278873904,36391,0,0,0,0,1,0
11319,1433,53137,35172,0,0,1,0,0,1,19,4,0,0,88309,1.5107326642595171,9886,0,0,0,0,1,0
3389,3389,65054,92512,0,0,1,0,1,0,19,4,0,0,157566,0.7031876601126328,0,0,0,0,0,1,1
49007,25,376649,946612,0,0,0,0,1,0,19,4,0,0,1323261,0.3978912184810477,48982,0,1,0,0,1,0
12190,25,243087,973903,0,0,0,0,1,0,20,4,0,0,1216990,0.24960057664821172,12165,0,1,0,0,1,0
20562,1433,6017,2147,0,0,1,0,0,1,20,4,0,0,8164,2.8012104283054002,19129,0,0,0,0,1,0
30599,25,103774,75202,0,0,0,0,1,0,20,4,0,0,178976,1.3799183543209712,30574,0,1,0,0,1,0
46611,443,11913,40539,0,0,0,0,0,1,20,4,0,0,52452,0.29385791810557477,46168,0,1,0,0,1,0
38023,1433,17676,2883,0,0,1,0,1,0,20,4,0,0,20559,6.128987517337032,36590,0,0,0,0,1,0
46934,25,3826,13197,0,0,1,0,1,0,20,4,0,0,17023,0.28989240794059706,46909,0,1,0,0,1,0
3306,25,1467,2917,1,0,1,0,1,0,21,4,0,0,4384,0.5027416038382454,3281,0,1,0,0,1,1
55826,3389,20941,23304,0,0,1,0,1,0,21,4,0,0,44245,0.898562540227419,52437,0,0,1,0,1,0
35933,53,4771,549,0,0,0,0,1,0,21,4,0,0,5320,8.674545454545454,35880,0,1,0,0,1,0
27460,21,97197,167743,0,0,1,0,1,0,21,4,0,0,264940,0.5794365223197253,27439,0,1,0,0,1,0
54019,3389,14048,25100,0,0,0,0,1,0,21,4,0,0,39148,0.5596589777299709,50630,0,0,1,0,1,0
54643,53,36089,129191,0,0,1,0,1,0,21,4,0,0,165280,0.27934392222428633,54590,0,1,1,0,1,0
43977,25,196426,268177,0,0,1,0,0,1,22,4,0,1,464603,0.7324463602532646,43952,0,1,0,0,1,0
80,3306,2045,8550,0,0,1,0,1,0,22,4,0,1,10595,0.2391533154017074,3226,1,0,0,0,1,1
21,3306,6909,26880,0,0,0,1,0,0,22,4,0,1,33789,0.25702168818124327,3285,1,0,0,0,1,1
51051,21,29419,103584,0,0,0,0,1,0,22,4,0,1,133003,0.2840083023603804,51030,0,1,1,0,1,0
3862,445,36316,110076,1,0,0,0,0,1,22,4,0,1,146392,0.32991451438538477,3417,0,1,0,0,1,0
29669,80,128745,142535,0,0,1,0,0,1,23,4,0,1,271280,0.9032454958747264,29589,0,1,0,0,1,0
15706,22,88207,293610,0,0,1,0,1,0,23,4,0,1,381817,0.3004213057412699,15684,0,1,0,0,1,0
32911,2587,25721,100192,0,0,1,1,0,0,23,4,0,1,125913,0.25671454093599355,30324,0,0,0,0,0,0
50453,3389,35790,102045,0,0,1,0,1,0,23,4,0,1,137835,0.35072418321149285,47064,0,0,1,0,1,0
31384,25,67117756,13236022,0,1,1,0,0,1,23,4,0,1,80353778,5.070840085424451,31359,0,1,0,0,1,0
38977,21,2097,6814,0,0,0,0,0,1,23,4,0,1,8911,0.30770359501100514,38956,0,1,0,0,1,0
22,3389,17150,50883,0,0,1,0,1,0,23,4,0,1,68033,0.3370411131200377,3367,1,0,0,0,1,1
41466,3306,32779,129387,0,0,1,0,1,0,0,5,1,1,162166,0.25333879494234396,38160,0,0,0,0,1,0
22,3389,45875,37477,0,0,1,0,1,0,0,5,1,1,83352,1.224051443513528,3367,1,0,0,0,1,1
28083,80,5019,2821,0,0,1,0,1,0,0,5,1,1,7840,1.7785258681785967,28003,0,1,0,0,1,0
3306,25,2892,4938,0,0,1,0,1,0,0,5,1,1,7830,0.5855436323142337,3281,0,1,0,0,1,1
37436,443,15134,62512,0,0,1,0,0,1,0,5,1,1,77646,0.24209364452193943,36993,0,1,0,0,1,0
12636,80,512874,755984,0,0,0,0,1,0,0,5,1,1,1268858,0.6784182225837814,12556,0,1,0,0,1,0
3306,36830,5938,12314,0,0,1,0,0,1,1,5,1,1,18252,0.4821762078765733,33524,0,0,0,0,0,1
445,443,144103,204144,0,0,0,0,1,0,1,5,1,1,348247,0.7058855225452497,2,1,1,0,0,1,1
3389,3389,278057,958770,0,0,0,0,0,1,1,5,1,1,1236827,0.29001398665583333,0,0,0,0,0,1,1
3306,80,23688,51380,0,0,1,0,0,1,1,5,1,1,75068,0.4610264494657558,3226,0,1,0,0,1,1
5532,3306,7422,22977,0,0,0,0,0,1,1,5,1,1,30399,0.32300461310819045,2226,0,0,0,0,1,0
62279,1433,50036,9747,0,0,0,0,1,0,1,5,1,1,59783,5.132950348789495,60846,0,0,1,0,1,0
54416,80,30091,29790,1,0,0,0,1,0,1,5,1,1,59881,1.0100701554160652,54336,0,1,1,0,1,0
32703,22,5571,2131,0,0,1,0,1,0,1,5,1,1,7702,2.6130393996247654,32681,0,1,0,0,1,0
443,443,7676,18758,1,0,1,0,1,0,2,5,1,1,26434,0.4091902553441015,0,1,1,0,0,1,1
24108,3389,45511,155500,0,0,1,0,1,0,2,5,1,1,201011,0.2926733590137684,20719,0,0,0,0,1,0
8098,1433,98076,132238,0,0,1,1,0,0,2,5,1,1,230314,0.7416571510673856,6665,0,0,0,0,1,0
3139,44634,13141,46807,0,0,1,0,1,0,3,5,1,1,59948,0.2807426081011793,41495,0,0,0,0,0,0
3306,443,19719,74254,0,0,1,0,1,0,4,5,1,1,93973,0.26555787489057975,2863,0,1,0,0,1,1
443,3306,64204,214109,0,0,1,0,1,0,4,5,1,1,278313,0.2998645556022605,2863,1,0,0,0,1,1
8357,80,16714,49351,0,0,0,0,0,1,4,5,1,1,66065,0.3386691522126763,8277,0,1,0,0,1,0
32001,443,13644,30437,0,0,1,0,0,1,4,5,1,1,44081,0.4482554701360142,31558,0,1,0,0,1,0
28366,1433,6577,2838,0,0,0,0,0,1,4,5,1,1,9415,2.316660796054949,26933,0,0,0,0,1,0
64414,1433,6397,1985,0,0,0,0,1,0,4,5,1,1,8382,3.2210473313192347,62981,0,0,1,0,1,0
8635,22,1575703,4394362,0,0,1,0,1,0,5,5,1,1,5970065,0.35857369998791633,8613,0,1,0,0,1,0
65503,3389,16091,57843,0,0,1,0,0,1,5,5,1,1,73934,0.27817924071640965,62114,0,0,1,0,1,0
28314,3306,195652,720628,0,0,1,0,1,0,5,5,1,1,916280,0.2715017019853489,25008,0,0,0,0,1,0
65495,445,325914,637267,0,0,0,0,1,0,5,5,1,1,963181,0.5114237651976876,65050,0,1,1,0,1,0
5801,3306,16420,8201,0,0,0,0,1,0,5,5,1,1,24621,2.0019507437210438,2495,0,0,0,0,1,0
16039,445,39715,64722,0,0,1,0,1,0,5,5,1,1,104437,0.6136149436830802,15594,0,1,0,0,1,0
44331,3306,25951,58378,0,0,1,0,1,0,6,5,1,0,84329,0.4445262851367786,41025,0,0,0,0,1,0
4807,80,1669,5808,0,0,0,0,1,0,6,5,1,0,7477,0.28731279049750386,4727,0,1,0,0,1,0
37763,3306,1838,7682,1,0,1,0,1,0,6,5,1,0,9520,0.2392294676558636,34457,0,0,0,0,1,0
16092,80,23817,77524,0,0,1,0,1,0,7,5,1,0,101341,0.3072170267655595,16012,0,1,0,0,1,0
59096,21,11160,42990,0,0,1,0,1,0,7,5,1,0,54150,0.2595892163476076,59075,0,1,1,0,1,0
3306,53,454307,1469709,0,0,1,0,1,0,7,5,1,0,1924016,0.30911336250008503,3253,0,1,0,0,1,1
16337,1433,15085,24795,1,0,1,0,1,0,8,5,1,0,39880,0.6083642522987579,14904,0,0,0,0,1,0
27921,443,499561,922307,0,0,1,0,1,0,8,5,1,0,1421868,0.541642271345364,27478,0,1,0,0,1,0
25332,445,10278,27509,0,0,1,0,1,0,8,5,1,0,37787,0.37360959651035985,24887,0,1,0,0,1,0
25905,22,469545,1233317,0,0,1,0,1,0,8,5,1,0,1702862,0.3807168953992401,25883,0,1,0,0,1,0
62971,445,49527,104552,0,0,1,0,1,0,8,5,1,0,154079,0.47370233278815527,62526,0,1,1,0,1,0
443,22,54245,106832,0,0,1,0,1,0,8,5,1,0,161077,0.5077550943996705,421,1,1,0,0,1,1
22852,21,9712,20424,0,0,1,0,1,0,8,5,1,0,30136,0.4754957160342717,22831,0,1,0,0,1,0
80,80,55440,217287,0,1,1,0,0,1,9,5,1,0,272727,0.25514524502043373,0,1,1,0,0,1,1
43723,3389,330493,1098142,0,0,1,0,1,0,9,5,1,0,1428635,0.3009562506886626,40334,0,0,0,0,1,0
10285,445,17470,2716,0,0,1,0,1,0,9,5,1,0,20186,6.429885903570114,9840,0,1,0,0,1,0
28588,22,12796,46226,0,0,1,0,1,0,9,5,1,0,59022,0.2768079261037922,28566,0,1,0,0,1,0
24100,80,14841,14814,1,0,0,1,0,0,9,5,1,0,29655,1.0017549780627741,24020,0,1,0,0,1,0
51660,3306,294248,822324,0,0,0,0,1,0,9,5,1,0,1116572,0.35782446113154776,48354,0,0,1,0,1,0
37724,80,86557,252137,1,0,0,0,1,0,9,5,1,0,338694,0.3432921654014865,37644,0,1,0,0,1,0
8508,21,223303,867326,0,0,1,0,1,0,10,5,1,0,1090629,0.2574611421067256,8487,0,1,0,0,1,0
57747,443,36380,44827,0,0,1,0,1,0,10,5,1,0,81207,0.8115463549567234,57304,0,1,1,0,1,0
24034,445,23456,61426,0,0,0,0,1,0,10,5,1,0,84882,0.38185162876259626,23589,0,1,0,0,1,0
52529,53,43404,173516,0,0,1,0,1,0,11,5,1,0,216920,0.25014263732083886,52476,0,1,1,0,1,0
4839,25,122058,70554,0,0,0,0,1,0,11,5,1,0,192612,1.7299695273191127,4814,0,1,0,0,1,0
20051,1433,14833,25199,1,0,1,0,1,0,11,5,1,0,40032,0.5886111111111111,18618,0,0,0,0,1,0
10962,1433,196788,749518,0,0,0,0,0,1,11,5,1,0,946306,0.26255238359534583,9529,0,0,0,0,1,0
34037,53,39550,28728,0,0,1,0,1,0,11,5,1,0,68278,1.3766577326046852,33984,0,1,0,0,1,0
21,53,468,1697,0,0,0,0,1,0,11,5,1,0,2165,0.2756183745583039,32,1,1,0,0,1,1
35534,443,90543,271164,0,0,1,0,0,1,11,5,1,0,361707,0.3339037117622112,35091,0,1,0,0,1,0
445,443,2876,5094,0,0,0,0,0,1,12,5,1,0,7970,0.5644749754661432,2,1,1,0,0,1,1
3209,80,87088,213498,0,0,0,1,0,0,12,5,1,0,300586,0.407908233762219,3129,0,1,0,0,1,0
18581,25,93193,27506,0,0,1,0,0,1,12,5,1,0,120699,3.387973970262115,18556,0,1,0,0,1,0
3389,53,37340,55135,0,0,1,1,0,0,12,5,1,0,92475,0.6772344747533372,3336,0,1,0,0,1,1
8030,3389,52569,203495,0,0,1,0,1,0,12,5,1,0,256064,0.2583294020521288,4641,0,0,0,0,1,0
32975,21,127796,139617,0,0,1,0,0,1,13,5,1,0,267413,0.9153261040840006,32954,0,1,0,0,1,0
14646,45901,9966,36153,0,0,1,0,0,1,13,5,1,0,46119,0.27565414615256956,31255,0,0,0,0,0,0
38601,443,78392,163796,1,0,1,0,1,0,13,5,1,0,242188,0.4785924040122835,38158,0,1,0,0,1,0
16105,30454,141610,398585,0,0,0,0,1,0,14,5,1,0,540195,0.3552809180452901,14349,0,0,0,0,0,0
30984,22,368108,529765,0,0,1,1,0,0,14,5,1,0,897873,0.6948501791356939,30962,0,1,0,0,1,0
3389,53,3754,342,0,0,0,0,1,0,14,5,1,0,4096,10.944606413994169,3336,0,1,0,0,1,1
9249,3389,42345,70211,1,0,1,0,0,1,14,5,1,0,112556,0.6031020338403692,5860,0,0,0,0,1,0
3389,22,4729,6088,0,0,1,0,1,0,14,5,1,0,10817,0.7766464115618328,3367,0,1,0,0,1,1
62392,80,4419,13503,0,0,1,0,1,0,15,5,1,0,17922,0.32723637440758296,62312,0,1,1,0,1,0
1865,80,39122,163354,0,0,1,0,1,0,15,5,1,0,202476,0.2394906798077806,1785,0,1,0,0,1,0
20290,443,24932,16040,1,0,1,0,1,0,15,5,1,0,40972,1.5542671903247927,19847,0,1,0,0,1,0
44209,1433,137585,493096,0,0,1,0,1,0,15,5,1,0,630681,0.279022180220119,42776,0,0,0,0,1,0
43584,3389,12658,20575,0,0,1,0,1,0,16,5,1,0,33233,0.6151827371695179,40195,0,0,0,0,1,0
53,898,4588,12582,0,1,1,0,1,0,16,5,1,0,17170,0.36461893030278947,845,1,1,0,0,0,1
14670,3389,30896,33857,0,0,1,0,1,0,16,5,1,0,64753,0.9125169826924213,11281,0,0,0,0,1,0
53,53,5547,12091,0,0,1,0,1,0,17,5,1,0,17638,0.4587330466424082,0,1,1,0,0,1,1
25840,80,6926,21590,0,0,1,0,1,0,17,5,1,0,28516,0.32078180723449584,25760,0,1,0,0,1,0
44039,22,131368,280790,0,0,0,0,0,1,18,5,1,0,412158,0.4678497530191495,44017,0,1,0,0,1,0
25149,25,9151,14831,0,0,1,0,1,0,18,5,1,0,23982,0.6169768069039914,25124,0,1,0,0,1,0
53,53,146087,230441,0,0,1,0,1,0,18,5,1,0,376528,0.6339425972695949,0,1,1,0,0,1,1
32380,445,58203,51458,1,0,1,0,1,0,18,5,1,0,109661,1.1310557919897395,31935,0,1,0,0,1,0
3389,3389,1851,758,1,0,1,0,1,0,19,5,1,0,2609,2.438735177865613,0,0,0,0,0,1,1
12856,3389,51462,40901,0,0,0,0,1,0,19,5,1,0,92363,1.2581780842012615,9467,0,0,0,0,1,0
1433,443,50816,177895,0,0,1,0,1,0,20,5,1,0,228711,0.28565004272159017,990,0,1,0,0,1,1
34850,443,43333,16914,0,0,1,0,0,1,20,5,1,0,60247,2.5618090452261306,34407,0,1,0,0,1,0
53308,21,17553,72605,0,0,1,0,0,1,20,5,1,0,90158,0.24175687959672754,53287,0,1,1,0,1,0
14736,25,68411198,19163908,0,1,0,0,0,1,20,5,1,0,87575106,3.569793511334248,14711,0,1,0,0,1,0
5751,11512,189840,112587,0,0,1,0,1,0,20,5,1,0,302427,1.6861477244466552,5761,0,0,0,0,0,0
14774,1433,18722,42036,1,0,1,0,1,0,20,5,1,0,60758,0.4453695553916788,13341,0,0,0,0,1,0
3306,25,5359,12221,0,0,1,0,1,0,20,5,1,0,17580,0.43847160857470135,3281,0,1,0,0,1,1
59832,22,45795,98206,0,0,1,0,1,0,21,5,1,0,144001,0.4663109554308756,59810,0,1,1,0,1,0
3389,22,6711,4169,1,0,0,1,0,0,21,5,1,0,10880,1.6093525179856114,3367,0,1,0,0,1,1
23184,53,4824,15288,0,0,0,0,1,0,21,5,1,0,20112,0.3155209627837007,23131,0,1,0,0,1,0
20549,22,12079,5985,0,0,1,0,1,0,22,5,1,1,18064,2.0178750417641163,20527,0,1,0,0,1,0
24015,53,7595,24388,0,0,0,0,1,0,22,5,1,1,31983,0.3114108819549797,23962,0,1,0,0,1,0
27783,53,5117,1259,0,0,1,0,0,1,22,5,1,1,6376,4.061111111111111,27730,0,1,0,0,1,0
5519,445,80038,111712,0,0,1,0,0,1,22,5,1,1,191750,0.716460931136036,5074,0,1,0,0,1,0
47334,53,18359,54499,0,0,1,0,1,0,23,5,1,1,72858,0.3368623853211009,47281,0,1,0,0,1,0
41394,80,163349,144274,0,0,1,0,0,1,0,6,1,1,307623,1.1322058568705597,41314,0,1,0,0,1,0
40987,53,5612,16809,0,0,1,0,1,0,0,6,1,1,22421,0.3338488994646044,40934,0,1,0,0,1,0
64604,21,1388,2243,0,0,1,0,0,1,0,6,1,1,3631,0.6185383244206774,64583,0,1,1,0,1,0
13644,25,27946,61530,1,0,0,0,0,1,0,6,1,1,89476,0.4541775690302449,13619,0,1,0,0,1,0
37346,22,429151,1492842,0,0,0,0,0,1,1,6,1,1,1921993,0.2874722927997117,37324,0,1,0,0,1,0
59409,3306,51512,43426,0,0,1,0,1,0,1,6,1,1,94938,1.1861744997351877,56103,0,0,1,0,1,0
40786,20933,3777597,10290747,0,0,1,0,1,0,1,6,1,1,14068344,0.36708672683462856,19853,0,0,0,0,0,0
23804,3389,37469,19547,0,0,1,0,1,0,1,6,1,1,57016,1.916768978923675,20415,0,0,0,0,1,0
32658,443,32108,40228,0,0,1,0,1,0,2,6,1,1,72336,0.7981307017325809,32215,0,1,0,0,1,0
23511,12391,700,2599,0,0,0,0,0,1,2,6,1,1,3299,0.2692307692307692,11120,0,0,0,0,0,0
44111,1433,43683,36059,0,0,0,0,1,0,2,6,1,1,79742,1.2113976705490848,42678,0,0,0,0,1,0
5932,443,28850,75154,0,0,1,0,1,0,2,6,1,1,104004,0.3838733284545273,5489,0,1,0,0,1,0
33103,53,11477,16705,1,0,1,0,1,0,2,6,1,1,28182,0.6869986831078654,33050,0,1,0,0,1,0
37011,445,17697,20288,1,0,1,0,1,0,3,6,1,1,37985,0.872246044654739,36566,0,1,0,0,1,0
3135,41920,19752,26491,0,0,0,0,1,0,3,6,1,1,46243,0.7455835723992149,38785,0,0,0,0,0,0
47558,3306,16516,11363,0,0,1,0,1,0,3,6,1,1,27879,1.4533614924322422,44252,0,0,0,0,1,0
51113,25,623774,2432583,0,0,0,0,1,0,3,6,1,1,3056357,0.25642444413019244,51088,0,1,1,0,1,0
14176,445,12168,17747,0,0,1,0,1,0,3,6,1,1,29915,0.6855983772819473,13731,0,1,0,0,1,0
445,22,28879,61753,0,0,1,0,0,1,4,6,1,1,90632,0.46764582051365094,423,1,1,0,0,1,1
61185,53,11542,2762,0,0,1,0,1,0,4,6,1,1,14304,4.1773434672457475,61132,0,1,1,0,1,0
22,25,77148,255543,0,0,1,0,0,1,4,6,1,1,332691,0.30189712926149703,3,1,1,0,0,1,1
61791,21,29226,85360,0,0,0,0,1,0,4,6,1,1,114586,0.3423811811014398,61770,0,1,1,0,1,0
30235,20534,14074,19122,0,0,1,0,1,0,4,6,1,1,33196,0.7359723892694661,9701,0,0,0,0,0,0
46351,3306,1010,1832,0,0,1,0,1,0,5,6,1,1,2842,0.5510092744135298,43045,0,0,0,0,1,0
7410,3389,32509,45808,0,0,1,0,1,0,5,6,1,1,78317,0.7096640398175031,4021,0,0,0,0,1,0
32805,443,13422,16092,0,0,1,0,1,0,5,6,1,1,29514,0.8340272168023364,32362,0,1,0,0,1,0
56551,25,19986,41669,0,0,1,0,1,0,5,6,1,1,61655,0.479625629949604,56526,0,1,1,0,1,0
64957,53,3321,3079,1,0,1,0,1,0,5,6,1,1,6400,1.0782467532467532,64904,0,1,1,0,1,0
26873,80,218218,514488,1,0,1,0,1,0,6,6,1,0,732706,0.4241451226362468,26793,0,1,0,0,1,0
29247,53,86750,251646,0,0,0,0,1,0,6,6,1,0,338396,0.34472892583658854,29194,0,1,0,0,1,0
45500,21,217320,321064,0,0,1,0,1,0,6,6,1,0,538384,0.6768722844283868,45479,0,1,0,0,1,0
46623,445,138021,548896,0,0,1,0,1,0,6,6,1,0,686917,0.25145154737591935,46178,0,1,0,0,1,0
27718,1433,56823,132344,0,0,1,0,0,1,6,6,1,0,189167,0.42935509463901167,26285,0,0,0,0,1,0
29996,22,3541,6063,0,0,1,0,1,0,6,6,1,0,9604,0.5839379947229552,29974,0,1,0,0,1,0
32170,21,420592,1738276,0,0,0,0,1,0,7,6,1,0,2158868,0.24195913539671757,32149,0,1,0,0,1,0
65038,80,4992,15183,0,0,1,0,0,1,7,6,1,0,20175,0.3287671232876712,64958,0,1,1,0,1,0
59084,21,14336,43572,1,0,1,0,1,0,7,6,1,0,57908,0.3290110848461203,59063,0,1,1,0,1,0
3306,21,68257,77527,0,0,1,1,0,0,7,6,1,0,145784,0.8804173975853885,3285,0,1,0,0,1,1
64362,53,73899,123487,0,0,1,0,1,0,7,6,1,0,197386,0.5984306167400881,64309,0,1,1,0,1,0
8880,3306,55026,213628,0,0,0,0,0,1,8,6,1,0,268654,0.2575773888376578,5574,0,0,0,0,1,0
10325,53,11609,20464,1,0,1,0,1,0,9,6,1,0,32073,0.5672611776203274,10272,0,1,0,0,1,0
29962,3389,8340,6485,1,0,0,0,0,1,10,6,1,0,14825,1.2858464384828863,26573,0,0,0,0,1,0
53472,25,1270920,1295232,0,0,0,0,1,0,10,6,1,0,2566152,0.9812288599811771,53447,0,1,1,0,1,0
16339,44619,20683,68775,0,0,0,0,1,0,10,6,1,0,89458,0.30072990578108644,28280,0,0,0,0,0,0
36938,628,5225,17496,0,1,0,0,1,0,10,6,1,0,22721,0.29862262102074644,36310,0,1,0,0,0,0
20744,25,7032,8127,0,0,1,0,1,0,10,6,1,0,15159,0.8651574803149606,20719,0,1,0,0,1,0
25624,50800,32580,26230,0,0,1,0,1,0,10,6,1,0,58810,1.2420418588692768,25176,0,0,0,1,0,0
45328,1433,30237,30928,0,0,0,0,1,0,10,6,1,0,61165,0.977626176080701,43895,0,0,0,0,1,0
11373,3389,21461,11768,0,0,1,0,0,1,10,6,1,0,33229,1.823519415413374,7984,0,0,0,0,1,0
62029,53,40569,29350,0,0,0,0,1,0,10,6,1,0,69919,1.3822016285646146,61976,0,1,1,0,1,0
20584,1433,370148,100347,0,0,1,0,0,1,10,6,1,0,470495,3.6886435205484913,19151,0,0,0,0,1,0
25,443,8500,23374,1,0,1,0,1,0,11,6,1,0,31874,0.36363636363636365,418,1,1,0,0,1,1
20839,30812,23598,46226,0,0,0,1,0,0,11,6,1,0,69824,0.5104808877928483,9973,0,0,0,0,0,0
35807,21,7812,18785,1,0,0,0,0,1,11,6,1,0,26597,0.4158415841584158,35786,0,1,0,0,1,0
36656,3306,35295,68112,1,0,1,0,1,0,11,6,1,0,103407,0.5181830193942419,33350,0,0,0,0,1,0
6774,3306,8870,6648,0,0,1,0,0,1,11,6,1,0,15518,1.3340351932621446,3468,0,0,0,0,1,0
26148,443,2797539,2169959,1,1,0,0,0,1,11,6,1,0,4967498,1.2892122435436597,25705,0,1,0,0,1,0
21,3306,2131,6963,0,0,1,0,1,0,11,6,1,0,9094,0.30600229753015507,3285,1,0,0,0,1,1
6113,1433,25757,98288,0,0,1,0,1,0,12,6,1,0,124045,0.26205373948254634,4680,0,0,0,0,1,0
41521,53,43810,20294,0,0,1,0,1,0,12,6,1,0,64104,2.158659768415866,41468,0,1,0,0,1,0
41087,53,432251,477466,0,0,0,0,0,1,12,6,1,0,909717,0.905300261588759,41034,0,1,0,0,1,0
7614,445,46686,38593,1,0,1,0,1,0,12,6,1,0,85279,1.209669896875162,7169,0,1,0,0,1,0
32396,22,10726,36164,0,0,1,0,1,0,13,6,1,0,46890,0.2965850960873773,32374,0,1,0,0,1,0
54412,80,2501,975,0,0,1,0,1,0,13,6,1,0,3476,2.5625,54332,0,1,1,0,1,0
23481,21,3121,2904,0,0,0,0,1,0,14,6,1,0,6025,1.074354561101549,23460,0,1,0,0,1,0
28653,53,2771,9232,0,0,0,0,0,1,14,6,1,0,12003,0.30011913787501354,28600,0,1,0,0,1,0
38397,25,444571,320421,1,0,0,1,0,0,14,6,1,0,764992,1.3874546691550518,38372,0,1,0,0,1,0
17830,443,34908,74850,0,0,1,0,1,0,15,6,1,0,109758,0.4663665148094214,17387,0,1,0,0,1,0
65122,53,8666,19220,0,0,1,0,1,0,15,6,1,0,27886,0.4508610374070028,65069,0,1,1,0,1,0
61801,21,4742,8534,0,0,0,0,1,0,15,6,1,0,13276,0.5555946104276509,61780,0,1,1,0,1,0
4287,445,5598,741,0,0,0,0,1,0,15,6,1,0,6339,7.544474393530997,3842,0,1,0,0,1,0
14479,445,8309,9539,0,0,0,0,1,0,16,6,1,0,17848,0.8709643605870021,14034,0,1,0,0,1,0
59010,443,180955,526107,0,0,1,0,1,0,16,6,1,0,707062,0.34395029157511386,58567,0,1,1,0,1,0
12108,21,20996,41939,0,0,0,0,1,0,16,6,1,0,62935,0.500619933237959,12087,0,1,0,0,1,0
46859,22,2173,1311,0,0,1,0,1,0,16,6,1,0,3484,1.65625,46837,0,1,0,0,1,0
57152,22,888006,622106,0,0,1,0,1,0,16,6,1,0,1510112,1.4274168270088585,57130,0,1,1,0,1,0
5493,25,3553,6954,0,0,1,0,1,0,17,6,1,0,10507,0.5108554996405463,5468,0,1,0,0,1,0
15705,22,8558,17011,0,0,1,0,0,1,17,6,1,0,25569,0.5030566658829062,15683,0,1,0,0,1,0
13376,25,179195,130542,0,0,0,0,1,0,17,6,1,0,309737,1.3726894586458103,13351,0,1,0,0,1,0
15098,80,42797,69762,1,0,1,0,1,0,17,6,1,0,112559,0.6134627237934148,15018,0,1,0,0,1,0
1719,3389,10385,13205,0,0,1,0,0,1,18,6,1,0,23590,0.7863849765258216,1670,0,0,0,0,1,0
443,445,3071,2487,0,0,1,0,1,0,18,6,1,0,5558,1.2343247588424437,2,1,1,0,0,1,1
31703,3389,4690,16429,0,0,1,0,1,0,18,6,1,0,21119,0.28545343883140595,28314,0,0,0,0,1,0
61980,22,5164,10760,0,0,1,0,1,0,18,6,1,0,15924,0.4798810519468451,61958,0,1,1,0,1,0
51249,443,22275,87156,0,0,0,0,1,0,18,6,1,0,109431,0.255573275812614,50806,0,1,1,0,1,0
22,21,29902,125204,0,0,1,0,0,1,18,6,1,0,155106,0.23882432810191287,1,1,1,0,0,1,1
34703,21,17363,64746,1,0,0,0,1,0,19,6,1,0,82109,0.2681668648740482,34682,0,1,0,0,1,0
36944,443,20686,63772,0,0,1,0,1,0,19,6,1,0,84458,0.32436924717356874,36501,0,1,0,0,1,0
32184,80,4100,16738,0,0,0,0,1,0,20,6,1,0,20838,0.24493697353485872,32104,0,1,0,0,1,0
5362,3306,35207,42257,1,0,1,0,1,0,20,6,1,0,77464,0.8331440200672062,2056,0,0,0,0,1,0
36844,21,170899,451610,0,0,0,1,0,0,20,6,1,0,622509,0.3784208090591239,36823,0,1,0,0,1,0
40732,1433,16975,45466,0,0,1,0,0,1,20,6,1,0,62441,0.3733477027294521,39299,0,0,0,0,1,0
10475,3389,16454,56617,1,0,1,0,1,0,21,6,1,0,73071,0.29061429227454166,7086,0,0,0,0,1,0
59429,53,25154,101698,0,0,1,0,1,0,21,6,1,0,126852,0.24733773193443398,59376,0,1,1,0,1,0
56001,1433,131811,392774,0,0,1,0,1,0,21,6,1,0,524585,0.33558907771624974,54568,0,0,1,0,1,0
6610,3389,5262,8394,0,0,1,0,1,0,21,6,1,0,13656,0.626801667659321,3221,0,0,0,0,1,0
23215,21,224438,112695,0,0,1,0,1,0,21,6,1,0,337133,1.991534748349542,23194,0,1,0,0,1,0
59367,25,43215,74163,0,0,1,0,1,0,22,6,1,1,117378,0.5826951081387196,59342,0,1,1,0,1,0
49564,3389,23060,22225,0,0,0,0,1,0,23,6,1,1,45285,1.0375236209844327,46175,0,0,1,0,1,0
8110,53,153457,179752,0,0,0,0,0,1,23,6,1,1,333209,0.8537103692288863,8057,0,1,0,0,1,0
29686,3306,3323,9400,0,0,1,0,1,0,23,6,1,1,12723,0.35347303478353365,26380,0,0,0,0,1,0
50741,445,50780,119505,0,0,0,0,1,0,0,0,0,1,170285,0.4249159038039931,50296,0,1,1,0,1,0
58913,445,43848,158359,0,0,1,0,1,0,0,0,0,1,202207,0.27688810305632733,58468,0,1,1,0,1,0
20731,3389,4930,18869,1,0,0,0,0,1,0,0,0,1,23799,0.26126126126126126,17342,0,0,0,0,1,0
22883,3389,46028,121949,0,0,1,0,0,1,1,0,0,1,167977,0.37743337433374335,19494,0,0,0,0,1,0
18776,3389,34658,53135,0,0,0,0,1,0,1,0,0,1,87793,0.6522508280638362,15387,0,0,0,0,1,0
37753,3389,16547,31785,0,0,1,0,1,0,1,0,0,1,48332,0.5205750959541937,34364,0,0,0,0,1,0
41895,21,87597,261705,1,0,1,0,0,1,1,0,0,1,349302,0.3347152912046342,41874,0,1,0,0,1,0
10037,3306,8823,936,0,0,0,0,1,0,3,0,0,1,9759,9.416221985058698,6731,0,0,0,0,1,0
57148,25,33945,31383,0,0,1,0,1,0,3,0,0,1,65328,1.0816020902370636,57123,0,1,1,0,1,0
9814,53,17842,7288,0,0,1,1,0,0,3,0,0,1,25130,2.4477980518589657,9761,0,1,0,0,1,0
30216,53,8237,19337,0,0,0,0,0,1,3,0,0,1,27574,0.42594890888406245,30163,0,1,0,0,1,0
46914,80,49247,101820,0,0,1,0,1,0,4,0,0,1,151067,0.4836625057699296,46834,0,1,0,0,1,0
3389,44595,15797,15583,0,0,1,0,1,0,4,0,0,1,31380,1.0136678644763861,41206,0,0,0,0,0,1
46130,53,2086,8084,0,0,0,0,1,0,4,0,0,1,10170,0.258008658008658,46077,0,1,0,0,1,0
37145,445,1234,2289,0,0,0,0,1,0,5,0,0,1,3523,0.5388646288209606,36700,0,1,0,0,1,0
12288,80,77846,190896,0,1,1,0,0,1,5,0,0,1,268742,0.4077905886420426,12208,0,1,0,0,1,0
38740,443,3124,4028,0,0,1,0,1,0,5,0,0,1,7152,0.7753785058327128,38297,0,1,0,0,1,0
55576,53,34441,85730,0,0,0,0,0,1,6,0,0,0,120171,0.4017333286675765,55523,0,1,1,0,1,0
8735,1433,24050,99629,0,0,0,0,1,0,6,0,0,0,123679,0.24139315467228747,7302,0,0,0,0,1,0
2386,80,12214,4227,0,0,1,0,1,0,7,0,0,0,16441,2.8888363292336803,2306,0,1,0,0,1,0
52524,3389,504170,499542,0,0,1,0,1,0,7,0,0,0,1003712,1.009262465893827,49135,0,0,1,0,1,0
443,25,29362,64741,0,0,1,0,1,0,7,0,0,0,94103,0.45352321522350253,418,1,1,0,0,1,1
3389,22,73792,208310,1,0,1,0,1,0,7,0,0,0,282102,0.3542395744823845,3367,0,1,0,0,1,1
23932,53,34742,45351,1,0,1,0,1,0,7,0,0,0,80093,0.76605221379432,23879,0,1,0,0,1,0
12063,3389,15207,7566,0,0,1,0,1,0,7,0,0,0,22773,2.0096471521078367,8674,0,0,0,0,1,0
41031,3306,21363,36619,0,0,1,0,1,0,7,0,0,0,57982,0.5833697433096668,37725,0,0,0,0,1,0
3306,22,227218,386082,0,0,1,0,1,0,8,0,0,0,613300,0.5885211211060835,3284,0,1,0,0,1,1
19807,445,125613,274264,0,0,1,0,1,0,8,0,0,0,399877,0.45799865093978454,19362,0,1,0,0,1,0
22067,80,500407,130316,1,0,0,0,1,0,8,0,0,0,630723,3.8399211154339037,21987,0,1,0,0,1,0
443,53,31402,104227,0,0,1,0,1,0,8,0,0,0,135629,0.3012818052730552,390,1,1,0,0,1,1
38015,80,5414,17744,0,0,1,0,1,0,8,0,0,0,23158,0.30510002817695125,37935,0,1,0,0,1,0
1203,25,10885,6322,0,0,0,0,1,0,8,0,0,0,17207,1.7214929622014867,1178,0,1,0,0,1,0
59469,21,3293,4328,0,0,0,0,1,0,8,0,0,0,7621,0.7606837606837606,59448,0,1,1,0,1,0
14491,80,75152,265143,0,0,1,0,1,0,8,0,0,0,340295,0.2834384334550282,14411,0,1,0,0,1,0
21,53,8625,30892,0,0,1,0,1,0,9,0,0,0,39517,0.27918946039555886,32,1,1,0,0,1,1
17537,21,165,93,0,0,1,0,0,1,9,0,0,0,258,1.7553191489361701,17516,0,1,0,0,1,0
30135,80,1134884,964554,0,0,0,0,1,0,9,0,0,0,2099438,1.1765881676006034,30055,0,1,0,0,1,0
64826,39127,8839,14831,0,0,1,0,1,0,9,0,0,0,23670,0.5959412081984897,25699,0,0,1,0,0,0
25477,21,8755,16318,0,0,1,0,1,0,9,0,0,0,25073,0.5364912065690299,25456,0,1,0,0,1,0
13664,25,319521,120200,0,0,1,0,0,1,9,0,0,0,439721,2.658222477350438,13639,0,1,0,0,1,0
47197,445,3186,13219,0,0,1,0,1,0,9,0,0,0,16405,0.2409984871406959,46752,0,1,0,0,1,0
62003,1433,135749,337526,0,0,0,0,1,0,9,0,0,0,473275,0.4021870842925159,60570,0,0,1,0,1,0
443,145,3003,4580,0,1,0,0,1,0,10,0,0,0,7583,0.6555337262606418,298,1,1,0,0,0,1
25226,25,2648,3166,0,0,1,0,1,0,10,0,0,0,5814,0.8361225134196401,25201,0,1,0,0,1,0
1433,3389,337441,597121,0,0,1,1,0,0,10,0,0,0,934562,0.5651123221050305,1956,0,0,0,0,1,1
57369,80,96466,398462,0,0,0,0,0,1,11,0,0,0,494928,0.2420952510019751,57289,0,1,1,0,1,0
46473,21,95990,10579,0,0,1,0,1,0,11,0,0,0,106569,9.072778827977316,46452,0,1,0,0,1,0
63464,80,39665,149947,0,0,1,0,0,1,11,0,0,0,189612,0.26452503534558647,63384,0,1,1,0,1,0
445,80,57443,174338,0,0,1,0,1,0,11,0,0,0,231781,0.32949024601494786,365,1,1,0,0,1,1
64897,443,3067,2875,0,0,0,0,1,0,11,0,0,0,5942,1.0664116828929069,64454,0,1,1,0,1,0
22,1433,26332,88380,0,0,0,0,1,0,12,0,0,0,114712,0.2979373394734162,1411,1,0,0,0,1,1
54384,22,4983,7195,0,0,1,0,1,0,12,0,0,0,12178,0.6924680377987771,54362,0,1,1,0,1,0
3389,80,2386,2788,1,0,0,0,1,0,12,0,0,0,5174,0.8555037647902474,3309,0,1,0,0,1,1
5116,21,42511,159872,0,0,1,0,1,0,12,0,0,0,202383,0.26590481194448096,5095,0,1,0,0,1,0
443,1433,140510,89141,0,0,1,0,1,0,12,0,0,0,229651,1.5762491306006148,990,1,0,0,0,1,1
51169,443,11927,14650,0,0,1,0,0,1,13,0,0,0,26577,0.8140741246331309,50726,0,1,1,0,1,0
40809,445,15690,37688,0,0,1,1,0,0,13,0,0,0,53378,0.41630183873278676,40364,0,1,0,0,1,0
21,3389,3565,744,0,0,1,0,1,0,13,0,0,0,4309,4.785234899328859,3368,1,0,0,0,1,1
3327,1433,22282,3091,0,0,1,0,1,0,14,0,0,0,25373,7.20633893919793,1894,0,0,0,0,1,0
15514,80,74318,184642,0,0,1,0,0,1,14,0,0,0,258960,0.4024956266958401,15434,0,1,0,0,1,0
51874,1433,78154,219889,1,0,0,0,0,1,14,0,0,0,298043,0.3554231661285188,50441,0,0,1,0,1,0
15531,22,52695,190818,0,0,1,0,1,0,14,0,0,0,243513,0.2761517458953249,15509,0,1,0,0,1,0
4794,22,8188,2712,0,0,0,0,1,0,14,0,0,0,10900,3.0180611868779947,4772,0,1,0,0,1,0
42311,3306,7783,2171,0,1,1,0,1,0,14,0,0,0,9954,3.5833333333333335,39005,0,0,0,0,1,0
3306,445,78640,52259,0,0,1,0,1,0,15,0,0,0,130899,1.5047837734404899,2861,0,1,0,0,1,1
50581,3389,80756,215914,0,0,1,1,0,0,15,0,0,0,296670,0.37401755320380703,47192,0,0,1,0,1,0
2679,1433,16727,8216,0,0,1,0,1,0,15,0,0,0,24943,2.0356577826457345,1246,0,0,0,0,1,0
53970,53,11138,5483,0,0,1,0,0,1,15,0,0,0,16621,2.0309992706053976,53917,0,1,1,0,1,0
25,21,142570,585265,0,0,1,0,1,0,16,0,0,0,727835,0.2435986372008625,4,1,1,0,0,1,1
8190,25,12383,46361,0,0,0,1,0,0,16,0,0,0,58744,0.2670937405633924,8165,0,1,0,0,1,0
44103,445,72656,17639,0,0,1,0,1,0,16,0,0,0,90295,4.118820861678005,43658,0,1,0,0,1,0
45977,1433,17695,61760,0,0,1,0,1,0,16,0,0,0,79455,0.2865076666504752,44544,0,0,0,0,1,0
10454,53,4121,12682,0,0,0,0,1,0,17,0,0,0,16803,0.32492312544350704,10401,0,1,0,0,1,0
445,80,290598,825350,1,0,1,0,1,0,17,0,0,0,1115948,0.35209020162330934,365,1,1,0,0,1,1
57334,53,26691,12133,0,0,1,0,1,0,17,0,0,0,38824,2.1996868303939343,57281,0,1,1,0,1,0
11535,3306,7064,12673,0,0,1,0,1,0,17,0,0,0,19737,0.5573615275366893,8229,0,0,0,0,1,0
38111,443,2379,9281,0,0,1,0,1,0,18,0,0,0,11660,0.25630252100840334,37668,0,1,0,0,1,0
22,53,2796,10948,0,0,1,0,1,0,18,0,0,0,13744,0.25536578682984745,31,1,1,0,0,1,1
22,3306,12128,36509,1,0,1,0,1,0,18,0,0,0,48637,0.3321829635716242,3284,1,0,0,0,1,1
51905,3389,479359,210088,0,0,1,0,1,0,18,0,0,0,689447,2.2816949007325467,48516,0,0,1,0,1,0
18643,22,8643,31803,0,0,1,0,1,0,19,0,0,0,40446,0.27175826940007547,18621,0,1,0,0,1,0
61376,443,223223,933094,0,0,0,0,0,1,19,0,0,0,1156317,0.23922858872890757,60933,0,1,1,0,1,0
9818,21,17868,70004,0,0,1,0,1,0,19,0,0,0,87872,0.255238911506321,9797,0,1,0,0,1,0
10685,1433,3328,8844,0,0,0,0,0,1,19,0,0,0,12172,0.3762577727529678,9252,0,0,0,0,1,0
80,21,10330,38374,0,0,1,0,1,0,20,0,0,0,48704,0.269185667752443,59,1,1,0,0,1,1
49851,25,2836,10951,0,0,0,0,1,0,20,0,0,0,13787,0.2589481373265157,49826,0,1,1,0,1,0
1433,22,5599,14997,0,0,1,0,1,0,20,0,0,0,20596,0.3733164421922923,1411,0,1,0,0,1,1
36127,80,5339,17033,0,0,1,0,1,0,22,0,0,1,22372,0.3134319596101914,36047,0,1,0,0,1,0
34053,80,1047,743,0,0,0,0,1,0,22,0,0,1,1790,1.407258064516129,33973,0,1,0,0,1,0
21,21,247823,254180,0,0,0,0,1,0,22,0,0,1,502003,0.9749863286398275,0,1,1,0,0,1,1
443,25,30872,95713,0,0,0,0,1,0,22,0,0,1,126585,0.32254424640073553,418,1,1,0,0,1,1
24465,3306,7346,22689,0,0,1,0,1,0,22,0,0,1,30035,0.32375495813133537,21159,0,0,0,0,1,0
15133,3306,31407,102495,0,0,0,0,1,0,22,0,0,1,133902,0.306421714018108,11827,0,0,0,0,1,0
3306,443,5786,14088,0,0,1,0,1,0,22,0,0,1,19874,0.41067499467669816,2863,0,1,0,0,1,1
31241,1433,306,734,0,0,1,0,1,0,22,0,0,1,1040,0.4163265306122449,29808,0,0,0,0,1,0
60845,3306,2497264,1809069,0,0,1,0,1,0,23,0,0,1,4306333,1.3804131404533821,57539,0,0,1,0,1,0
37266,443,29832,88683,1,0,1,0,1,0,23,0,0,1,118515,0.3363853682738713,36823,0,1,0,0,1,0
56501,3306,8583,24202,0,0,0,0,1,0,23,0,0,1,32785,0.3546254596537619,53195,0,0,1,0,1,0
1433,25,997,2063,1,0,0,0,1,0,0,1,0,1,3060,0.48304263565891475,1408,0,1,0,0,1,1
58343,443,2016,1318,0,0,1,0,1,0,1,1,0,1,3334,1.5284306292645944,57900,0,1,1,0,1,0
48437,80,310887,778050,0,0,1,0,1,0,1,1,0,1,1088937,0.39957149338539505,48357,0,1,0,0,1,0
27754,80,243555,121886,0,0,0,0,1,0,1,1,0,1,365441,1.9982032538334686,27674,0,1,0,0,1,0
36380,22,73507,133474,0,0,1,0,1,0,1,1,0,1,206981,0.5507173628020229,36358,0,1,0,0,1,0
8448,25,3699,8529,0,0,1,0,1,0,1,1,0,1,12228,0.4336459554513482,8423,0,1,0,0,1,0
1433,21,246707,734967,0,0,1,0,1,0,1,1,0,1,981674,0.3356703965342709,1412,0,1,0,0,1,1
52022,25,45236,93089,0,0,0,0,1,0,1,1,0,1,138325,0.48593833924159413,51997,0,1,1,0,1,0
19998,80,62810,161602,0,0,1,0,1,0,1,1,0,1,224412,0.3886685271931833,19918,0,1,0,0,1,0
1433,445,44975,126633,0,0,1,0,1,0,2,1,0,1,171608,0.35515738269343144,988,0,1,0,0,1,1
57239,1433,1975,6694,0,0,1,0,0,1,2,1,0,1,8669,0.2949962658700523,55806,0,0,1,0,1,0
15377,25,3238,12235,1,0,1,0,1,0,2,1,0,1,15473,0.2646289637136319,15352,0,1,0,0,1,0
55306,3306,9736,9324,0,0,0,0,1,0,2,1,0,1,19060,1.0440750670241288,52000,0,0,1,0,1,0
30363,80,61686,62269,0,0,0,0,1,0,2,1,0,1,123955,0.9906214870724265,30283,0,1,0,0,1,0
1433,53,2419,5646,0,0,0,0,1,0,2,1,0,1,8065,0.4283690455108907,1380,0,1,0,0,1,1
3389,443,16638,33013,1,0,1,0,0,1,3,1,0,1,49651,0.5039680135700007,2946,0,1,0,0,1,1
34835,21,16604,29126,0,0,1,0,1,0,3,1,0,1,45730,0.5700552751742369,34814,0,1,0,0,1,0
35039,22,78306,282546,0,0,1,1,0,0,3,1,0,1,360852,0.27714327173886116,35017,0,1,0,0,1,0
15099,445,64826,265621,0,0,0,0,1,0,3,1,0,1,330447,0.24405357989925533,14654,0,1,0,0,1,0
21,22,4374,8809,0,0,1,0,1,0,3,1,0,1,13183,0.49648127128263336,1,1,1,0,0,1,1
22,25,222948,841183,0,0,1,0,1,0,4,1,0,1,1064131,0.2650407045307566,3,1,1,0,0,1,1
30850,1433,3424,2621,0,0,1,0,1,0,5,1,0,1,6045,1.3058733790999237,29417,0,0,0,0,1,0
25,445,126447,439843,0,0,1,0,1,0,5,1,0,1,566290,0.2874814707032493,420,1,1,0,0,1,1
24761,445,9134,25647,0,0,1,0,1,0,5,1,0,1,34781,0.3561291328758578,24316,0,1,0,0,1,0
15293,443,28632,116892,0,0,1,0,1,0,6,1,0,0,145524,0.24494195546354358,14850,0,1,0,0,1,0
3389,1433,31621,119523,0,0,1,0,0,1,6,1,0,0,151144,0.264557745724708,1956,0,0,0,0,1,1
40564,445,30222,50716,1,0,0,0,1,0,7,1,0,0,80938,0.5958948675986355,40119,0,1,0,0,1,0
48501,443,64808,19448,0,0,0,0,1,0,7,1,0,0,84256,3.3322021697773665,48058,0,1,0,0,1,0
4944,53,41205,115195,0,0,1,0,1,0,7,1,0,0,156400,0.35769471162193134,4891,0,1,0,0,1,0
2615,1433,77175,69481,0,0,1,0,1,0,8,1,0,0,146656,1.1107193229901269,1182,0,0,0,0,1,0
62303,25,46322,6736,0,0,1,0,1,0,8,1,0,0,53058,6.875760724358023,62278,0,1,1,0,1,0
53028,53,2912,11664,0,0,0,0,1,0,8,1,0,0,14576,0.2496356622374625,52975,0,1,1,0,1,0
35768,445,33917,97549,0,0,1,0,1,0,8,1,0,0,131466,0.34768836494105587,35323,0,1,0,0,1,0
47403,80,8935,15236,0,0,1,0,1,0,8,1,0,0,24171,0.5864015226094376,47323,0,1,0,0,1,0
5539,25,3733,7697,0,0,0,0,1,0,8,1,0,0,11430,0.48493115094829825,5514,0,1,0,0,1,0
53,53,13852,50430,0,0,0,0,1,0,9,1,0,0,64282,0.2746723245622732,0,1,1,0,0,1,1
62546,3389,29530,7318,0,0,0,0,0,1,9,1,0,0,36848,4.0347041945620985,59157,0,0,1,0,1,0
41602,53,32842,59810,0,0,0,0,1,0,9,1,0,0,92652,0.5490963200749026,41549,0,1,0,0,1,0
41344,53,119328,70487,1,0,1,0,1,0,9,1,0,0,189815,1.692883895131086,41291,0,1,0,0,1,0
53,80,178384,49721,0,0,1,0,1,0,10,1,0,0,228105,3.5876272072724347,27,1,1,0,0,1,1
45048,1433,37723,129912,0,0,0,0,0,1,10,1,0,0,167635,0.29037124845088635,43615,0,0,0,0,1,0
12050,445,50381,13874,0,0,1,0,1,0,10,1,0,0,64255,3.631063063063063,11605,0,1,0,0,1,0
11721,53,25655,85326,0,0,1,0,1,0,10,1,0,0,110981,0.30066684636750385,11668,0,1,0,0,1,0
35223,53,75174,190256,0,0,1,0,1,0,11,1,0,0,265430,0.39511818224822215,35170,0,1,0,0,1,0
11615,25,48010,76302,0,0,1,0,1,0,11,1,0,0,124312,0.6292019973002372,11590,0,1,0,0,1,0
445,443,20187,18212,1,0,1,0,0,1,11,1,0,0,38399,1.108384121232087,2,1,1,0,0,1,1
32249,25,689120,2294398,0,0,1,0,1,0,11,1,0,0,2983518,0.3003488059400305,32224,0,1,0,0,1,0
37220,80,9192,6868,1,0,1,0,1,0,11,1,0,0,16060,1.338186053282865,37140,0,1,0,0,1,0
37724,25,225738,837990,0,0,0,0,1,0,11,1,0,0,1063728,0.26937998140791486,37699,0,1,0,0,1,0
29217,25,2522,6280,0,0,1,0,1,0,12,1,0,0,8802,0.4015284190415539,29192,0,1,0,0,1,0
18828,80,80966,103474,0,0,0,0,0,1,12,1,0,0,184440,0.7824691954578401,18748,0,1,0,0,1,0
61630,80,219368,785032,0,0,1,0,1,0,12,1,0,0,1004400,0.27943793445625853,61550,0,1,1,0,1,0
11441,445,1041,499,0,0,1,0,1,0,12,1,0,0,1540,2.082,10996,0,1,0,0,1,0
30502,3389,27510,23214,0,0,1,0,1,0,12,1,0,0,50724,1.1850096920094766,27113,0,0,0,0,1,0
65225,3389,69193,56520,0,0,1,0,1,0,12,1,0,0,125713,1.2241998549211797,61836,0,0,1,0,1,0
445,1433,32963,64853,0,0,0,0,1,0,13,1,0,0,97816,0.5082647176735436,988,1,0,0,0,1,1
56867,53,40338,156741,1,0,1,1,0,0,13,1,0,0,197079,0.25735284735425096,56814,0,1,1,0,1,0
31296,1433,27390,66902,0,0,0,1,0,0,13,1,0,0,94292,0.40939868167346755,29863,0,0,0,0,1,0
15531,25,3824,14058,0,0,1,0,1,0,13,1,0,0,17882,0.27199658581691444,15506,0,1,0,0,1,0
44753,3389,973714,2848883,0,0,1,0,1,0,13,1,0,0,3822597,0.3417878720228693,41364,0,0,0,0,1,0
3306,443,9841,29974,0,0,1,0,1,0,13,1,0,0,39815,0.3283069224353628,2863,0,1,0,0,1,1
35979,443,44119,152960,0,0,1,0,1,0,13,1,0,0,197079,0.2884329992612496,35536,0,1,0,0,1,0
22,25,7824,14736,0,0,0,0,1,0,14,1,0,0,22560,0.5309085974078849,3,1,1,0,0,1,1
15572,4384,577,2238,1,0,1,0,1,0,14,1,0,0,2815,0.25770433229120143,11188,0,0,0,0,0,0
14642,53,5017,5685,0,0,1,0,1,0,14,1,0,0,10702,0.8823425958494548,14589,0,1,0,0,1,0
8818,80,2172,5838,0,0,1,0,1,0,15,1,0,0,8010,0.37198150368213734,8738,0,1,0,0,1,0
13971,53,126311,193229,1,0,0,0,1,0,15,1,0,0,319540,0.6536821404543808,13918,0,1,0,0,1,0
56924,21,8341,10565,0,0,1,0,1,0,15,1,0,0,18906,0.7894188907817528,56903,0,1,1,0,1,0
19525,443,9676,9600,1,0,0,0,0,1,16,1,0,0,19276,1.007811686282679,19082,0,1,0,0,1,0
22612,80,4012,4949,0,0,1,0,1,0,16,1,0,0,8961,0.8105050505050505,22532,0,1,0,0,1,0
62445,445,25602,11433,0,0,1,0,1,0,16,1,0,0,37035,2.2391114220745147,62000,0,1,1,0,1,0
80,445,7000,10910,0,0,0,0,1,0,17,1,0,0,17910,0.6415543946476033,365,1,1,0,0,1,1
11475,80,107771,170828,0,0,1,0,1,0,17,1,0,0,278599,0.6308706367185899,11395,0,1,0,0,1,0
47854,3306,35712,110305,0,0,1,0,1,0,17,1,0,0,146017,0.32375392091092053,44548,0,0,0,0,1,0
50091,3389,8822,31588,0,0,1,0,1,0,18,1,0,0,40410,0.27927443097280696,46702,0,0,1,0,1,0
3473,25,85851,95774,1,0,1,1,0,0,18,1,0,0,181625,0.8963821456538763,3448,0,1,0,0,1,0
18563,53,22308,48170,0,0,1,0,1,0,18,1,0,0,70478,0.4631002055178427,18510,0,1,0,0,1,0
34197,3389,22797,24356,0,0,1,0,1,0,18,1,0,0,47153,0.9359527035349181,30808,0,0,0,0,1,0
30762,80,2121,6311,0,0,1,0,1,0,19,1,0,0,8432,0.3360266159695818,30682,0,1,0,0,1,0
22,53,19658,24891,0,0,0,0,0,1,19,1,0,0,44549,0.7897316406877711,31,1,1,0,0,1,1
3389,80,36844,51752,0,0,1,0,1,0,19,1,0,0,88596,0.7119200819276177,3309,0,1,0,0,1,1
14839,3306,186038,112653,0,0,1,0,0,1,19,1,0,0,298691,1.6514105136080388,11533,0,0,0,0,1,0
3306,55127,6614,8193,1,0,1,0,1,0,19,1,0,0,14807,0.8071759824261655,51821,0,0,0,1,0,1
30026,443,843212,1642034,0,0,1,1,0,0,20,1,0,0,2485246,0.5135164597587749,29583,0,1,0,0,1,0
39686,19049,53690,46420,0,0,1,0,1,0,20,1,0,0,100110,1.1565886129122596,20637,0,0,0,0,0,0
42174,80,1937,5090,1,0,0,0,1,0,20,1,0,0,7027,0.3804753486544883,42094,0,1,0,0,1,0
6007,443,5696,18686,0,0,1,0,0,1,21,1,0,0,24382,0.304810831059025,5564,0,1,0,0,1,0
58960,53,213971,705678,0,0,1,0,0,1,21,1,0,0,919649,0.30321293392604853,58907,0,1,1,0,1,0
54935,3389,161001,136414,0,0,1,0,1,0,21,1,0,0,297415,1.1802294469083312,51546,0,0,1,0,1,0
80,22,22673,92981,0,0,1,0,1,0,21,1,0,0,115654,0.24384289432363254,58,1,1,0,0,1,1
53111,25,27997,65677,1,0,0,0,1,0,21,1,0,0,93674,0.4262766832120345,53086,0,1,1,0,1,0
54927,3389,3417,2394,0,0,0,0,1,0,22,1,0,1,5811,1.4267223382045928,51538,0,0,1,0,1,0
20111,443,182464,83308,0,0,1,0,1,0,22,1,0,1,265772,2.1902075406018557,19668,0,1,0,0,1,0
2278,842,25214,15690,1,1,1,1,0,0,22,1,0,1,40904,1.6069084188388247,1436,0,1,0,0,0,0
23318,443,85100,270155,1,0,1,0,1,0,22,1,0,1,355255,0.31500318334591865,22875,0,1,0,0,1,0
21,80,191619,174508,0,0,1,0,1,0,22,1,0,1,366127,1.0980465190907058,59,1,1,0,0,1,1
6700,22,23790,75609,0,0,0,0,1,0,23,1,0,1,99399,0.3146409205131596,6678,0,1,0,0,1,0
27077,1433,103588,169982,0,0,1,0,1,0,23,1,0,1,273570,0.6094021166822564,25644,0,0,0,0,1,0
48242,80,423463,52018,0,0,1,0,0,1,23,1,0,1,475481,8.14054480093812,48162,0,1,0,0,1,0
17578,25,33818,77275,0,0,1,0,1,0,0,2,0,1,111093,0.4376261711268699,17553,0,1,0,0,1,0
8811,53,16639,50622,0,0,1,0,1,0,0,2,0,1,67261,0.32868459000849415,8758,0,1,0,0,1,0
44202,25,19792,18318,0,0,1,0,1,0,1,2,0,1,38110,1.0804083192313991,44177,0,1,0,0,1,0
34010,3306,6709,15789,0,0,0,0,1,0,1,2,0,1,22498,0.42488917036098794,30704,0,0,0,0,1,0
3412,3389,6470,6259,0,0,1,0,0,1,2,2,0,1,12729,1.0335463258785942,23,0,0,0,0,1,0
34272,445,44705,101269,0,0,1,1,0,0,2,2,0,1,145974,0.44144366544880026,33827,0,1,0,0,1,0
58384,3306,16944,24328,0,0,1,0,1,0,2,2,0,1,41272,0.6964527929631305,55078,0,0,1,0,1,0
65010,22,37201,12044,0,0,0,0,1,0,2,2,0,1,49245,3.0885014528850143,64988,0,1,1,0,1,0
80,80,2030,2421,0,1,1,0,1,0,2,2,0,1,4451,0.838150289017341,0,1,1,0,0,1,1
65002,22,18992,70892,0,0,1,0,1,0,2,2,0,1,89884,0.2678966893769484,64980,0,1,1,0,1,0
3316,25,114483,310288,0,0,0,0,1,0,3,2,0,1,424771,0.36895603775834784,3291,0,1,0,0,1,0
60849,80,3676,658,0,0,1,0,1,0,3,2,0,1,4334,5.57814871016692,60769,0,1,1,0,1,0
59659,445,22616,36217,0,0,0,0,1,0,3,2,0,1,58833,0.6244408857474184,59214,0,1,1,0,1,0
10520,1433,1133,4360,0,0,1,0,1,0,3,2,0,1,5493,0.25980279752350377,9087,0,0,0,0,1,0
60782,3389,2727,2904,0,0,1,0,1,0,3,2,0,1,5631,0.9387263339070568,57393,0,0,1,0,1,0
445,445,80198,143167,1,0,0,0,0,1,3,2,0,1,223365,0.560167076441663,0,1,1,0,0,1,1
7663,22,13428,40626,0,0,1,0,1,0,4,2,0,1,54054,0.3305191129052108,7641,0,1,0,0,1,0
36926,3389,406490,1309556,0,0,0,0,0,1,4,2,0,1,1716046,0.31040267815757544,33537,0,0,0,0,1,0
27030,443,43998,87316,0,0,0,0,1,0,5,2,0,1,131314,0.503888131749831,26587,0,1,0,0,1,0
45532,445,51480,191741,0,0,0,0,1,0,5,2,0,1,243221,0.2684857777638702,45087,0,1,0,0,1,0
47669,3306,3934,15718,0,0,0,0,1,0,5,2,0,1,19652,0.2502703734334245,44363,0,0,0,0,1,0
12585,49338,11894,49416,0,0,1,0,1,0,5,2,0,1,61310,0.24068640346439485,36753,0,0,0,1,0,0
22,53,6821,25103,0,0,1,0,1,0,5,2,0,1,31924,0.2717096876991714,31,1,1,0,0,1,1
60209,22,4004,13111,0,0,0,0,1,0,5,2,0,1,17115,0.3053691275167785,60187,0,1,1,0,1,0
443,1433,63718,153721,1,0,0,0,1,0,5,2,0,1,217439,0.41450150271268915,990,1,0,0,0,1,1
6679,21,87835,201593,0,0,0,0,1,0,5,2,0,1,289428,0.43570245146184905,6658,0,1,0,0,1,0
40805,25,41701,30901,0,0,1,1,0,0,6,2,0,0,72602,1.3494595819040838,40780,0,1,0,0,1,0
53423,443,5855,20302,0,0,1,0,1,0,6,2,0,0,26157,0.28838102743436933,52980,0,1,1,0,1,0
20373,1433,37390,147980,1,0,1,0,1,0,6,2,0,0,185370,0.2526675721883215,18940,0,0,0,0,1,0
21106,1433,1032,1122,1,0,1,0,1,0,7,2,0,0,2154,0.918967052537845,19673,0,0,0,0,1,0
30079,3306,182921,46690,0,0,1,0,1,0,7,2,0,0,229611,3.9176929172645694,26773,0,0,0,0,1,0
8432,1433,2759,7391,0,0,0,0,1,0,7,2,0,0,10150,0.373241341991342,6999,0,0,0,0,1,0
16957,3306,3667,10931,0,0,1,0,1,0,7,2,0,0,14598,0.33543724844493233,13651,0,0,0,0,1,0
21212,53,26488,6758,0,0,1,0,1,0,7,2,0,0,33246,3.9189229175913596,21159,0,1,0,0,1,0
3389,80,30535,21279,0,0,0,0,1,0,8,2,0,0,51814,1.4349154135338347,3309,0,1,0,0,1,1
53,1433,19606,62964,0,0,0,0,1,0,8,2,0,0,82570,0.3113793377273088,1380,1,0,0,0,1,1
24248,25,3728,3771,0,0,1,0,1,0,9,2,0,0,7499,0.9883351007423118,24223,0,1,0,0,1,0
43662,1433,135044,328611,0,0,0,1,0,0,9,2,0,0,463655,0.41095273453190995,42229,0,0,0,0,1,0
8353,22,1483,1123,0,0,0,0,1,0,9,2,0,0,2606,1.3193950177935942,8331,0,1,0,0,1,0
6960,3389,2052,6965,1,0,1,0,1,0,9,2,0,0,9017,0.29457364341085274,3571,0,0,0,0,1,0
5356,445,18561,34236,1,0,1,0,0,1,9,2,0,0,52797,0.5421327803253789,4911,0,1,0,0,1,0
29392,443,2913,10921,0,0,1,0,1,0,9,2,0,0,13834,0.266709393883904,28949,0,1,0,0,1,0
57312,3389,155780,344602,1,0,1,0,1,0,10,2,0,0,500382,0.45205642434917864,53923,0,0,1,0,1,0
21,443,3343,5733,1,0,1,0,1,0,10,2,0,0,9076,0.5830136030694105,422,1,1,0,0,1,1
31862,22,265997,364296,0,0,1,0,1,0,10,2,0,0,630293,0.7301652223323277,31840,0,1,0,0,1,0
33769,445,115404,206263,0,0,1,0,0,1,10,2,0,0,321667,0.5594965675057209,33324,0,1,0,0,1,0
47641,443,158909,175435,0,0,0,0,1,0,10,2,0,0,334344,0.9057947057616452,47198,0,1,0,0,1,0
37341,22,451066,1059642,0,0,1,0,1,0,10,2,0,0,1510708,0.4256773271752845,37319,0,1,0,0,1,0
56690,80,25083,9178,0,0,1,0,1,0,11,2,0,0,34261,2.7326506155354613,56610,0,1,1,0,1,0
43752,80,4355,524,0,0,0,0,0,1,11,2,0,0,4879,8.295238095238096,43672,0,1,0,0,1,0
41430,1433,18679,63414,0,0,1,0,1,0,11,2,0,0,82093,0.2945517622013719,39997,0,0,0,0,1,0
1616,3306,8895,6393,1,0,0,0,1,0,11,2,0,0,15288,1.391147951204254,1690,0,0,0,0,1,0
22,22,7081,20595,0,1,0,0,0,1,11,2,0,0,27676,0.3438046222567489,0,1,1,0,0,1,1
40117,80,28039,70619,1,0,1,0,1,0,11,2,0,0,98658,0.3970404984423676,40037,0,1,0,0,1,0
65397,80,13376,22963,0,0,1,0,1,0,12,2,0,0,36339,0.5824769203971434,65317,0,1,1,0,1,0
29362,445,6610,16862,0,0,1,0,1,0,12,2,0,0,23472,0.3919824467769673,28917,0,1,0,0,1,0
27644,22,14873,55538,0,0,1,0,1,0,12,2,0,0,70411,0.2677938025531608,27622,0,1,0,0,1,0
64888,21,53016,127392,0,0,1,0,1,0,12,2,0,0,180408,0.41616101355647483,64867,0,1,1,0,1,0
65321,25,101749,246089,0,0,1,0,1,0,12,2,0,0,347838,0.41346255435003454,65296,0,1,1,0,1,0
80,1433,1694,2597,0,0,0,0,1,0,12,2,0,0,4291,0.6520400307929176,1353,1,0,0,0,1,1
28791,3306,13559,24066,1,0,1,0,1,0,13,2,0,0,37625,0.5633855486766112,25485,0,0,0,0,1,0
17379,25,17568,43688,0,0,1,0,1,0,13,2,0,0,61256,0.4021149488429582,17354,0,1,0,0,1,0
28250,25,3320,719,0,0,1,0,1,0,13,2,0,0,4039,4.611111111111111,28225,0,1,0,0,1,0
49234,10123,18187,16645,0,0,1,0,1,0,13,2,0,0,34832,1.0925747927430014,39111,0,0,1,0,0,0
40049,3306,27911,57127,0,0,1,1,0,0,13,2,0,0,85038,0.4885695280773001,36743,0,0,0,0,1,0
8736,443,50520,41917,0,0,1,0,1,0,13,2,0,0,92437,1.205210172241042,8293,0,1,0,0,1,0
18227,3389,24920,57845,0,0,1,0,0,1,13,2,0,0,82765,0.4307990180824949,14838,0,0,0,0,1,0
40572,80,5380,7259,0,0,1,0,1,0,14,2,0,0,12639,0.7410468319559229,40492,0,1,0,0,1,0
58993,25,550866,1786769,0,0,0,0,1,0,14,2,0,0,2337635,0.30830269144881545,58968,0,1,1,0,1,0
49302,3306,83000,332797,0,0,1,0,1,0,14,2,0,0,415797,0.24940053726284414,45996,0,0,1,0,1,0
42132,22,53335,194920,0,0,0,0,0,1,14,2,0,0,248255,0.2736236731804167,42110,0,1,0,0,1,0
445,59249,109944,453641,0,0,1,0,0,1,14,2,0,0,563585,0.24235851177800996,58804,1,0,0,1,0,1
445,3389,32577,11619,1,0,1,0,1,0,15,2,0,0,44196,2.803528399311532,2944,1,0,0,0,1,1
3389,3389,172487,602121,0,1,1,0,0,1,15,2,0,0,774608,0.28646520140436654,0,0,0,0,0,1,1
59546,443,24124,52223,1,0,1,0,1,0,15,2,0,0,76347,0.4619332107843137,59103,0,1,1,0,1,0
1458,3306,22088,19590,0,0,0,0,1,0,16,2,0,0,41678,1.1274564851207187,1848,0,0,0,0,1,0
40867,445,60862,129327,1,0,1,1,0,0,16,2,0,0,190189,0.47060188048991713,40422,0,1,0,0,1,0
28987,53,274353,685825,0,0,1,0,0,1,16,2,0,0,960178,0.40003295296474617,28934,0,1,0,0,1,0
36477,445,247527,503901,0,0,0,0,0,1,16,2,0,0,751428,0.49122051510015835,36032,0,1,0,0,1,0
64703,445,56871,193251,1,0,1,0,1,0,16,2,0,0,250122,0.2942841471239625,64258,0,1,1,0,1,0
3410,22,50341,72834,0,0,1,0,1,0,17,2,0,0,123175,0.6911649619001854,3388,0,1,0,0,1,0
17435,22,67081,8051,0,0,1,0,1,0,17,2,0,0,75132,8.330973671137606,17413,0,1,0,0,1,0
20946,80,106616,126027,0,0,1,0,1,0,17,2,0,0,232643,0.8459707366616942,20866,0,1,0,0,1,0
29063,80,175952,289626,1,0,1,0,0,1,18,2,0,0,465578,0.6075124211485807,28983,0,1,0,0,1,0
25,80,15085,54949,0,0,1,0,1,0,18,2,0,0,70034,0.27452229299363057,55,1,1,0,0,1,1
44116,445,181479,670295,0,0,1,0,1,0,18,2,0,0,851774,0.270744566579541,43671,0,1,0,0,1,0
21,80,38131,65542,1,0,1,0,1,0,18,2,0,0,103673,0.5817707459225241,59,1,1,0,0,1,1
1433,21,62410,90615,1,0,1,0,1,0,18,2,0,0,153025,0.6887304670256909,1412,0,1,0,0,1,1
45644,445,201011,449256,0,0,0,0,1,0,19,2,0,0,650267,0.44742986753684416,45199,0,1,0,0,1,0
18282,443,72787,81243,0,0,0,0,1,0,19,2,0,0,154030,0.8959061592240658,17839,0,1,0,0,1,0
7459,154,276,1036,0,1,1,0,0,1,19,2,0,0,1312,0.266152362584378,7305,0,1,0,0,0,0
21,3306,11812,37152,0,0,1,0,1,0,19,2,0,0,48964,0.31792856566091565,3285,1,0,0,0,1,1
2392,25,242146,144191,0,0,1,0,0,1,19,2,0,0,386337,1.679330337328007,2367,0,1,0,0,1,0
445,443,67043,138183,0,0,0,0,1,0,19,2,0,0,205226,0.4851719446535055,2,1,1,0,0,1,1
55055,445,26949,91723,1,0,1,0,1,0,19,2,0,0,118672,0.29380532903057,54610,0,1,1,0,1,0
63382,3389,128247,161553,0,0,1,0,1,0,19,2,0,0,289800,0.7938336407640789,59993,0,0,1,0,1,0
15288,1433,1384055,1620245,0,0,1,0,0,1,20,2,0,0,3004300,0.8542252225896562,13855,0,0,0,0,1,0
11169,1433,3393,9950,0,0,0,0,1,0,21,2,0,0,13343,0.3409707567078686,9736,0,0,0,0,1,0
8913,3306,6087,18991,0,0,1,0,1,0,21,2,0,0,25078,0.3205033698399326,5607,0,0,0,0,1,0
31182,21,1617655,4740899,0,0,1,0,1,0,21,2,0,0,6358554,0.34121263895041026,31161,0,1,0,0,1,0
42097,80,43595,171247,1,0,1,0,1,0,21,2,0,0,214842,0.2545723161730356,42017,0,1,0,0,1,0
4895,3306,29893,5080,0,0,1,0,0,1,21,2,0,0,34973,5.883290690808896,1589,0,0,0,0,1,0
49736,443,18313,4176,1,0,0,0,1,0,21,2,0,0,22489,4.384247067273162,49293,0,1,1,0,1,0
22,22,152283,217493,0,0,0,0,1,0,21,2,0,0,369776,0.7001710392010814,0,1,1,0,0,1,1
47492,25,1436895,2341851,1,0,1,0,1,0,21,2,0,0,3778746,0.6135720788504141,47467,0,1,0,0,1,0
65279,25,7598,10779,1,0,0,0,1,0,22,2,0,1,18377,0.7048237476808905,65254,0,1,1,0,1,0
31072,3389,18863,67759,0,0,1,0,1,0,22,2,0,1,86622,0.27837957497048404,27683,0,0,0,0,1,0
18355,443,12567,25137,0,0,1,0,1,0,22,2,0,1,37704,0.49992043917574985,17912,0,1,0,0,1,0
22093,80,71152,130997,0,0,1,0,1,0,23,2,0,1,202149,0.5431533305851998,22013,0,1,0,0,1,0
62181,443,155722,116364,0,0,1,0,1,0,23,2,0,1,272086,1.338220255231384,61738,0,1,1,0,1,0
25348,443,294634,702732,1,0,1,0,1,0,23,2,0,1,997366,0.41926876921960404,24905,0,1,0,0,1,0
445,80,75113,139933,1,0,1,0,0,1,23,2,0,1,215046,0.5367744793974302,365,1,1,0,0,1,1
25420,21,1240385,5043291,0,0,0,0,1,0,23,2,0,1,6283676,0.24594748826758395,25399,0,1,0,0,1,0
24968,3389,8781,29114,0,0,1,0,1,0,23,2,0,1,37895,0.30159711488923235,21579,0,0,0,0,1,0
60635,80,5794,5745,0,0,0,0,0,1,0,3,0,1,11539,1.0083536373129134,60555,0,1,1,0,1,0
57225,53,231179,110979,0,1,1,0,1,0,1,3,0,1,342158,2.0830690214453056,57172,0,1,1,0,1,0
21,22,26810,18097,0,0,0,0,1,0,1,3,0,1,44907,1.481379157918002,1,1,1,0,0,1,1
51827,53,2436,3091,0,0,0,0,1,0,2,3,0,1,5527,0.7878395860284605,51774,0,1,1,0,1,0
21,3306,13283,25186,0,0,1,0,1,0,2,3,0,1,38469,0.5273752332552507,3285,1,0,0,0,1,1
50983,1433,33158,23126,0,0,1,0,0,1,2,3,0,1,56284,1.433735460716911,49550,0,0,1,0,1,0
50206,53,7832,2947,0,0,0,0,1,0,2,3,0,1,10779,2.656716417910448,50153,0,1,1,0,1,0
1433,3389,4343,16329,0,0,1,0,1,0,2,3,0,1,20672,0.26595223515003064,1956,0,0,0,0,1,1
63160,445,15800,60667,0,0,1,0,1,0,2,3,0,1,76467,0.2604338366189754,62715,0,1,1,0,1,0
50413,3306,4010,15263,0,0,1,0,1,0,3,3,0,1,19273,0.26270964360587,47107,0,0,1,0,1,0
36982,21,60852,251627,0,0,0,0,0,1,3,3,0,1,312479,0.2418331823167533,36961,0,1,0,0,1,0
19477,3306,982,3444,0,0,1,0,1,0,3,3,0,1,4426,0.28505079825834545,16171,0,0,0,0,1,0
5442,80,25455,99762,0,0,1,0,1,0,3,3,0,1,125217,0.2551547166785281,5362,0,1,0,0,1,0
61236,53,50575,173398,0,0,1,0,1,0,4,3,0,1,223973,0.29166834872173425,61183,0,1,1,0,1,0
27219,80,19055,70516,0,0,0,0,1,0,4,3,0,1,89571,0.27021852886538,27139,0,1,0,0,1,0
51584,443,126646,173816,0,0,1,0,1,0,4,3,0,1,300462,0.7286168786712462,51141,0,1,1,0,1,0
443,21,2457,8929,0,0,1,0,1,0,4,3,0,1,11386,0.27513997760358344,422,1,1,0,0,1,1
31416,3306,7174,10796,0,0,1,0,1,0,5,3,0,1,17970,0.6644438269889784,28110,0,0,0,0,1,0
37999,3306,12990,11402,0,0,1,0,1,0,5,3,0,1,24392,1.1391739016048408,34693,0,0,0,0,1,0
63413,53,68896,14630,0,0,1,0,0,1,5,3,0,1,83526,4.708905748069168,63360,0,1,1,0,1,0
7573,25,31244,55512,0,1,0,0,1,0,5,3,0,1,86756,0.5628231225118441,7548,0,1,0,0,1,0
28790,21,679685,810236,0,1,1,0,1,0,6,3,0,0,1489921,0.8388718362651916,28769,0,1,0,0,1,0
12214,1433,6067,2440,0,0,0,0,0,1,6,3,0,0,8507,2.4854567800081933,10781,0,0,0,0,1,0
26393,443,2363,5754,0,0,1,0,1,0,6,3,0,0,8117,0.4105994787141616,25950,0,1,0,0,1,0
25,3306,385594,1197974,1,0,0,0,0,1,7,3,0,0,1583568,0.3218714914751977,3281,1,0,0,0,1,1
29350,443,2231,8953,0,0,1,0,0,1,7,3,0,0,11184,0.24916238552602188,28907,0,1,0,0,1,0
27954,3389,65703,92432,0,0,1,0,1,0,7,3,0,0,158135,0.7108175651553017,24565,0,0,0,0,1,0
56867,445,4601,8249,0,0,0,0,1,0,7,3,0,0,12850,0.5576969696969697,56422,0,1,1,0,1,0
46720,53,21911112,47059841,1,1,1,0,1,0,7,3,0,0,68970953,0.4656010532292055,46667,0,1,0,0,1,0
46671,1433,12092,31645,0,0,1,0,1,0,7,3,0,0,43737,0.3821020034127536,45238,0,0,0,0,1,0
26635,53,92892,174947,0,0,1,0,1,0,7,3,0,0,267839,0.5309692022772481,26582,0,1,0,0,1,0
4257,1433,3118,8711,0,0,0,0,1,0,8,3,0,0,11829,0.3578971533516988,2824,0,0,0,0,1,0
9320,80,55367,57608,1,0,1,0,1,0,8,3,0,0,112975,0.9610824697529899,9240,0,1,0,0,1,0
1543,25,74651,250001,0,0,1,0,1,0,8,3,0,0,324652,0.2986016111871105,1518,0,1,0,0,1,0
26059,22,2879,6352,0,0,1,0,1,0,8,3,0,0,9231,0.4531717298913899,26037,0,1,0,0,1,0
35825,3306,15299,52894,0,0,1,1,0,0,9,3,0,0,68193,0.28923338689857264,32519,0,0,0,0,1,0
39804,53,274668,59245,0,0,1,0,1,0,10,3,0,0,333913,4.636059818384363,39751,0,1,0,0,1,0
7070,1433,62376,229882,0,0,1,0,1,0,10,3,0,0,292258,0.2713380284753549,5637,0,0,0,0,1,0
11978,443,14495,36671,0,0,0,0,1,0,10,3,0,0,51166,0.3952606893542757,11535,0,1,0,0,1,0
54823,445,42807,166477,0,0,1,1,0,0,10,3,0,0,209284,0.25713307464049306,54378,0,1,1,0,1,0
32884,53,7358,6377,0,0,1,1,0,0,10,3,0,0,13735,1.1536531828159298,32831,0,1,0,0,1,0
29704,3389,130863,243015,0,0,0,0,1,0,10,3,0,0,373878,0.5384954077097804,26315,0,0,0,0,1,0
43785,443,130772,518378,1,0,0,0,0,1,10,3,0,0,649150,0.25227102178136074,43342,0,1,0,0,1,0
26083,3306,26727,98649,0,0,0,0,1,0,11,3,0,0,125376,0.2709275215408008,22777,0,0,0,0,1,0
13689,3306,31860,56669,1,0,1,1,0,0,11,3,0,0,88529,0.5622022233986236,10383,0,0,0,0,1,0
2181,443,4455,3707,0,0,1,0,1,0,11,3,0,0,8162,1.2014563106796117,1738,0,1,0,0,1,0
1433,3306,2531,6294,0,0,1,0,1,0,11,3,0,0,8825,0.40206513105639397,1873,0,0,0,0,1,1
54061,445,12057,17171,0,0,1,0,1,0,11,3,0,0,29228,0.7021313766596785,53616,0,1,1,0,1,0
22772,1433,19151,45110,1,0,1,0,1,0,12,3,0,0,64261,0.42453060229212386,21339,0,0,0,0,1,0
23322,3306,120596,403329,1,0,1,0,0,1,12,3,0,0,523925,0.2990008181885801,20016,0,0,0,0,1,0
25,3306,96363,394489,0,0,1,0,1,0,12,3,0,0,490852,0.24427235164389466,3281,1,0,0,0,1,1
55302,3389,29606,54561,0,1,0,1,0,0,13,3,0,0,84167,0.542612074337451,51913,0,0,1,0,1,0
53,1433,147984,349768,1,0,0,0,1,0,13,3,0,0,497752,0.42309066841258086,1380,1,0,0,0,1,1
16476,17489,4867,17103,0,0,1,0,1,0,13,3,0,0,21970,0.2845533208606174,1013,0,0,0,0,0,0
3389,445,123468,393251,0,0,0,0,1,0,13,3,0,0,516719,0.31396661682585214,2944,0,1,0,0,1,1
12837,3389,6218,21425,0,1,1,0,1,0,14,3,0,0,27643,0.2902081583123308,9448,0,0,0,0,1,0
54821,80,160093,42412,0,0,1,0,0,1,14,3,0,0,202505,3.774620988847759,54741,0,1,1,0,1,0
12809,22,21561,51485,1,0,1,0,1,0,14,3,0,0,73046,0.41877403566017946,12787,0,1,0,0,1,0
17750,25,900,2692,0,0,0,0,1,0,14,3,0,0,3592,0.33419977720014854,17725,0,1,0,0,1,0
44037,25,70845,211112,0,0,1,0,1,0,14,3,0,0,281957,0.3355785764022111,44012,0,1,0,0,1,0
53,445,80440,119597,0,0,0,0,1,0,14,3,0,0,200037,0.6725864981019749,392,1,1,0,0,1,1
37275,22,10609,10845,0,0,0,1,0,0,14,3,0,0,21454,0.9781486262216486,37253,0,1,0,0,1,0
64663,443,12160,25270,0,0,1,0,1,0,14,3,0,0,37430,0.48118396581061296,64220,0,1,1,0,1,0
25,374,806,2983,0,1,0,0,0,1,14,3,0,0,3789,0.27010723860589814,349,1,1,0,0,0,1
29213,21,1012,1928,0,0,0,0,1,0,14,3,0,0,2940,0.5246241575946086,29192,0,1,0,0,1,0
52750,53,500,1920,0,0,0,0,1,0,14,3,0,0,2420,0.2602811035918792,52697,0,1,1,0,1,0
34222,445,176769,202203,0,0,0,0,0,1,15,3,0,0,378972,0.8742111926569207,33777,0,1,0,0,1,0
36360,1433,5892,15905,0,0,1,0,1,0,16,3,0,0,21797,0.37042625424368164,34927,0,0,0,0,1,0
60665,80,428661,1350824,0,0,1,0,1,0,16,3,0,0,1779485,0.31733274110265947,60585,0,1,1,0,1,0
26222,1433,197332,747663,0,0,0,0,1,0,16,3,0,0,944995,0.263931391641165,24789,0,0,0,0,1,0
25866,21,270360,541147,0,0,0,0,1,0,16,3,0,0,811507,0.4996045444129887,25845,0,1,0,0,1,0
13448,22,7781,4584,0,0,1,0,0,1,17,3,0,0,12365,1.6970556161395856,13426,0,1,0,0,1,0
40121,53,1680,3001,0,0,1,0,1,0,17,3,0,0,4681,0.5596269153897402,40068,0,1,0,0,1,0
9573,80,3869,12232,0,0,0,0,0,1,17,3,0,0,16101,0.31627564783781575,9493,0,1,0,0,1,0
21496,3306,10782,30952,0,0,0,0,1,0,17,3,0,0,41734,0.3483345717701031,18190,0,0,0,0,1,0
2653,1433,494,482,0,0,0,0,1,0,18,3,0,0,976,1.0227743271221532,1220,0,0,0,0,1,0
20181,445,10294,28757,0,0,0,0,1,0,18,3,0,0,39051,0.35795256971973016,19736,0,1,0,0,1,0
22,53,15951,49319,0,0,0,0,1,0,18,3,0,0,65270,0.3234184914841849,31,1,1,0,0,1,1
15905,445,2776,7513,0,0,0,1,0,0,18,3,0,0,10289,0.3694437050838435,15460,0,1,0,0,1,0
36602,15564,4168,8286,1,0,1,0,1,0,18,3,0,0,12454,0.5029564377941353,21038,0,0,0,0,0,0
63586,22,15475,2300,0,0,1,0,1,0,19,3,0,0,17775,6.725336810082573,63564,0,1,1,0,1,0
20063,445,38950,63342,0,0,1,0,0,1,19,3,0,0,102292,0.6149061459040462,19618,0,1,0,0,1,0
40528,25,5295,18855,0,0,1,0,0,1,19,3,0,0,24150,0.2808124734832414,40503,0,1,0,0,1,0
40076,15732,35157,2886,0,0,0,0,1,0,19,3,0,0,38043,12.177693107031521,24344,0,0,0,0,0,0
54693,3389,27417,32286,0,0,1,0,0,1,19,3,0,0,59703,0.8491652987270418,51304,0,0,1,0,1,0
80,1433,23742,38622,0,0,1,0,1,0,20,3,0,0,62364,0.6147114413691324,1353,1,0,0,0,1,1
3389,445,7760,15099,1,0,1,0,1,0,20,3,0,0,22859,0.5139072847682119,2944,0,1,0,0,1,1
18407,443,2608,10741,0,0,0,0,1,0,20,3,0,0,13349,0.24278532861664495,17964,0,1,0,0,1,0
46706,3306,332476,602121,0,0,1,0,1,0,21,3,0,0,934597,0.5521738119517308,43400,0,0,0,0,1,0
65429,21,60384,23270,0,0,1,0,1,0,21,3,0,0,83654,2.594817584117571,65408,0,1,1,0,1,0
7089,80,110102,15773,0,0,0,0,1,0,21,3,0,0,125875,6.97996703436034,7009,0,1,0,0,1,0
25229,53,19267,8122,0,0,0,0,1,0,21,3,0,0,27389,2.371906930936846,25176,0,1,0,0,1,0
443,21,16942,20341,0,0,1,0,1,0,21,3,0,0,37283,0.8328581260446367,422,1,1,0,0,1,1
36169,25,48293,15142,0,0,0,1,0,0,22,3,0,1,63435,3.189130291223668,36144,0,1,0,0,1,0
34171,21,1169,1725,0,0,1,0,1,0,22,3,0,1,2894,0.6772885283893395,34150,0,1,0,0,1,0
56839,3389,3701,7349,0,0,1,0,1,0,22,3,0,1,11050,0.5035374149659864,53450,0,0,1,0,1,0
17671,758,572,808,0,1,1,0,1,0,22,3,0,1,1380,0.7070457354758962,16913,0,1,0,0,0,0
20103,53,10643,22879,0,0,0,0,1,0,22,3,0,1,33522,0.46516608391608394,20050,0,1,0,0,1,0
25441,8411,5391,2314,1,0,0,0,1,0,22,3,0,1,7705,2.3287257019438443,17030,0,0,0,0,0,0
40673,80,37514,94472,0,0,1,0,1,0,22,3,0,1,131986,0.39708699840165973,40593,0,1,0,0,1,0
2745,21,25092,68490,0,0,0,0,1,0,23,3,0,1,93582,0.36635470353769106,2724,0,1,0,0,1,0
53,3389,204553,408158,0,0,0,0,1,0,23,3,0,1,612711,0.5011600871229104,3336,1,0,0,0,1,1
53,21,1153157,1421286,0,0,1,0,1,0,23,3,0,1,2574443,0.8113470396900837,32,1,1,0,0,1,1
1433,80,2920,11989,0,0,0,0,1,0,23,3,0,1,14909,0.24353628023352794,1353,0,1,0,0,1,1
5861,80,27880,66776,0,0,1,0,1,0,23,3,0,1,94656,0.41750902256765055,5781,0,1,0,0,1,0
29694,445,27801,19658,0,0,1,0,1,0,0,4,0,1,47459,1.4141614527697237,29249,0,1,0,0,1,0
64440,443,21531,72181,0,0,0,0,1,0,0,4,0,1,93712,0.29828766174392507,63997,0,1,1,0,1,0
7621,443,3882,13737,1,0,1,0,1,0,0,4,0,1,17619,0.2825738826612316,7178,0,1,0,0,1,0
25,25,5077,18052,0,0,0,0,1,0,0,4,0,1,23129,0.2812274968149338,0,1,1,0,0,1,1
19240,80,32359,35634,1,0,0,0,1,0,1,4,0,1,67993,0.9080679107618914,19160,0,1,0,0,1,0
4590,3389,4853,13288,0,0,1,0,1,0,1,4,0,1,18141,0.36518925427044924,1201,0,0,0,0,1,0
21390,3306,28419,103795,0,0,1,0,0,1,1,4,0,1,132214,0.2737966780993487,18084,0,0,0,0,1,0
3389,22,14860,49172,0,0,1,0,0,1,1,4,0,1,64032,0.3021983608891058,3367,0,1,0,0,1,1
24444,21,27629,68508,0,0,1,0,1,0,1,4,0,1,96137,0.4032900786757944,24423,0,1,0,0,1,0
9514,3389,4792,14264,1,1,1,0,1,0,1,4,0,1,19056,0.33592709428671574,6125,0,0,0,0,1,0
5980,21,28337,99028,0,0,1,0,1,0,2,4,0,1,127365,0.28614850195397307,5959,0,1,0,0,1,0
16713,3389,5380,6680,0,0,1,0,1,0,2,4,0,1,12060,0.805268672354438,13324,0,0,0,0,1,0
51129,3306,28484,31488,0,0,0,0,1,0,2,4,0,1,59972,0.9045698497888152,47823,0,0,1,0,1,0
80,22,187781,389497,0,0,1,0,1,0,2,4,0,1,577278,0.4821103060862957,58,1,1,0,0,1,1
14827,25,33442,19565,0,0,1,0,1,0,2,4,0,1,53007,1.7091894102013698,14802,0,1,0,0,1,0
31553,443,36864,102735,0,0,0,0,0,1,2,4,0,1,139599,0.358822613300109,31110,0,1,0,0,1,0
53468,80,81432,268030,0,0,1,0,0,1,3,4,0,1,349462,0.3038156034190075,53388,0,1,1,0,1,0
40470,25,2331,4522,0,0,1,0,1,0,3,4,0,1,6853,0.5153659075834623,40445,0,1,0,0,1,0
59034,42195,344646,1266652,0,0,1,0,1,0,3,4,0,1,1611298,0.2720918830966334,16839,0,0,1,0,0,0
35361,25,4068,12492,0,0,1,0,1,0,3,4,0,1,16560,0.32562234851516847,35336,0,1,0,0,1,0
22221,3389,89990,172102,0,0,1,0,1,0,4,4,0,1,262092,0.5228845516928816,18832,0,0,0,0,1,0
51448,3306,72769,260825,0,0,1,1,0,0,4,4,0,1,333594,0.2789944254023755,48142,0,0,1,0,1,0
11390,22,5200,3790,0,0,1,0,1,0,4,4,0,1,8990,1.371669744130836,11368,0,1,0,0,1,0
42747,25,110660,42591,0,0,1,0,1,0,4,4,0,1,153251,2.5981404958677685,42722,0,1,0,0,1,0
52747,80,48849,154048,0,0,1,0,1,0,4,4,0,1,202897,0.31710040311848825,52667,0,1,1,0,1,0
31397,1433,453144,693584,0,0,1,0,0,1,5,4,0,1,1146728,0.6533359285451675,29964,0,0,0,0,1,0
53,1433,30013,28467,0,0,1,0,0,1,5,4,0,1,58480,1.0542714626949556,1380,1,0,0,0,1,1
49328,443,18514,4520,0,0,1,0,1,0,5,4,0,1,23034,4.095111700951117,48885,0,1,1,0,1,0
41778,80,9666,33597,0,0,1,0,1,0,5,4,0,1,43263,0.2876956961723912,41698,0,1,0,0,1,0
16614,3306,1353,1271,0,0,0,0,1,0,5,4,0,1,2624,1.0636792452830188,13308,0,0,0,0,1,0
24518,80,13237,23836,0,0,0,0,1,0,5,4,0,1,37073,0.5553131686034316,24438,0,1,0,0,1,0
1433,3389,14165,32268,1,0,1,1,0,0,5,4,0,1,46433,0.4389661904614336,1956,0,0,0,0,1,1
28768,3389,33499,92358,0,0,1,0,1,0,5,4,0,1,125857,0.36270423023202936,25379,0,0,0,0,1,0
21760,22,2259,9000,0,0,1,0,0,1,6,4,0,0,11259,0.25097211420953225,21738,0,1,0,0,1,0
80,21,15026,14204,0,0,1,0,1,0,6,4,0,0,29230,1.0577965505103837,59,1,1,0,0,1,1
25519,21,55381,28564,0,0,1,0,0,1,7,4,0,0,83945,1.9387712235252932,25498,0,1,0,0,1,0
27481,53,64913,262528,1,0,1,0,1,0,7,4,0,0,327441,0.24726030267132393,27428,0,1,0,0,1,0
6234,445,1123,264,0,0,1,1,0,0,8,4,0,0,1387,4.2377358490566035,5789,0,1,0,0,1,0
1877,22,68203,270663,0,0,1,0,1,0,8,4,0,0,338866,0.25198400969467677,1855,0,1,0,0,1,0
10635,25,14845,47928,0,0,1,0,1,0,8,4,0,0,62773,0.3097289741075341,10610,0,1,0,0,1,0
37642,1433,16382,49521,0,0,1,0,0,1,8,4,0,0,65903,0.3308024716287711,36209,0,0,0,0,1,0
57420,3389,501,1728,0,0,0,0,1,0,8,4,0,0,2229,0.28976286871023715,54031,0,0,1,0,1,0
25,3389,240316,63770,1,0,1,0,1,0,8,4,0,0,304086,3.768421382760189,3364,1,0,0,0,1,1
16766,445,29227,90333,0,0,0,1,0,0,8,4,0,0,119560,0.3235437376845927,16321,0,1,0,0,1,0
32591,3389,1900,3907,0,0,1,0,1,0,9,4,0,0,5807,0.48618219037871035,29202,0,0,0,0,1,0
36113,25,40147,125049,0,0,1,0,1,0,9,4,0,0,165196,0.32104758096761293,36088,0,1,0,0,1,0
44863,443,38221,88957,0,0,0,0,1,0,9,4,0,0,127178,0.42965219541806243,44420,0,1,0,0,1,0
64959,80,155759,124503,1,0,1,0,0,1,9,4,0,0,280262,1.2510361112895971,64879,0,1,1,0,1,0
53777,80,13419,1632,0,0,1,0,1,0,9,4,0,0,15051,8.217391304347826,53697,0,1,1,0,1,0
16775,25,22453,15009,0,0,1,0,1,0,9,4,0,0,37462,1.4958694203864091,16750,0,1,0,0,1,0
80,22,7875,29659,0,0,0,0,1,0,9,4,0,0,37534,0.2655091031692515,58,1,1,0,0,1,1
19350,443,57337,37171,0,0,1,0,1,0,9,4,0,0,94508,1.5424782094049285,18907,0,1,0,0,1,0
64675,21,6288,23095,0,0,0,0,1,0,10,4,0,0,29383,0.2722549359196398,64654,0,1,1,0,1,0
3389,53671,5277,12009,0,0,1,0,1,0,11,4,0,0,17286,0.43938384679433806,50282,0,0,0,1,0,1
27344,3306,19762,64188,1,0,0,0,1,0,11,4,0,0,83950,0.30787206530713984,24038,0,0,0,0,1,0
80,3306,3098,12007,0,0,1,0,1,0,11,4,0,0,15105,0.25799467021985345,3226,1,0,0,0,1,1
3306,443,285903,421411,0,0,1,0,1,0,11,4,0,0,707314,0.678440575968411,2863,0,1,0,0,1,1
3389,25,481002,516194,0,0,0,0,1,0,12,4,0,0,997196,0.9318222764652893,3364,0,1,0,0,1,1
59135,443,10660,34403,0,0,1,0,1,0,12,4,0,0,45063,0.30984769212882224,58692,0,1,1,0,1,0
10546,3389,2395,5988,1,0,0,0,1,0,12,4,0,0,8383,0.3998998163299382,7157,0,0,0,0,1,0
58640,443,37742,55636,0,0,1,0,1,0,12,4,0,0,93378,0.6783615220087352,58197,0,1,1,0,1,0
1433,1433,10184,4847,0,0,0,0,1,0,12,4,0,0,15031,2.1006600660066006,0,0,0,0,0,1,1
22,1433,144276,263972,0,0,0,0,1,0,13,4,0,0,408248,0.5465558977622711,1411,1,0,0,0,1,1
24448,80,6251,20322,1,0,0,0,1,0,13,4,0,0,26573,0.30758254194754714,24368,0,1,0,0,1,0
29745,43451,52639,73509,0,0,1,0,1,0,13,4,0,0,126148,0.716079444973473,13706,0,0,0,0,0,0
443,443,26433,13714,0,1,1,0,1,0,13,4,0,0,40147,1.9273058694859642,0,1,1,0,0,1,1
33695,80,7465,19772,0,0,1,0,1,0,13,4,0,0,27237,0.3775350225054367,33615,0,1,0,0,1,0
35674,3389,32340,110580,0,0,1,0,1,0,14,4,0,0,142920,0.29245530425660826,32285,0,0,0,0,1,0
52432,3306,89828,259843,0,0,1,0,0,1,14,4,0,0,349671,0.345699727528825,49126,0,0,1,0,1,0
9198,1433,25310,35648,0,0,1,0,1,0,14,4,0,0,60958,0.7099778394905888,7765,0,0,0,0,1,0
40482,80,25736,79831,1,0,0,0,1,0,14,4,0,0,105567,0.3223769916825333,40402,0,1,0,0,1,0
445,443,5450,11215,0,0,0,0,1,0,14,4,0,0,16665,0.4859129814550642,2,1,1,0,0,1,1
3389,445,137410,106295,1,0,0,0,1,0,14,4,0,0,243705,1.2927109204485587,2944,0,1,0,0,1,1
34360,443,117157,111199,0,0,0,0,1,0,14,4,0,0,228356,1.0535701438848921,33917,0,1,0,0,1,0
14564,3306,11419,44645,0,0,1,0,1,0,15,4,0,0,56064,0.2557675939613851,11258,0,0,0,0,1,0
35488,445,18054,61696,1,0,1,0,0,1,15,4,0,0,79750,0.29262362837739275,35043,0,1,0,0,1,0
35999,1433,211663,30328,0,0,1,0,1,0,15,4,0,0,241991,6.978898084341719,34566,0,0,0,0,1,0
80,53,3591,5741,1,0,1,0,1,0,15,4,0,0,9332,0.6253918495297806,27,1,1,0,0,1,1
9200,41554,57922,81866,0,0,1,0,1,0,16,4,0,0,139788,0.7075134058900412,32354,0,0,0,0,0,0
40408,22,9011,21156,0,0,1,0,1,0,16,4,0,0,30167,0.425911045989507,40386,0,1,0,0,1,0
60105,3389,378860,768759,1,0,1,0,1,0,16,4,0,0,1147619,0.49281960559862636,56716,0,0,1,0,1,0
1591,3389,24379,93325,0,0,0,0,1,0,16,4,0,0,117704,0.2612240961789855,1798,0,0,0,0,1,0
22,22,165480,443304,0,1,1,0,1,0,17,4,0,0,608784,0.3732870145836388,0,1,1,0,0,1,1
3389,22,6515,1338,0,0,1,0,1,0,17,4,0,0,7853,4.865571321882001,3367,0,1,0,0,1,1
29866,25,2987,9732,1,0,1,0,0,1,17,4,0,0,12719,0.3068940717147848,29841,0,1,0,0,1,0
29550,445,15141,7904,0,0,0,0,1,0,17,4,0,0,23045,1.915370018975332,29105,0,1,0,0,1,0
17522,80,33533,71945,0,0,1,0,1,0,18,4,0,0,105478,0.46608567536763684,17442,0,1,0,0,1,0
50242,53,9728,27985,0,0,1,0,1,0,18,4,0,0,37713,0.34760237261487886,50189,0,1,1,0,1,0
10687,80,74108,254266,1,0,1,0,1,0,18,4,0,0,328374,0.29145740501126766,10607,0,1,0,0,1,0
13983,443,15741,7505,1,0,1,0,0,1,18,4,0,0,23246,2.097122302158273,13540,0,1,0,0,1,0
62536,22,788,1096,0,0,1,0,1,0,18,4,0,0,1884,0.7183226982680037,62514,0,1,1,0,1,0
7073,445,53343,105061,0,0,1,0,1,0,18,4,0,0,158404,0.5077287696788563,6628,0,1,0,0,1,0
80,80,5366,18901,0,1,1,0,1,0,18,4,0,0,24267,0.2838853031425246,0,1,1,0,0,1,1
22,22,12350,16773,0,1,1,0,1,0,19,4,0,0,29123,0.7362584952903303,0,1,1,0,0,1,1
445,25,264344,453360,0,0,1,0,1,0,19,4,0,0,717704,0.5830761799096085,420,1,1,0,0,1,1
58621,22,375682,809648,0,0,1,0,1,0,20,4,0,0,1185330,0.4640060075415396,58599,0,1,1,0,1,0
3389,1433,8771,26879,0,0,0,0,0,1,20,4,0,0,35650,0.3263020833333333,1956,0,0,0,0,1,1
21,3306,55517,163196,0,0,0,0,0,1,20,4,0,0,218713,0.34018394945985525,3285,1,0,0,0,1,1
44669,445,9103,36042,0,0,1,0,1,0,20,4,0,0,45145,0.25255944288766197,44224,0,1,0,0,1,0
27246,22,13918,45423,0,0,1,0,1,0,21,4,0,0,59341,0.30640190207819656,27224,0,1,0,0,1,0
1921,3389,8356,9553,0,0,0,0,1,0,21,4,0,0,17909,0.8746074942432489,1468,0,0,0,0,1,0
28657,3389,1395,5083,0,0,0,0,1,0,21,4,0,0,6478,0.27439024390243905,25268,0,0,0,0,1,0
53,25,25644,55279,0,0,1,0,1,0,22,4,0,1,80923,0.46389290882778583,28,1,1,0,0,1,1
51449,80,34928,128762,0,0,0,0,1,0,22,4,0,1,163690,0.2712580477311029,51369,0,1,1,0,1,0
6604,21,7528,16417,0,0,1,0,1,0,22,4,0,1,23945,0.4585211353392618,6583,0,1,0,0,1,0
24055,80,125550,318031,0,0,0,0,1,0,22,4,0,1,443581,0.3947715953111637,23975,0,1,0,0,1,0
7310,3306,10962,43948,1,0,0,0,0,1,23,4,0,1,54910,0.24942547043163668,4004,0,0,0,0,1,0
42379,80,7946,31943,0,0,0,0,0,1,23,4,0,1,39889,0.24874780866516405,42299,0,1,0,0,1,0
80,445,51144,162016,0,0,1,0,1,0,0,5,1,1,213160,0.3156705777788751,365,1,1,0,0,1,1
3389,443,1866,6461,0,0,1,0,0,1,0,5,1,1,8327,0.28876508820798513,2946,0,1,0,0,1,1
9409,22,93965,367170,0,0,1,0,1,0,0,5,1,1,461135,0.2559161807441219,9387,0,1,0,0,1,0
47552,445,11574,1342,0,0,0,0,1,0,0,5,1,1,12916,8.618019359642592,47107,0,1,0,0,1,0
2298,80,107243,272923,1,0,0,0,1,0,0,5,1,1,380166,0.3929408919699257,2218,0,1,0,0,1,0
52288,445,172993,388732,0,0,1,0,1,0,0,5,1,1,561725,0.44501753131326643,51843,0,1,1,0,1,0
46009,443,61343,86257,0,0,1,0,0,1,0,5,1,1,147600,0.7111572259964293,45566,0,1,0,0,1,0
6446,1433,6007,21660,0,0,0,0,1,0,0,5,1,1,27667,0.27731868334795257,5013,0,0,0,0,1,0
10971,445,2976,4981,0,0,0,0,0,1,1,5,1,1,7957,0.5973504616619831,10526,0,1,0,0,1,0
443,35830,2220,7136,0,0,1,0,1,0,1,5,1,1,9356,0.3110550651534258,35387,1,0,0,0,0,1
445,443,128625,364217,0,0,1,0,1,0,1,5,1,1,492842,0.3531538803683508,2,1,1,0,0,1,1
21,12946,17753,73400,0,0,0,0,1,0,1,5,1,1,91153,0.24186318987479735,12925,1,0,0,0,0,1
34839,3389,8444,18994,1,0,1,0,1,0,1,5,1,1,27438,0.4445380363253488,31450,0,0,0,0,1,0
30137,253,11326,43135,0,1,0,0,1,0,1,5,1,1,54461,0.26256491097922846,29884,0,1,0,0,0,0
8080,1433,124118,390418,0,0,1,0,1,0,2,5,1,1,514536,0.31790973287672986,6647,0,0,0,0,1,1
23837,445,76571,167016,0,0,0,0,1,0,2,5,1,1,243587,0.4584623122197142,23392,0,1,0,0,1,0
21,21,44427,65524,0,0,1,0,1,0,2,5,1,1,109951,0.678016024418161,0,1,1,0,0,1,1
22576,21,61121,230351,1,0,0,0,1,0,2,5,1,1,291472,0.26533739667986384,22555,0,1,0,0,1,0
28396,443,29386,105356,0,0,0,0,1,0,2,5,1,1,134742,0.27891834429606005,27953,0,1,0,0,1,0
8117,443,35716,56236,1,0,1,0,1,0,2,5,1,1,91952,0.6350978892899692,7674,0,1,0,0,1,0
11032,22,31371,40912,0,0,1,0,1,0,2,5,1,1,72283,0.7667733972087112,11010,0,1,0,0,1,0
42151,445,22024,13262,0,0,1,0,1,0,2,5,1,1,35286,1.6605594511045767,41706,0,1,0,0,1,0
54008,25,73526,182232,1,0,1,0,0,1,2,5,1,1,255758,0.40347247754248683,53983,0,1,1,0,1,0
60264,80,39263,154079,0,0,1,0,1,0,3,5,1,1,193342,0.25482217030114224,60184,0,1,1,0,1,0
12215,443,5382,15255,1,0,0,0,1,0,3,5,1,1,20637,0.3527792343995805,11772,0,1,0,0,1,0
7530,80,51338,166606,0,0,0,0,0,1,3,5,1,1,217944,0.3081383135162388,7450,0,1,0,0,1,0
12310,443,32715,86821,0,0,1,0,0,1,3,5,1,1,119536,0.37680541798161754,11867,0,1,0,0,1,0
62935,53,58586,70949,1,0,1,0,0,1,3,5,1,1,129535,0.8257364341085272,62882,0,1,1,0,1,0
22,80,18643,56169,0,0,1,0,1,0,4,5,1,1,74812,0.3319031511482998,58,1,1,0,0,1,1
445,53,80723,165968,1,0,1,0,1,0,4,5,1,1,246691,0.48637396140243055,392,1,1,0,0,1,1
55136,22,19965,20949,0,0,1,0,1,0,4,5,1,1,40914,0.9529832935560859,55114,0,1,1,0,1,0
48830,53,70137,53704,0,1,1,0,1,0,5,5,1,1,123841,1.3059677869844522,48777,0,1,0,0,1,0
20444,80,10610,8970,0,0,1,0,0,1,5,5,1,1,19580,1.1826998105005015,20364,0,1,0,0,1,0
33476,53,11853,12349,1,0,1,0,1,0,5,5,1,1,24202,0.9597570850202429,33423,0,1,0,0,1,0
27832,80,57715,154209,0,0,0,0,1,0,5,5,1,1,211924,0.3742623694961416,27752,0,1,0,0,1,0
10430,53,12954,26026,0,0,1,0,1,0,5,5,1,1,38980,0.4977139124755062,10377,0,1,0,0,1,0
11450,1433,751068,1578591,0,0,1,0,1,0,5,5,1,1,2329659,0.47578348300257445,10017,0,0,0,0,1,0
14084,21,54519,120341,0,0,0,0,1,0,6,5,1,0,174860,0.4530338535174752,14063,0,1,0,0,1,0
57841,21,22922,71556,0,0,0,0,1,0,6,5,1,0,94478,0.3203320429867099,57820,0,1,1,0,1,0
58918,80,81784,122003,0,0,1,0,0,1,6,5,1,0,203787,0.6703386774204124,58838,0,1,1,0,1,0
46682,3306,10207,11769,0,0,0,0,0,1,6,5,1,0,21976,0.8672047578589634,43376,0,0,0,0,1,0
61236,1433,96454,284134,0,0,1,0,1,0,6,5,1,0,380588,0.33946539497070055,59803,0,0,1,0,1,0
44258,1433,92260,136163,0,0,1,0,1,0,6,5,1,0,228423,0.6775652889163069,42825,0,0,0,0,1,0
13455,21,163677,424167,0,0,1,0,1,0,6,5,1,0,587844,0.385877765413704,13434,0,1,0,0,1,0
37320,3389,10880,19149,1,0,1,0,1,0,6,5,1,0,30029,0.5681462140992167,33931,0,0,0,0,1,0
54069,25,3113,3427,0,0,1,0,0,1,6,5,1,0,6540,0.9081096849474912,54044,0,1,1,0,1,0
443,53,8297,30163,0,0,1,0,1,0,7,5,1,0,38460,0.2750629889935022,390,1,1,0,0,1,1
19779,48047,14036,26340,0,0,1,0,1,0,7,5,1,0,40376,0.5328575224934513,28268,0,0,0,0,0,0
47607,443,317279,270397,0,0,1,0,1,0,7,5,1,0,587676,1.1733777616698349,47164,0,1,0,0,1,0
54480,53,738236,485853,0,0,1,0,1,0,7,5,1,0,1224089,1.5194605786923643,54427,0,1,1,0,1,0
59470,3306,38233,84005,1,0,1,0,1,0,8,5,1,0,122238,0.45512225317239247,56164,0,0,1,0,1,0
52632,53,22359,11132,0,0,1,0,1,0,8,5,1,0,33491,2.008353543519267,52579,0,1,1,0,1,0
61901,445,12583,49104,0,0,1,0,1,0,8,5,1,0,61687,0.25624681804296917,61456,0,1,1,0,1,0
51973,21,82413,69014,0,0,1,0,1,0,8,5,1,0,151427,1.1941317104977178,51952,0,1,1,0,1,0
25808,25,730679,476981,0,0,1,0,1,0,8,5,1,0,1207660,1.5318796097127354,25783,0,1,0,0,1,0
49916,3306,383602,902875,0,0,0,0,0,1,9,5,1,0,1286477,0.42486675911199323,46610,0,0,1,0,1,0
55087,17470,136047,252530,0,0,0,0,1,0,9,5,1,0,388577,0.5387338584173824,37617,0,0,1,0,0,0
25,25,132890,62868,0,0,1,0,1,0,9,5,1,0,195758,2.1137603588414002,0,1,1,0,0,1,1
44274,80,83424,8096,0,0,1,0,1,0,9,5,1,0,91520,10.303075213041867,44194,0,1,0,0,1,0
47122,445,20421,24297,1,0,1,0,1,0,10,5,1,0,44718,0.8404395423491645,46677,0,1,0,0,1,0
14592,3389,6778,2024,0,0,1,0,1,0,10,5,1,0,8802,3.3471604938271606,11203,0,0,0,0,1,0
58662,25,21305,39922,0,1,1,1,0,0,10,5,1,0,61227,0.5336522806402324,58637,0,1,1,0,1,0
27863,25,43292,86922,1,0,0,0,1,0,10,5,1,0,130214,0.49804999827433477,27838,0,1,0,0,1,0
80,80,2152,3583,0,1,1,0,1,0,11,5,1,0,5735,0.6004464285714286,0,1,1,0,0,1,1
55893,22,17245,14744,0,0,1,0,1,0,11,5,1,0,31989,1.169548999660902,55871,0,1,1,0,1,0
2190,3389,5875,11692,0,0,0,0,1,0,11,5,1,0,17567,0.5024373556828872,1199,0,0,0,0,1,0
445,25,111540,328427,0,0,1,0,1,0,11,5,1,0,439967,0.339617815776974,420,1,1,0,0,1,1
4823,25,9140,24319,0,0,1,0,0,1,12,5,1,0,33459,0.37582236842105265,4798,0,1,0,0,1,0
44819,53,37240,71097,0,0,1,0,1,0,12,5,1,0,108337,0.5237840726884019,44766,0,1,0,0,1,0
27089,45582,7186,14724,0,0,1,0,1,0,12,5,1,0,21910,0.48801358234295417,18493,0,0,0,0,0,0
46634,22,283883,365494,0,0,1,0,1,0,12,5,1,0,649377,0.7767082997031424,46612,0,1,0,0,1,0
59598,22,1449,1338,1,0,0,0,1,0,12,5,1,0,2787,1.082150858849888,59576,0,1,1,0,1,0
65098,80,47162,66468,0,0,1,0,1,0,12,5,1,0,113630,0.7095337676209963,65018,0,1,1,0,1,0
19133,80,2853,9542,0,0,0,0,1,0,12,5,1,0,12395,0.29896259038038353,19053,0,1,0,0,1,0
44964,21,9750,18162,0,0,0,0,1,0,13,5,1,0,27912,0.5368055937895722,44943,0,1,0,0,1,0
51047,53,30635,22657,0,0,1,0,1,0,14,5,1,0,53292,1.35206108217848,50994,0,1,1,0,1,0
13180,27301,33142,91814,0,0,0,0,1,0,14,5,1,0,124956,0.36096498393508686,14121,0,0,0,0,0,0
3389,22,31787,102331,0,0,1,0,0,1,15,5,1,0,134118,0.3106261970840011,3367,0,1,0,0,1,1
22,21,28079,9067,0,0,1,0,1,0,15,5,1,0,37146,3.096493162770181,1,1,1,0,0,1,1
8026,445,7887,28974,0,0,1,0,1,0,15,5,1,0,36861,0.2722001725625539,7581,0,1,0,0,1,0
2021,80,16941,2269,0,0,1,0,1,0,15,5,1,0,19210,7.462995594713656,1941,0,1,0,0,1,0
58338,25,23170,8356,0,0,0,0,1,0,16,5,1,0,31526,2.772526026085916,58313,0,1,1,0,1,0
48228,60556,30108,93645,0,0,1,0,1,0,16,5,1,0,123753,0.32150866027379704,12328,0,0,0,1,0,0
3748,445,19829,46126,0,0,0,0,1,0,16,5,1,0,65955,0.42987837925726796,3303,0,1,0,0,1,0
64344,3389,70780,142045,1,0,1,0,0,1,16,5,1,0,212825,0.49828928656913957,60955,0,0,1,0,1,0
17169,22,25576,78638,0,0,1,0,1,0,16,5,1,0,104214,0.3252330268696194,17147,0,1,0,0,1,0
63377,3389,30397,51303,0,0,1,0,1,0,17,5,1,0,81700,0.5924879151723063,59988,0,0,1,0,1,0
52848,3389,11941,5159,0,0,1,0,1,0,17,5,1,0,17100,2.3141472868217052,49459,0,0,1,0,1,0
2786,443,4089,4823,0,0,1,0,1,0,17,5,1,0,8912,0.847636815920398,2343,0,1,0,0,1,0
12483,80,28182,4141,0,0,1,0,1,0,18,5,1,0,32323,6.803959439884114,12403,0,1,0,0,1,0
35028,1433,152042,576252,0,0,1,0,1,0,18,5,1,0,728294,0.26384591490196146,33595,0,0,0,0,1,0
30911,445,44809,135038,0,0,1,0,1,0,18,5,1,0,179847,0.33182265863935606,30466,0,1,0,0,1,0
20925,1433,5955,19297,0,0,1,0,1,0,18,5,1,0,25252,0.30858120012436524,19492,0,0,0,0,1,0
15021,25,81111,335935,0,0,1,0,1,0,19,5,1,0,417046,0.24144777576681273,14996,0,1,0,0,1,0
49051,3389,12884,34701,0,0,1,0,1,0,19,5,1,0,47585,0.37127543081090425,45662,0,0,0,0,1,0
80,3306,69109,213187,1,0,1,0,1,0,20,5,1,0,282296,0.32416927782051524,3226,1,0,0,0,1,1
35828,1433,12208,7587,1,0,1,0,1,0,20,5,1,0,19795,1.6088560885608856,34395,0,0,0,0,1,0
21360,445,38765,131036,0,0,1,0,1,0,20,5,1,0,169801,0.2958324747971947,20915,0,1,0,0,1,0
52057,25,9608,19392,0,0,0,0,1,0,20,5,1,0,29000,0.4954364977053576,52032,0,1,1,0,1,0
64285,443,10007,11823,0,0,1,0,1,0,20,5,1,0,21830,0.8463294993234101,63842,0,1,1,0,1,0
15305,80,1797,2475,1,0,1,0,1,0,21,5,1,0,4272,0.725767366720517,15225,0,1,0,0,1,0
37209,3306,49977,109428,0,0,1,0,1,0,21,5,1,0,159405,0.45670708861453546,33903,0,0,0,0,1,0
1433,445,39825,17281,0,0,1,0,1,0,21,5,1,0,57106,2.304420784631408,988,0,1,0,0,1,1
57807,445,43578,28001,1,0,1,0,0,1,21,5,1,0,71579,1.5562459824298265,57362,0,1,1,0,1,0
61185,80,34218,12493,1,0,1,0,1,0,22,5,1,1,46711,2.7387546022090605,61105,0,1,1,0,1,0
60851,80,6505,1176,0,0,0,0,1,0,22,5,1,1,7681,5.526762956669499,60771,0,1,1,0,1,0
33040,21,103304,413368,0,0,1,0,1,0,22,5,1,1,516672,0.24990746766206465,33019,0,1,0,0,1,0
22,3306,107844,321356,0,0,1,0,1,0,23,5,1,1,429200,0.33558939123778225,3284,1,0,0,0,1,1
35161,3389,6240,1264,0,0,0,0,1,0,23,5,1,1,7504,4.932806324110672,31772,0,0,0,0,1,0
45438,21,51606,52297,0,0,0,0,1,0,0,6,1,1,103903,0.9867681364488126,45417,0,1,0,0,1,0
15069,443,89320,13082,1,0,0,0,1,0,0,6,1,1,102402,6.827180310326378,14626,0,1,0,0,1,0
38198,53,10382,14790,0,0,0,0,0,1,0,6,1,1,25172,0.7019133256710162,38145,0,1,0,0,1,0
45833,443,13716,15367,0,0,1,0,1,0,0,6,1,1,29083,0.8925039042165539,45390,0,1,0,0,1,0
11620,22,51770,97087,0,0,1,0,1,0,0,6,1,1,148857,0.533227587343441,11598,0,1,0,0,1,0
443,22,1965,7029,0,0,1,0,1,0,0,6,1,1,8994,0.2795163584637269,421,1,1,0,0,1,1
23678,53,3859,5674,0,0,1,0,0,1,1,6,1,1,9533,0.68,23625,0,1,0,0,1,0
47244,443,4520,17250,0,0,1,0,0,1,1,6,1,1,21770,0.26201379630166366,46801,0,1,0,0,1,0
54575,53,1243,4437,0,0,1,0,1,0,2,6,1,1,5680,0.2800811176205498,54522,0,1,1,0,1,0
24646,21,124979,119643,0,0,1,0,1,0,2,6,1,1,244622,1.0445906188358798,24625,0,1,0,0,1,0
7044,3306,915,2518,0,0,1,0,1,0,2,6,1,1,3433,0.3632393807066296,3738,0,0,0,0,1,0
21,443,38138,5152,1,0,1,0,1,0,2,6,1,1,43290,7.401125557927421,422,1,1,0,0,1,1
43035,25,80716,106830,1,0,1,0,1,0,2,6,1,1,187546,0.755548483118196,43010,0,1,0,0,1,0
2947,3389,13769,56559,0,0,1,0,1,0,2,6,1,1,70328,0.24344059405940593,442,0,0,0,0,1,0
51225,443,7559,8731,0,0,0,0,0,1,3,6,1,1,16290,0.8656665139715988,50782,0,1,1,0,1,0
59065,445,31969,17435,1,0,0,0,1,0,3,6,1,1,49404,1.833505391144758,58620,0,1,1,0,1,0
2164,53,22091,11722,0,0,1,0,0,1,4,6,1,1,33813,1.884415252068583,2111,0,1,0,0,1,0
27366,443,109711,381510,1,0,1,0,1,0,4,6,1,1,491221,0.2875696899958324,26923,0,1,0,0,1,0
23056,21,328,552,0,0,1,0,1,0,5,6,1,1,880,0.593128390596745,23035,0,1,0,0,1,0
21,1433,5064,14095,0,0,0,0,1,0,5,6,1,1,19159,0.35925085130533485,1412,1,0,0,0,1,1
22,21,54096,150685,0,0,1,0,1,0,5,6,1,1,204781,0.3589981816492574,1,1,1,0,0,1,1
51382,22,23878,5278,0,0,1,0,1,0,5,6,1,1,29156,4.523205152491002,51360,0,1,1,0,1,0
20219,445,73368,211411,0,0,1,0,1,0,6,6,1,0,284779,0.3470380110873555,19774,0,1,0,0,1,0
1775,80,33497,134145,1,0,1,0,1,0,6,6,1,0,167642,0.24970554470502287,1695,0,1,0,0,1,0
44122,445,17754,44813,0,0,1,0,1,0,6,6,1,0,62567,0.3961708394698085,43677,0,1,0,0,1,0
25,80,13579,20126,0,0,1,0,1,0,6,6,1,0,33705,0.6746658717146122,55,1,1,0,0,1,1
80,22,908988,3217628,0,0,1,0,1,0,7,6,1,0,4126616,0.28250242647614127,58,1,1,0,0,1,1
12514,3306,256764,1034716,0,0,0,0,1,0,7,6,1,0,1291480,0.24814901079232293,9208,0,0,0,0,1,0
61708,53,48669,109486,1,0,1,0,1,0,7,6,1,0,158155,0.444518527313745,61655,0,1,1,0,1,0
38991,3389,24972,9336,0,0,1,0,1,0,7,6,1,0,34308,2.6745207240012854,35602,0,0,0,0,1,0
3306,3389,52104,4211,0,0,1,0,1,0,7,6,1,0,56315,12.37037037037037,83,0,0,0,0,1,1
39210,80,82696,152328,0,0,0,0,0,1,8,6,1,0,235024,0.5428775873274294,39130,0,1,0,0,1,0
17030,1433,43050,34421,0,0,1,0,0,1,8,6,1,0,77471,1.2506536517343558,15597,0,0,0,0,1,0
43162,3389,6619,14036,0,0,0,0,1,0,8,6,1,0,20655,0.4715395027427513,39773,0,0,0,0,1,0
37327,3306,382780,363911,0,0,1,0,0,1,8,6,1,0,746691,1.0518476994438215,34021,0,0,0,0,1,0
30500,62507,32660,61328,1,0,1,0,0,1,8,6,1,0,93988,0.5325376249408925,32007,0,0,0,1,0,0
35792,445,552543,2106842,0,0,1,0,0,1,8,6,1,0,2659385,0.2622611177007494,35347,0,1,0,0,1,0
56954,25,29715,33553,0,0,1,0,1,0,8,6,1,0,63268,0.8855874113369494,56929,0,1,1,0,1,0
21732,25,14867,15044,0,0,1,0,1,0,9,6,1,0,29911,0.988168826852775,21707,0,1,0,0,1,0
1433,22,201717,93080,0,0,0,0,1,0,9,6,1,0,294797,2.1671125149063717,1411,0,1,0,0,1,1
31337,53,35664,44476,0,0,0,0,1,0,9,6,1,0,80140,0.8018526429390471,31284,0,1,0,0,1,0
21396,1433,27268,11671,1,0,1,0,1,0,9,6,1,0,38939,2.3361891706648388,19963,0,0,0,0,1,0
22825,80,3227,9031,0,0,1,0,1,0,10,6,1,0,12258,0.35728520814880427,22745,0,1,0,0,1,0
8614,53,63344,47353,0,0,0,0,1,0,10,6,1,0,110697,1.337669468260337,8561,0,1,0,0,1,0
80,80,10003,11137,0,1,0,0,1,0,10,6,1,0,21140,0.8980966062129646,0,1,1,0,0,1,1
10650,53,10759,28186,0,0,1,0,1,0,11,6,1,0,38945,0.38170078404938446,10597,0,1,0,0,1,0
53,22,10047,17557,0,0,1,0,1,0,11,6,1,0,27604,0.5722177924592778,31,1,1,0,0,1,1
443,443,44464,19565,0,1,1,0,0,1,11,6,1,0,64029,2.2725135439026882,0,1,1,0,0,1,1
60153,80,1888,3877,1,0,0,0,1,0,12,6,1,0,5765,0.48684889118102115,60073,0,1,1,0,1,0
43368,1433,15719,35508,0,0,1,0,1,0,12,6,1,0,51227,0.4426765045481427,41935,0,0,0,0,1,0
51579,1433,105709,177380,0,0,1,0,1,0,12,6,1,0,283089,0.5959431957199475,50146,0,0,1,0,1,0
42057,53,3001,879,0,0,1,0,1,0,12,6,1,0,3880,3.4102272727272727,42004,0,1,0,0,1,0
18317,1433,29045,34225,1,0,1,0,1,0,12,6,1,0,63270,0.8486238532110092,16884,0,0,0,0,1,0
39385,443,8020,24199,0,0,0,0,0,1,12,6,1,0,32219,0.33140495867768593,38942,0,1,0,0,1,0
9607,1433,11545,3270,0,0,1,0,1,0,13,6,1,0,14815,3.5295016814429836,8174,0,0,0,0,1,0
58561,22,311216,203927,0,0,1,0,1,0,13,6,1,0,515143,1.5261072535404652,58539,0,1,1,0,1,0
18267,445,1570,5051,1,0,1,0,1,0,13,6,1,0,6621,0.3107680126682502,17822,0,1,0,0,1,0
7417,25,74982,124317,0,0,0,0,1,0,13,6,1,0,199299,0.6031467687704114,7392,0,1,0,0,1,0
445,1433,10252,40141,0,0,0,0,1,0,13,6,1,0,50393,0.2553933535947387,988,1,0,0,0,1,1
18724,25,9468,17059,0,0,0,0,1,0,13,6,1,0,26527,0.5549824150058617,18699,0,1,0,0,1,0
3389,445,3720,13256,0,0,1,0,1,0,13,6,1,0,16976,0.28060647205250056,2944,0,1,0,0,1,1
65183,25,73588,215250,0,0,1,0,1,0,13,6,1,0,288838,0.3418706533302981,65158,0,1,1,0,1,0
59069,60759,16215,65012,0,0,1,0,1,0,15,6,1,0,81227,0.2494116561303124,1690,0,0,1,1,0,0
80,53,13249,23221,0,0,1,0,1,0,15,6,1,0,36470,0.5705365601584704,27,1,1,0,0,1,1
5297,3389,26258,106359,0,0,1,0,0,1,15,6,1,0,132617,0.2468785257615645,1908,0,0,0,0,1,0
24777,25,16773,8712,0,0,0,0,1,0,15,6,1,0,25485,1.925054516240101,24752,0,1,0,0,1,0
32288,22,896,1306,0,0,1,0,0,1,15,6,1,0,2202,0.685539403213466,32266,0,1,0,0,1,0
35811,445,10043,39912,0,1,1,0,1,0,16,6,1,0,49955,0.251622278455641,35366,0,1,0,0,1,0
12600,53,92291,146390,1,0,1,0,1,0,16,6,1,0,238681,0.6304417621301855,12547,0,1,0,0,1,0
44684,21,1977,4070,1,0,0,0,1,0,16,6,1,0,6047,0.48563006632277084,44663,0,1,0,0,1,0
15849,1433,3851,7452,1,0,1,0,1,0,16,6,1,0,11303,0.5167046826781162,14416,0,0,0,0,1,0
24128,445,11127,27114,0,0,1,0,1,0,16,6,1,0,38241,0.4103632675640789,23683,0,1,0,0,1,0
27727,22,6898,19070,0,0,1,0,1,0,16,6,1,0,25968,0.36170101200776045,27705,0,1,0,0,1,0
50552,53,21065,18870,1,0,1,0,1,0,16,6,1,0,39935,1.116263049122993,50499,0,1,1,0,1,0
55839,21,3831,6984,0,0,1,0,1,0,16,6,1,0,10815,0.5484609878310666,55818,0,1,1,0,1,0
46704,445,11842,7524,0,1,1,0,1,0,16,6,1,0,19366,1.573687707641196,46259,0,1,0,0,1,0
33874,53,20398,7363,0,1,0,0,0,1,17,6,1,0,27761,2.7699619771863118,33821,0,1,0,0,1,0
54836,25,62212,72830,0,0,1,0,1,0,17,6,1,0,135042,0.8541967019538383,54811,0,1,1,0,1,0
62097,1433,161403,642863,0,0,0,0,1,0,17,6,1,0,804266,0.25106865526767713,60664,0,0,1,0,1,0
29473,445,14494,28729,1,0,1,0,1,0,17,6,1,0,43223,0.504490080055691,29028,0,1,0,0,1,0
31921,21,451755,605689,0,0,1,0,1,0,17,6,1,0,1057444,0.7458518383991811,31900,0,1,0,0,1,0
42436,22,16411,53028,0,0,0,0,1,0,17,6,1,0,69439,0.30947217560202905,42414,0,1,0,0,1,0
7379,443,82967,93313,0,0,1,0,1,0,17,6,1,0,176280,0.8891163169513685,6936,0,1,0,0,1,0
64796,25,484277,1159815,0,0,1,0,1,0,17,6,1,0,1644092,0.4175464039123447,64771,0,1,1,0,1,0
12941,22,27526,113608,0,0,0,0,1,0,17,6,1,0,141134,0.24228714274397276,12919,0,1,0,0,1,0
13246,80,2446,2934,1,0,1,0,1,0,18,6,1,0,5380,0.8333901192504259,13166,0,1,0,0,1,0
5619,22,25474,33834,0,0,1,0,0,1,18,6,1,0,59308,0.7528890202453081,5597,0,1,0,0,1,0
22931,22,8278,12291,0,0,1,0,1,0,18,6,1,0,20569,0.6734461438333875,22909,0,1,0,0,1,0
43156,3389,14198,22918,0,0,0,0,1,0,18,6,1,0,37116,0.6194860159692831,39767,0,0,0,0,1,0
8402,21,527531,971526,1,0,1,0,1,0,18,6,1,0,1499057,0.542991599821724,8381,0,1,0,0,1,0
37370,443,3113,6148,0,0,1,0,0,1,18,6,1,0,9261,0.5062611806797853,36927,0,1,0,0,1,0
21,445,35623,34508,0,0,0,0,1,0,18,6,1,0,70131,1.0322814338288562,424,1,1,0,0,1,1
47454,445,5408,509,0,0,1,0,1,0,19,6,1,0,5917,10.60392156862745,47009,0,1,0,0,1,0
62194,1433,13463,37583,0,0,0,0,1,0,20,6,1,0,51046,0.35821094082588334,60761,0,0,1,0,1,0
52331,3389,72529,256684,0,0,0,0,0,1,20,6,1,0,329213,0.28256033659933383,48942,0,0,1,0,1,0
25,25675,36646,49900,0,0,1,0,1,0,21,6,1,0,86546,0.7343740606400674,25650,1,0,0,0,0,1
445,445,15366,54969,0,0,1,1,0,0,21,6,1,0,70335,0.27953429143169,0,1,1,0,0,1,1
51335,22,7787,4964,0,0,1,0,1,0,21,6,1,0,12751,1.568378650553877,51313,0,1,1,0,1,0
1550,21,36524,97229,0,0,1,0,1,0,21,6,1,0,133753,0.37564537694127326,1529,0,1,0,0,1,0
4355,25,338506,438985,0,0,1,0,1,0,21,6,1,0,777491,0.7711088736315054,4330,0,1,0,0,1,0
62560,53,5207,16318,0,0,1,0,1,0,22,6,1,1,21525,0.31907592376983884,62507,0,1,1,0,1,0
55562,3389,469142,1030340,0,0,1,0,0,1,22,6,1,1,1499482,0.45532692574594236,52173,0,0,1,0,1,0
19279,3306,150120,455117,0,0,1,0,0,1,22,6,1,1,605237,0.3298485228006803,15973,0,0,0,0,1,0
33832,1433,197001,295384,0,0,1,0,1,0,22,6,1,1,492385,0.6669296003520829,32399,0,0,0,0,1,0
3306,80,36079,38275,0,0,1,0,0,1,22,6,1,1,74354,0.9426011077437558,3226,0,1,0,0,1,1
56414,445,143459,326339,1,0,1,0,0,1,22,6,1,1,469798,0.43959980388551817,55969,0,1,1,0,1,0
59665,80,4384,15076,0,1,1,0,1,0,22,6,1,1,19460,0.2907740266631293,59585,0,1,1,0,1,0
57548,21,7563,2989,0,0,1,0,1,0,23,6,1,1,10552,2.5294314381270904,57527,0,1,1,0,1,0
42818,22,75004,177007,0,0,1,0,1,0,23,6,1,1,252011,0.42373226068878245,42796,0,1,0,0,1,0
80,25,35360,70789,0,1,1,0,1,0,23,6,1,1,106149,0.49950557988416444,55,1,1,0,0,1,1
3389,25,17371,26142,0,0,1,0,1,0,23,6,1,1,43513,0.6644608499407108,3364,0,1,0,0,1,1
10436,21,401,1091,0,0,1,0,1,0,0,0,0,1,1492,0.36721611721611724,10415,0,1,0,0,1,0
62749,53,10973,21747,0,0,1,0,1,0,0,0,0,1,32720,0.5045521427257679,62696,0,1,1,0,1,0
59403,25,3366,5702,0,0,1,0,0,1,1,0,0,1,9068,0.590215675960021,59378,0,1,1,0,1,0
36476,53,48516,99437,0,0,1,0,0,1,1,0,0,1,147953,0.48790200929222227,36423,0,1,0,0,1,0
13299,25,16222,67810,0,0,1,0,1,0,1,0,0,1,84032,0.23922372476441875,13274,0,1,0,0,1,0
3306,21,8060,20291,0,0,0,0,1,0,1,0,0,1,28351,0.39720086733688154,3285,0,1,0,0,1,1
26002,1433,1511566,3975262,0,0,1,0,1,0,1,0,0,1,5486828,0.3802430178833451,24569,0,0,0,0,1,0
53213,445,115969,267436,0,0,1,0,1,0,1,0,0,1,383405,0.43363109816517537,52768,0,1,1,0,1,0
44923,445,119299,344498,0,0,1,0,1,0,1,0,0,1,463797,0.3462970864937199,44478,0,1,0,0,1,0
5709,3306,746793,1090147,0,0,1,0,1,0,2,0,0,1,1836940,0.6850381783023957,2403,0,0,0,0,1,0
22,445,79499,302269,0,0,1,0,1,0,2,0,0,1,381768,0.2630065835180468,423,1,1,0,0,1,1
64295,443,6415,15119,0,0,0,0,1,0,2,0,0,1,21534,0.42427248677248675,63852,0,1,1,0,1,0
21,21,5320,1759,0,0,1,0,1,0,2,0,0,1,7079,3.022727272727273,0,1,1,0,0,1,1
48424,80,103140,94846,0,0,1,0,1,0,2,0,0,1,197986,1.0874355541029237,48344,0,1,0,0,1,0
13800,3389,816,1964,0,0,1,0,0,1,3,0,0,1,2780,0.4152671755725191,10411,0,0,0,0,1,0
53028,80,19449,55531,1,0,0,0,0,1,3,0,0,1,74980,0.350230497731038,52948,0,1,1,0,1,0
4407,53,682,1550,1,0,0,0,1,0,3,0,0,1,2232,0.4397163120567376,4354,0,1,0,0,1,0
43440,443,25800,106886,0,0,1,0,1,0,3,0,0,1,132686,0.24137640685958067,42997,0,1,0,0,1,0
27369,443,86380,153961,0,0,1,0,1,0,3,0,0,1,240341,0.5610475312089996,26926,0,1,0,0,1,0
3306,445,34443,63160,0,0,0,0,1,0,4,0,0,1,97603,0.545320688399487,2861,0,1,0,0,1,1
41230,445,98812,29489,0,0,1,0,1,0,4,0,0,1,128301,3.3506951508986096,40785,0,1,0,0,1,0
54645,25,510794,357518,0,0,1,0,1,0,4,0,0,1,868312,1.4287184737034955,54620,0,1,1,0,1,0
45427,3389,17506,38023,0,0,1,0,0,1,5,0,0,1,55529,0.4603934357248054,42038,0,0,0,0,1,0
53,3389,1967435,2527518,0,0,1,0,1,0,5,0,0,1,4494953,0.7784056222722757,3336,1,0,0,0,1,1
61097,443,30954,36611,0,0,0,0,1,0,5,0,0,1,67565,0.8454605047525402,60654,0,1,1,0,1,0
41462,25,100575,229299,1,0,0,0,1,0,5,0,0,1,329874,0.43861753161796774,41437,0,1,0,0,1,0
10942,443,8285,7834,0,0,0,0,1,0,6,0,0,0,16119,1.05743458838545,10499,0,1,0,0,1,0
20829,15802,293872,1052007,1,0,1,0,1,0,7,0,0,0,1345879,0.2793438833164767,5027,0,0,0,0,0,0
30640,53,116627,178311,0,0,1,0,1,0,7,0,0,0,294938,0.654061420431603,30587,0,1,0,0,1,0
62197,80,231960,405554,0,0,1,0,1,0,7,0,0,0,637514,0.57195694788623,62117,0,1,1,0,1,0
38457,443,24033,92258,1,0,1,0,1,0,7,0,0,0,116291,0.2604949110655871,38014,0,1,0,0,1,0
51886,22,2955,9039,0,0,1,0,1,0,8,0,0,0,11994,0.3268805309734513,51864,0,1,1,0,1,0
17569,3389,46011,91044,0,0,1,0,1,0,8,0,0,0,137055,0.5053654786094788,14180,0,0,0,0,1,0
32922,21,1457,3646,0,0,1,0,1,0,8,0,0,0,5103,0.39950644365231697,32901,0,1,0,0,1,0
35588,22,12862,18086,0,0,1,0,0,1,8,0,0,0,30948,0.7111184828882623,35566,0,1,0,0,1,0
64758,22,29903,103133,1,0,1,0,1,0,8,0,0,0,133036,0.2899431807163496,64736,0,1,1,0,1,0
13007,3306,988119,328530,0,0,1,0,1,0,8,0,0,0,1316649,3.007688772140224,9701,0,0,0,0,1,0
21,3306,36668,37845,0,0,1,0,1,0,9,0,0,0,74513,0.9688738572108017,3285,1,0,0,0,1,1
12979,22,27536,93522,0,0,1,0,0,1,9,0,0,0,121058,0.2944302471049902,12957,0,1,0,0,1,0
443,22,19913,49098,0,0,1,0,1,0,9,0,0,0,69011,0.4055683415140838,421,1,1,0,0,1,1
50518,1433,2572,4946,0,0,1,0,1,0,9,0,0,0,7518,0.5199110572063878,49085,0,0,1,0,1,0
20053,53,25268,69176,0,0,0,0,1,0,9,0,0,0,94444,0.3652659120806048,20000,0,1,0,0,1,0
49083,443,25967,52417,0,0,1,0,1,0,10,0,0,0,78384,0.49538326529054905,48640,0,1,0,0,1,0
3889,80,4676,11472,0,0,0,0,1,0,10,0,0,0,16148,0.40756558877364246,3809,0,1,0,0,1,0
26180,3306,3298,2761,0,0,1,0,0,1,10,0,0,0,6059,1.1940622737146995,22874,0,0,0,0,1,0
10240,22,10193,2612,0,0,1,0,0,1,10,0,0,0,12805,3.9008802143130503,10218,0,1,0,0,1,0
47721,22,24437,90436,0,0,1,0,1,0,10,0,0,0,114873,0.27021020157678827,47699,0,1,0,0,1,0
59629,3389,10592,10296,0,0,1,0,1,0,11,0,0,0,20888,1.028649121103234,56240,0,0,1,0,1,0
14539,22,4099,4598,0,0,1,0,1,0,11,0,0,0,8697,0.8912807131985214,14517,0,1,0,0,1,0
3389,3389,34990,39519,0,1,1,0,1,0,11,0,0,0,74509,0.8853744939271255,0,0,0,0,0,1,1
445,3389,52166,40888,0,0,0,0,0,1,11,0,0,0,93054,1.2757954462080265,2944,1,0,0,0,1,1
60013,36056,26744,97218,0,0,1,0,1,0,11,0,0,0,123962,0.2750902601343359,23957,0,0,1,0,0,0
63496,53,8948,31642,1,0,1,0,1,0,12,0,0,0,40590,0.28277976171665137,63443,0,1,1,0,1,0
26407,443,57053,13092,0,0,0,0,1,0,12,0,0,0,70145,4.357519285114183,25964,0,1,0,0,1,0
40898,1433,16238,8115,0,0,0,0,0,1,12,0,0,0,24353,2.000739280433711,39465,0,0,0,0,1,0
19645,3306,3286,1805,1,0,1,0,1,0,12,0,0,0,5091,1.8194905869324474,16339,0,0,0,0,1,0
25,3306,115611,114604,1,0,1,0,1,0,13,0,0,0,230215,1.0087779765280747,3281,1,0,0,0,1,1
13641,22,38778,16222,0,0,1,0,1,0,13,0,0,0,55000,2.390310053627566,13619,0,1,0,0,1,0
56866,25,18199,60292,0,0,1,0,1,0,13,0,0,0,78491,0.3018426683031198,56841,0,1,1,0,1,0
61192,1433,1783,644,0,0,1,0,0,1,13,0,0,0,2427,2.764341085271318,59759,0,0,1,0,1,0
11641,22,6689,26555,0,0,1,0,1,0,13,0,0,0,33244,0.2518828136767585,11619,0,1,0,0,1,0
11294,3389,556657,515420,0,0,1,0,1,0,13,0,0,0,1072077,1.0800045011747679,7905,0,0,0,0,1,0
3389,443,1971,2837,0,0,1,0,1,0,13,0,0,0,4808,0.6945031712473573,2946,0,1,0,0,1,1
6770,1433,14732,43834,0,0,0,0,1,0,14,0,0,0,58566,0.3360784761035702,5337,0,0,0,0,1,0
43260,443,21458,69817,0,0,1,0,1,0,14,0,0,0,91275,0.3073419462029849,42817,0,1,0,0,1,0
12451,25,36781,26699,0,0,0,0,1,0,15,0,0,0,63480,1.377565543071161,12426,0,1,0,0,1,0
443,3389,2007,3570,0,0,0,0,1,0,15,0,0,0,5577,0.5620274432931952,2946,1,0,0,0,1,1
3306,443,29105,60396,0,0,1,0,1,0,15,0,0,0,89501,0.481894796099144,2863,0,1,0,0,1,1
27080,25,1483,5216,0,0,1,0,1,0,15,0,0,0,6699,0.28426298639064596,27055,0,1,0,0,1,0
22,3389,25742,38612,0,0,0,0,0,1,15,0,0,0,64354,0.6666666666666666,3367,1,0,0,0,1,1
25,1433,7755,10233,0,0,0,0,1,0,15,0,0,0,17988,0.7577682235684972,1408,1,0,0,0,1,1
27505,443,5511,2974,0,0,0,0,1,0,16,0,0,0,8485,1.8524369747899159,27062,0,1,0,0,1,0
35756,3306,83759,180787,0,0,0,0,0,1,16,0,0,0,264546,0.4632995552802177,32450,0,0,0,0,1,0
53,25,15108,21134,0,0,1,0,1,0,16,0,0,0,36242,0.714833215046132,28,1,1,0,0,1,1
34316,25,47001,136096,0,0,1,0,1,0,16,0,0,0,183097,0.34534927294503187,34291,0,1,0,0,1,0
3306,22,49559,100070,0,0,1,0,1,0,16,0,0,0,149629,0.49523838074966775,3284,0,1,0,0,1,1
37672,53,168034,164241,0,0,1,0,1,0,16,0,0,0,332275,1.0230878825148257,37619,0,1,0,0,1,0
20369,443,3186,11164,0,0,1,0,1,0,16,0,0,0,14350,0.2853560232870578,19926,0,1,0,0,1,0
6870,3389,95839,215030,0,0,1,0,1,0,17,0,0,0,310869,0.44569852718910297,3481,0,0,0,0,1,0
3389,1433,22614,19312,0,0,0,0,0,1,17,0,0,0,41926,1.1709211412002278,1956,0,0,0,0,1,1
29592,443,12028,4822,0,0,0,0,1,0,17,0,0,0,16850,2.4938834750155503,29149,0,1,0,0,1,0
21802,53,3502,13331,1,0,1,0,1,0,17,0,0,0,16833,0.26267626762676266,21749,0,1,0,0,1,0
17982,25,58136,111088,1,0,1,0,1,0,17,0,0,0,169224,0.5233281423003178,17957,0,1,0,0,1,0
51207,21,5036,4027,0,0,1,0,1,0,18,0,0,0,9063,1.250248262164846,51186,0,1,1,0,1,0
32024,1433,50437,89710,0,0,1,0,1,0,18,0,0,0,140147,0.5622164506024903,30591,0,0,0,0,1,0
14451,3306,481436,48985,0,0,0,0,1,0,18,0,0,0,530421,9.82803249908137,11145,0,0,0,0,1,0
40845,25,105658,270009,0,0,1,0,0,1,18,0,0,0,375667,0.39131143290989223,40820,0,1,0,0,1,0
19327,22,204085,213876,0,0,1,0,0,1,18,0,0,0,417961,0.9542166759399094,19305,0,1,0,0,1,0
9209,53,6971,24268,0,0,1,0,1,0,19,0,0,0,31239,0.2872388643949071,9156,0,1,0,0,1,0
9123,21,74635,9194,0,0,0,0,1,0,19,0,0,0,83829,8.116911364872212,9102,0,1,0,0,1,0
34537,3306,3530,3427,0,0,1,0,1,0,19,0,0,0,6957,1.02975495915986,31231,0,0,0,0,1,0
53,3306,15160,14732,0,0,1,1,0,0,19,0,0,0,29892,1.0289825561664292,3253,1,0,0,0,1,1
25,21,357194,532085,0,0,1,0,1,0,19,0,0,0,889279,0.6713087733937747,4,1,1,0,0,1,1
22,3306,8328,32657,0,0,1,0,1,0,19,0,0,0,40985,0.25500643027742054,3284,1,0,0,0,1,1
21,3306,130374,545315,0,0,0,0,1,0,20,0,0,0,675689,0.2390797262504676,3285,1,0,0,0,1,1
8747,24872,111863,467486,0,0,0,0,0,1,20,0,0,0,579349,0.23928579832166455,16125,0,0,0,0,0,0
80,80,122956,291344,0,1,1,0,0,1,20,0,0,0,414300,0.42202886612092194,0,1,1,0,0,1,1
1173,3306,2900,10079,1,0,1,0,1,0,20,0,0,0,12979,0.2876984126984127,2133,0,0,0,0,1,0
42166,443,51037,145447,1,0,1,0,0,1,20,0,0,0,196484,0.3508951652824377,41723,0,1,0,0,1,0
21,53,17144,27682,0,0,1,0,1,0,20,0,0,0,44826,0.6192970415056172,32,1,1,0,0,1,1
11428,21,125692,103695,1,0,1,0,1,0,21,0,0,0,229387,1.2121200432032093,11407,0,1,0,0,1,0
56706,80,1559,5495,0,0,0,0,0,1,21,0,0,0,7054,0.2836608442503639,56626,0,1,1,0,1,0
443,3306,39674,5610,0,0,1,0,0,1,22,0,0,1,45284,7.070753876314383,2863,1,0,0,0,1,1
44817,443,31640,122372,1,0,1,0,1,0,22,0,0,1,154012,0.25855376594510227,44374,0,1,0,0,1,0
6197,21,912,1059,0,0,0,0,1,0,22,0,0,1,1971,0.8603773584905661,6176,0,1,0,0,1,0
35644,3389,5341,20391,0,0,1,0,0,1,22,0,0,1,25732,0.26191643781875246,32255,0,0,0,0,1,0
15954,21,1178,1601,0,0,1,0,0,1,23,0,0,1,2779,0.735330836454432,15933,0,1,0,0,1,0
80,3389,6890,23890,0,0,0,0,0,1,23,0,0,1,30780,0.28839311874764556,3309,1,0,0,0,1,1
10314,53,53037,11350,0,0,1,0,1,0,23,0,0,1,64387,4.672451766364197,10261,0,1,0,0,1,0
63004,21,30109,70191,1,0,1,0,0,1,0,1,0,1,100300,0.4289520173239116,62983,0,1,1,0,1,0
65078,80,28883,116846,0,0,0,1,0,0,0,1,0,1,145729,0.24718649173705787,64998,0,1,1,0,1,0
58519,80,4173,6330,0,0,0,0,1,0,0,1,0,1,10503,0.6591375770020534,58439,0,1,1,0,1,0
46369,1433,132285,214030,0,0,1,0,0,1,0,1,0,1,346315,0.6180646728744902,44936,0,0,0,0,1,0
33239,21,21373,14024,0,0,0,0,1,0,0,1,0,1,35397,1.523921568627451,33218,0,1,0,0,1,0
20433,443,23246,71747,0,0,0,0,1,0,0,1,0,1,94993,0.3239950939399008,19990,0,1,0,0,1,0
24545,5616,99174,174024,0,0,1,0,1,0,0,1,0,1,273198,0.5698836374084183,18929,0,0,0,0,0,0
33868,22,4509,15409,0,0,1,0,1,0,0,1,0,1,19918,0.2926022063595068,33846,0,1,0,0,1,0
57488,445,31750,130624,0,0,1,0,1,0,1,1,0,1,162374,0.2430622009569378,57043,0,1,1,0,1,0
54868,11879,43370,164820,0,0,1,0,0,1,1,1,0,1,208190,0.263133945310367,42989,0,0,1,0,0,0
37728,3389,9201,23948,0,0,1,0,1,0,1,1,0,1,33149,0.38419140673932106,34339,0,0,0,0,1,0
29426,80,62554,254361,0,0,0,0,1,0,1,1,0,1,316915,0.24592509887483194,29346,0,1,0,0,1,0
49736,53,47258,13399,0,0,1,0,0,1,1,1,0,1,60657,3.5267164179104475,49683,0,1,1,0,1,0
42338,3389,18734,64694,0,0,1,0,1,0,2,1,0,1,83428,0.2895741556534508,38949,0,0,0,0,1,0
7709,22,17828,51789,0,0,1,0,1,0,2,1,0,1,69617,0.3442363390615949,7687,0,1,0,0,1,0
65127,80,50902,209664,0,0,0,0,1,0,2,1,0,1,260566,0.2427777645291298,65047,0,1,1,0,1,0
445,3389,77773,163913,0,0,0,0,1,0,3,1,0,1,241686,0.4744744195126713,2944,1,0,0,0,1,1
32896,21,24358,93708,0,0,0,0,1,0,3,1,0,1,118066,0.2599323437449978,32875,0,1,0,0,1,0
18460,25,132230,22459,0,0,1,0,0,1,3,1,0,1,154689,5.887355298308103,18435,0,1,0,0,1,0
19124,3306,63173,152282,0,0,1,0,1,0,3,1,0,1,215455,0.4148394765009883,15818,0,0,0,0,1,0
43809,443,1259,1620,0,0,1,0,0,1,3,1,0,1,2879,0.7766810610734115,43366,0,1,0,0,1,0
4332,25,2326,4739,1,0,0,0,1,0,3,1,0,1,7065,0.4907172995780591,4307,0,1,0,0,1,0
80,80,146031,187759,0,0,1,0,1,0,4,1,0,1,333790,0.7777535151256924,0,1,1,0,0,1,1
25497,80,14841,44090,0,0,0,0,1,0,4,1,0,1,58931,0.3365993059808124,25417,0,1,0,0,1,0
5741,21,28643,14526,0,0,0,0,1,0,4,1,0,1,43169,1.971707854340194,5720,0,1,0,0,1,0
40389,3306,136334,74332,0,0,1,0,1,0,5,1,0,1,210666,1.834097910752963,37083,0,0,0,0,1,0
22,3306,21801,43521,0,0,1,0,1,0,5,1,0,1,65322,0.5009190754101374,3284,1,0,0,0,1,1
41961,443,23379,86073,0,0,1,0,1,0,5,1,0,1,109452,0.2716151218718777,41518,0,1,0,0,1,0
3389,80,5486,3271,1,0,1,0,1,0,5,1,0,1,8757,1.6766503667481663,3309,0,1,0,0,1,1
443,443,39814,63777,0,0,0,0,1,0,5,1,0,1,103591,0.6242591489228261,0,1,1,0,0,1,1
62110,3389,56298,223090,0,0,1,0,1,0,5,1,0,1,279388,0.2523544203934717,58721,0,0,1,0,1,0
11491,53,8737,8692,0,0,1,0,1,0,6,1,0,0,17429,1.00506154377085,11438,0,1,0,0,1,0
5331,60219,5038,6915,0,0,1,0,1,0,6,1,0,0,11953,0.7284557547715442,54888,0,0,0,1,0,0
2516,25,1471897,3431543,0,0,1,0,1,0,6,1,0,0,4903440,0.42893140813581293,2491,0,1,0,0,1,0
3264,25,18983,35310,1,0,1,0,1,0,6,1,0,0,54293,0.53759451728923,3239,0,1,0,0,1,0
63675,445,7376,8293,0,0,0,0,1,0,7,1,0,0,15669,0.8893175789727514,63230,0,1,1,0,1,0
28293,80,68223,222976,0,0,1,0,1,0,7,1,0,0,291199,0.3059642922812667,28213,0,1,0,0,1,0
39138,25,20307,73969,0,0,1,0,0,1,7,1,0,0,94276,0.2745302149520076,39113,0,1,0,0,1,0
58899,3389,3876,11670,0,0,0,0,1,0,8,1,0,0,15546,0.3321052180618627,55510,0,0,1,0,1,0
46630,21,47709,88624,0,0,1,0,1,0,8,1,0,0,136333,0.5383244005641749,46609,0,1,0,0,1,0
21,21,5625,20739,0,0,1,0,0,1,8,1,0,0,26364,0.27121504339440694,0,1,1,0,0,1,1
18236,80,274397,1074705,0,0,1,0,1,0,9,1,0,0,1349102,0.2553228510867158,18156,0,1,0,0,1,0
62482,1433,48591,103010,0,0,1,0,1,0,9,1,0,0,151601,0.47170690508780616,61049,0,0,1,0,1,0
2201,21,14143,13402,0,0,1,0,1,0,9,1,0,0,27545,1.055211519808998,2180,0,1,0,0,1,0
9854,443,26237,58414,0,0,1,0,1,0,9,1,0,0,84651,0.44914833518787983,9411,0,1,0,0,1,0
7665,445,93457,153790,0,0,1,1,0,0,10,1,0,0,247247,0.6076883562757248,7220,0,1,0,0,1,0
49838,3306,29659,42147,0,0,1,0,0,1,10,1,0,0,71806,0.7036870076871975,46532,0,0,1,0,1,0
36994,22,656957,2276533,0,0,1,0,1,0,10,1,0,0,2933490,0.2885777238556507,36972,0,1,0,0,1,0
22812,3306,135589,275610,0,0,1,1,0,0,11,1,0,0,411199,0.49195786815475434,19506,0,0,0,0,1,0
45562,3389,48058,90194,0,0,1,0,1,0,11,1,0,0,138252,0.5328233272354344,42173,0,0,0,0,1,0
26904,80,4918,16233,0,0,1,0,1,0,11,1,0,0,21151,0.30294443760009854,26824,0,1,0,0,1,0
5351,3389,17413,61113,0,0,1,0,0,1,11,1,0,0,78526,0.2849265307458193,1962,0,0,0,0,1,0
5191,21,47391,91838,0,0,0,0,1,0,11,1,0,0,139229,0.5160226047757489,5170,0,1,0,0,1,0
1433,443,5904,24434,0,0,1,0,1,0,11,1,0,0,30338,0.2416206261510129,990,0,1,0,0,1,1
21287,443,174465,621176,0,0,1,0,1,0,12,1,0,0,795641,0.2808619765380882,20844,0,1,0,0,1,0
55375,53,4634,3392,0,0,0,0,1,0,12,1,0,0,8026,1.3657530209254347,55322,0,1,1,0,1,0
55811,445,7946,13877,0,0,0,0,1,0,12,1,0,0,21823,0.572560887735985,55366,0,1,1,0,1,0
443,21,8958,23317,0,0,1,0,1,0,12,1,0,0,32275,0.38416673814220775,422,1,1,0,0,1,1
45597,80,72411,290508,0,0,1,0,1,0,12,1,0,0,362919,0.24925561686557043,45517,0,1,0,0,1,0
34446,22,6075,16550,0,0,1,0,1,0,13,1,0,0,22625,0.367047308319739,34424,0,1,0,0,1,0
8904,22,1236,965,0,0,1,0,0,1,13,1,0,0,2201,1.279503105590062,8882,0,1,0,0,1,0
46107,1433,125600,249822,0,0,1,0,0,1,13,1,0,0,375422,0.5027559512134592,44674,0,0,0,0,1,0
10770,445,10818,11011,0,0,1,0,1,0,14,1,0,0,21829,0.9823828550671995,10325,0,1,0,0,1,0
1951,53,3985,10309,0,0,1,1,0,0,14,1,0,0,14294,0.38651794374393794,1898,0,1,0,0,1,0
8484,3306,6582,12248,1,0,1,0,1,0,14,1,0,0,18830,0.5373499877541024,5178,0,0,0,0,1,0
29399,1433,343458,648517,0,0,1,0,1,0,14,1,0,0,991975,0.5296044211571614,27966,0,0,0,0,1,0
28794,445,7698,15064,1,0,1,0,1,0,14,1,0,0,22762,0.510985728509791,28349,0,1,0,0,1,0
22029,445,18080,17301,0,0,0,0,1,0,14,1,0,0,35381,1.0449658998959659,21584,0,1,0,0,1,0
25869,3389,10774,10206,0,0,1,0,1,0,15,1,0,0,20980,1.055550112667777,22480,0,0,0,0,1,0
14061,3306,3064,2626,0,0,1,0,1,0,15,1,0,0,5690,1.1663494480395888,10755,0,0,0,0,1,0
57505,21,6711,8564,0,0,0,0,1,0,15,1,0,0,15275,0.78353765323993,57484,0,1,1,0,1,0
3306,3389,2746,2186,0,0,1,0,1,0,15,1,0,0,4932,1.2556012802926384,83,0,0,0,0,1,1
21,53,101662,55672,0,0,1,0,0,1,15,1,0,0,157334,1.8260557182117005,32,1,1,0,0,1,1
8974,53,25884,42953,0,0,0,0,1,0,16,1,0,0,68837,0.6025981282301998,8921,0,1,0,0,1,0
59015,21,1169731,2189772,0,0,1,0,0,1,16,1,0,0,3359503,0.5341791135428193,58994,0,1,1,0,1,0
29886,21,7085,23136,1,0,1,0,0,1,16,1,0,0,30221,0.30621947529930416,29865,0,1,0,0,1,0
31635,443,5573,13798,0,0,1,0,1,0,16,1,0,0,19371,0.4038698456409885,31192,0,1,0,0,1,0
5288,25,256277,710964,0,0,0,0,1,0,16,1,0,0,967241,0.3604635952543374,5263,0,1,0,0,1,0
42087,445,119702,336576,0,0,0,0,1,0,17,1,0,0,456278,0.3556452163992192,41642,0,1,0,0,1,0
1433,3306,40766,103550,0,0,0,0,0,1,17,1,0,0,144316,0.39368040868750664,1873,0,0,0,0,1,1
23413,3306,3707,6373,0,0,1,0,1,0,17,1,0,0,10080,0.5815814245371823,20107,0,0,0,0,1,0
28148,849,536,137,0,1,0,0,1,0,17,1,0,0,673,3.8840579710144927,27299,0,1,0,0,0,0
50606,21,19626,54870,0,0,1,0,1,0,18,1,0,0,74496,0.3576752747352882,50585,0,1,1,0,1,0
5910,22,11058,35905,1,0,0,0,1,0,18,1,0,0,46963,0.30797081267754695,5888,0,1,0,0,1,0
34131,3306,137136,469732,0,0,1,0,0,1,18,1,0,0,606868,0.2919445727679341,30825,0,0,0,0,1,0
443,25,21254,81198,0,0,1,0,1,0,18,1,0,0,102452,0.26175199201960614,418,1,1,0,0,1,1
13051,21,3411,13853,0,0,1,0,0,1,18,1,0,0,17264,0.2462104807275877,13030,0,1,0,0,1,0
43025,80,23493,90725,0,0,1,0,1,0,18,1,0,0,114218,0.25894451425170295,42945,0,1,0,0,1,0
14578,22,6309,25766,0,0,0,0,1,0,19,1,0,0,32075,0.24484806147397833,14556,0,1,0,0,1,0
31929,53,178,703,0,0,1,1,0,0,19,1,0,0,881,0.2528409090909091,31876,0,1,0,0,1,0
1433,443,5373,3249,0,0,1,0,1,0,19,1,0,0,8622,1.6532307692307693,990,0,1,0,0,1,1
50009,1433,9467,863,0,0,1,0,0,1,19,1,0,0,10330,10.957175925925926,48576,0,0,1,0,1,0
2806,22,3466,3913,0,0,1,0,1,0,19,1,0,0,7379,0.885539090444558,2784,0,1,0,0,1,0
57527,53,55292,104920,0,0,0,0,1,0,20,1,0,0,160212,0.5269869711497221,57474,0,1,1,0,1,0
32139,53,6349,24976,0,0,1,0,1,0,20,1,0,0,31325,0.2541938583496817,32086,0,1,0,0,1,0
44568,53,47357,19274,0,0,1,1,0,0,20,1,0,0,66631,2.4569130998702984,44515,0,1,0,0,1,0
60524,3389,3061,1048,1,0,0,0,0,1,20,1,0,0,4109,2.918017159199237,57135,0,0,1,0,1,0
63668,25,94348,255446,0,0,1,0,1,0,20,1,0,0,349794,0.36934471729947893,63643,0,1,1,0,1,0
19128,53,2857,1998,1,0,0,0,1,0,20,1,0,0,4855,1.4292146073036518,19075,0,1,0,0,1,0
35992,53,519,1841,0,0,1,0,1,0,20,1,0,0,2360,0.28175895765472314,35939,0,1,0,0,1,0
39882,1433,159471,82959,0,0,1,0,1,0,21,1,0,0,242430,1.9222637415621986,38449,0,0,0,0,1,0
18161,443,5600,927,0,0,1,0,1,0,21,1,0,0,6527,6.0344827586206895,17718,0,1,0,0,1,0
80,23469,366255,1071778,0,0,1,0,1,0,21,1,0,0,1438033,0.34172623274014513,23389,1,0,0,0,0,1
10560,445,54357,135747,0,0,0,0,0,1,21,1,0,0,190104,0.4004257889619,10115,0,1,0,0,1,0
2745,22,77996,170743,0,0,1,0,1,0,22,1,0,1,248739,0.4568008246263412,2723,0,1,0,0,1,0
2185,443,117331,67909,0,0,1,0,0,1,22,1,0,1,185240,1.7277426005006626,1742,0,1,0,0,1,0
6140,25,26378,17019,0,0,1,0,1,0,22,1,0,1,43397,1.5498237367802585,6115,0,1,0,0,1,0
22,53,26862,33499,1,0,1,0,1,0,22,1,0,1,60361,0.8018507462686567,31,1,1,0,0,1,1
55204,21,171124,303088,0,0,1,1,0,0,22,1,0,1,474212,0.5645998370115709,55183,0,1,1,0,1,0
3465,21,26322,13215,0,0,0,0,1,0,22,1,0,1,39537,1.991676755447942,3444,0,1,0,0,1,0
25,443,6869,19052,0,0,1,0,0,1,23,1,0,1,25921,0.36052065291555135,418,1,1,0,0,1,1
445,1433,56230,194961,0,0,1,0,0,1,23,1,0,1,251191,0.28841517834244623,988,1,0,0,0,1,1
16389,445,748,753,0,0,1,0,1,0,23,1,0,1,1501,0.9920424403183024,15944,0,1,0,0,1,0
445,25,181914,639995,1,0,1,0,1,0,23,1,0,1,821909,0.28424240151500946,420,1,1,0,0,1,1
80,3306,188095,782617,0,0,1,0,1,0,0,2,0,1,970712,0.24034075372659458,3226,1,0,0,0,1,1
3512,53,149801,295801,0,0,0,0,1,0,0,2,0,1,445602,0.5064232155293068,3459,0,1,0,0,1,0
20859,53,140875,453673,0,0,0,0,1,0,0,2,0,1,594548,0.31052032957586284,20806,0,1,0,0,1,0
3389,3389,19251,26104,0,1,0,0,1,0,0,2,0,1,45355,0.7374449339207049,0,0,0,0,0,1,1
45691,1433,18570,27155,0,0,1,0,1,0,0,2,0,1,45725,0.6838267786124613,44258,0,0,0,0,1,0
36492,3306,3079,8968,0,0,1,0,1,0,1,2,0,1,12047,0.34329356672984723,33186,0,0,0,0,1,0
4859,21,361084,576634,0,0,1,0,1,0,1,2,0,1,937718,0.6261916116780979,4838,0,1,0,0,1,0
443,22,10137,8531,0,0,0,0,1,0,1,2,0,1,18668,1.1881153305203938,421,1,1,0,0,1,1
48038,46447,37942,52452,1,0,1,0,1,0,2,2,0,1,90394,0.7233523344708597,1591,0,0,0,0,0,0
22,1433,33072,65321,0,0,1,0,1,0,2,2,0,1,98393,0.5062919077799211,1411,1,0,0,0,1,1
2215,3389,2579,10589,0,0,1,0,1,0,2,2,0,1,13168,0.24353163361661945,1174,0,0,0,0,1,0
443,3306,1350,2854,0,0,1,0,1,0,2,2,0,1,4204,0.47285464098073554,2863,1,0,0,0,1,1
12748,443,22224,49505,0,0,0,0,1,0,2,2,0,1,71729,0.4489152829960005,12305,0,1,0,0,1,0
29392,443,10657,40866,1,0,0,0,1,0,2,2,0,1,51523,0.26077275063009275,28949,0,1,0,0,1,0
53,3389,19089,32442,0,0,1,0,0,1,2,2,0,1,51531,0.588385784298616,3336,1,0,0,0,1,1
29103,22,121135,169416,0,0,1,0,1,0,2,2,0,1,290551,0.7150108902884599,29081,0,1,0,0,1,0
443,53,31568,76135,0,0,1,0,1,0,3,2,0,1,107703,0.41462645791741093,390,1,1,0,0,1,1
22,3306,74134,248891,1,0,1,0,0,1,3,2,0,1,323025,0.2978560982273436,3284,1,0,0,0,1,1
10938,3306,44914,94664,0,0,1,0,0,1,4,2,0,1,139578,0.47445201500026407,7632,0,0,0,0,1,0
5017,21,13278,53237,0,0,1,0,1,0,4,2,0,1,66515,0.24940831736729405,4996,0,1,0,0,1,0
57412,53,4434,828,0,0,1,0,1,0,4,2,0,1,5262,5.348612786489746,57359,0,1,1,0,1,0
443,53428,33642,139978,0,0,1,0,1,0,4,2,0,1,173620,0.24033605040756115,52985,1,0,0,1,0,1
443,53,25190,62207,0,0,1,0,1,0,5,2,0,1,87397,0.40493184156378603,390,1,1,0,0,1,1
60941,22,95249,67275,0,0,1,1,0,0,5,2,0,1,162524,1.4157946370176586,60919,0,1,1,0,1,0
59237,21,17301,15760,0,0,1,0,1,0,5,2,0,1,33061,1.0977095361969418,59216,0,1,1,0,1,0
50885,1433,13687,46038,0,0,1,0,0,1,5,2,0,1,59725,0.29729142683377136,49452,0,0,1,0,1,0
22647,3389,15257,15662,0,0,0,0,1,0,6,2,0,0,30919,0.9740790397752666,19258,0,0,0,0,1,0
38058,21,5064,15756,0,0,1,1,0,0,6,2,0,0,20820,0.3213809735355715,38037,0,1,0,0,1,0
17415,3306,223028,568094,0,0,1,0,1,0,6,2,0,0,791122,0.3925892676400954,14109,0,0,0,0,1,0
3306,22,136408,519552,0,0,1,0,1,0,6,2,0,0,655960,0.2625487678831611,3284,0,1,0,0,1,1
19531,1433,3162,10066,0,0,0,0,1,0,6,2,0,0,13228,0.3140955597496772,18098,0,0,0,0,1,0
54083,1433,79723,57481,0,0,1,0,1,0,6,2,0,0,137204,1.3869211231341985,52650,0,0,1,0,1,0
3389,25,1150,3953,1,0,1,0,1,0,7,2,0,0,5103,0.2908447142134547,3364,0,1,0,0,1,1
25130,1433,106559,97159,1,0,0,0,0,1,7,2,0,0,203718,1.096737340469329,23697,0,0,0,0,1,0
10918,445,7228,23059,0,0,1,0,1,0,7,2,0,0,30287,0.3134431916738942,10473,0,1,0,0,1,0
12524,3389,39176,18001,0,0,1,0,0,1,7,2,0,0,57177,2.17620264415065,9135,0,0,0,0,1,0
18260,445,1005,3192,1,0,1,0,1,0,7,2,0,0,4197,0.31475101785155024,17815,0,1,0,0,1,0
30075,25,3235,9504,0,0,1,0,1,0,7,2,0,0,12739,0.3403471856917412,30050,0,1,0,0,1,0
445,25,46626,103103,0,0,1,1,0,0,8,2,0,0,149729,0.4522229981378026,420,1,1,0,0,1,1
25708,80,7176,9547,0,0,0,0,1,0,8,2,0,0,16723,0.7515710096355258,25628,0,1,0,0,1,0
3389,25,5744,17680,0,0,1,0,1,0,8,2,0,0,23424,0.32486850291273117,3364,0,1,0,0,1,1
50145,1433,205536,35542,1,0,1,0,1,0,8,2,0,0,241078,5.782742030779619,48712,0,0,1,0,1,0
25,22,757315,2499956,0,0,1,0,1,0,8,2,0,0,3257271,0.3029312104168192,3,1,1,0,0,1,1
56394,25,98639,139119,0,0,0,0,0,1,9,2,0,0,237758,0.7090209890741805,56369,0,1,1,0,1,0
19157,22,3839,9604,0,0,1,0,1,0,9,2,0,0,13443,0.3996876626756897,19135,0,1,0,0,1,0
20916,3389,370137,298660,0,0,1,0,1,0,10,2,0,0,668797,1.2393215049839115,17527,0,0,0,0,1,0
41300,1433,1811,926,0,0,0,0,0,1,10,2,0,0,2737,1.95361380798274,39867,0,0,0,0,1,0
36211,3389,13532,43919,0,0,1,0,1,0,11,2,0,0,57451,0.3081056466302368,32822,0,0,0,0,1,0
25,21,24044,13344,0,0,1,0,1,0,11,2,0,0,37388,1.8017234919445486,4,1,1,0,0,1,1
29103,3306,478523,867000,0,0,1,0,0,1,11,2,0,0,1345523,0.5519290058488975,25797,0,0,0,0,1,0
63403,53,94869,327606,0,0,1,0,1,0,11,2,0,0,422475,0.28958172444422736,63350,0,1,1,0,1,0
11421,22,10488,43982,0,0,1,0,0,1,12,2,0,0,54470,0.2384557670008867,11399,0,1,0,0,1,0
14953,1433,4856,5822,1,0,1,0,1,0,12,2,0,0,10678,0.8339343980765929,13520,0,0,0,0,1,0
63361,443,109481,455411,0,0,1,0,0,1,12,2,0,0,564892,0.24039990162753727,62918,0,1,1,0,1,0
3389,3306,9382,37606,0,0,1,0,0,1,13,2,0,0,46988,0.24947483181322627,83,0,0,0,0,1,1
41983,80,31156,105007,0,0,1,0,1,0,13,2,0,0,136163,0.296701203717812,41903,0,1,0,0,1,0
41969,22,2461,7597,0,0,0,0,1,0,13,2,0,0,10058,0.32390102658594366,41947,0,1,0,0,1,0
47465,3306,54765,184773,0,0,1,0,1,0,13,2,0,0,239538,0.29638910236288657,44159,0,0,0,0,1,0
57676,21,48142,101629,0,0,1,0,1,0,13,2,0,0,149771,0.4736987110105284,57655,0,1,1,0,1,0
39879,3389,3021,6476,0,0,0,0,1,0,13,2,0,0,9497,0.4664196387216304,36490,0,0,0,0,1,0
36822,1433,114759,111997,0,0,1,0,1,0,14,2,0,0,226756,1.0246522259326059,35389,0,0,0,0,1,0
52458,1433,53508,128044,0,0,1,0,1,0,14,2,0,0,181552,0.4178843375375844,51025,0,0,1,0,1,0
49325,3306,71972,72874,1,0,1,0,0,1,14,2,0,0,144846,0.9876089193825043,46019,0,0,1,0,1,0
60641,3389,12017,38478,0,0,1,0,1,0,14,2,0,0,50495,0.3123002157020713,57252,0,0,1,0,1,0
28379,25,29328,58209,0,0,1,0,1,0,14,2,0,0,87537,0.5038309568802611,28354,0,1,0,0,1,0
17367,3306,24377,27522,0,0,1,0,1,0,15,2,0,0,51899,0.8856956000435999,14061,0,0,0,0,1,0
3389,3389,17377,57889,0,1,1,0,1,0,15,2,0,0,75266,0.30017274140611505,0,0,0,0,0,1,1
29269,3306,28934,13178,0,0,1,0,1,0,15,2,0,0,42112,2.195462478184991,25963,0,0,0,0,1,0
41861,3306,164441,41204,0,0,1,0,1,0,15,2,0,0,205645,3.9908020871253487,38555,0,0,0,0,1,0
34059,53,122997,205946,0,0,1,0,0,1,15,2,0,0,328943,0.5972264708881411,34006,0,1,0,0,1,0
3389,3389,3324,12415,0,1,0,1,0,0,15,2,0,0,15739,0.26771907216494845,0,0,0,0,0,1,1
1433,445,106579,53295,0,0,0,0,1,0,15,2,0,0,159874,1.999756079255479,988,0,1,0,0,1,1
4109,21,148127,287519,1,0,1,0,1,0,15,2,0,0,435646,0.5151885086254869,4088,0,1,0,0,1,0
25162,3306,17294,16149,1,0,1,0,1,0,15,2,0,0,33443,1.0708359133126935,21856,0,0,0,0,1,0
56021,22,49687,57934,0,0,1,0,1,0,15,2,0,0,107621,0.857633554845948,55999,0,1,1,0,1,0
58986,21,48552,201956,1,0,0,0,1,0,15,2,0,0,250508,0.2404076115212644,58965,0,1,1,0,1,0
443,3306,5653,2483,0,0,0,0,1,0,16,2,0,0,8136,2.275764895330113,2863,1,0,0,0,1,1
31422,53,11954,1510,0,0,1,0,1,0,16,2,0,0,13464,7.911317008603574,31369,0,1,0,0,1,0
57674,445,73225,101193,0,0,1,0,1,0,16,2,0,0,174418,0.7236100954602052,57229,0,1,1,0,1,0
20178,53,9963,29581,0,0,1,0,1,0,16,2,0,0,39544,0.33679264417551213,20125,0,1,0,0,1,0
31172,80,104903,393960,0,0,1,0,1,0,16,2,0,0,498863,0.26627762646556385,31092,0,1,0,0,1,0
37602,47100,177718,700860,0,0,0,0,1,0,16,2,0,0,878578,0.25357096485608416,9498,0,0,0,0,0,0
65351,1433,137293,542848,1,0,1,0,0,1,16,2,0,0,680141,0.2529119515740105,63918,0,0,1,0,1,0
51565,80,523183,1642736,0,0,1,0,0,1,16,2,0,0,2165919,0.3184825081555964,51485,0,1,1,0,1,0
49434,25,19050,37408,0,0,1,0,1,0,17,2,0,0,56458,0.5092357454088589,49409,0,1,1,0,1,0
443,25,29246,86420,0,0,1,0,1,0,17,2,0,0,115666,0.3384131171821664,418,1,1,0,0,1,1
27188,445,36792,73731,0,0,1,0,1,0,17,2,0,0,110523,0.49899636521456087,26743,0,1,0,0,1,0
30263,22,19997,47229,0,0,0,0,1,0,18,2,0,0,67226,0.42339614651704427,30241,0,1,0,0,1,0
13113,22,52443,166829,1,0,1,0,1,0,18,2,0,0,219272,0.3143499370616796,13091,0,1,0,0,1,0
443,3306,1425,4999,0,0,1,0,1,0,19,2,0,0,6424,0.285,2863,1,0,0,0,1,1
49237,3306,30572,110683,0,0,1,0,1,0,20,2,0,0,141255,0.2762097502800766,45931,0,0,1,0,1,0
21,80,2431,1520,0,0,1,0,1,0,20,2,0,0,3951,1.5982905982905984,59,1,1,0,0,1,1
8124,443,4721,7174,1,0,1,0,1,0,21,2,0,0,11895,0.657979094076655,7681,0,1,0,0,1,0
80,25,71155,71372,0,0,1,0,0,1,21,2,0,0,142527,0.9969456236952349,55,1,1,0,0,1,1
28307,3389,16017,6257,0,0,1,0,1,0,21,2,0,0,22274,2.559443911792905,24918,0,0,0,0,1,0
34080,445,67250,128811,0,0,0,0,1,0,21,2,0,0,196061,0.5220786883209639,33635,0,1,0,0,1,0
62052,1433,15471,47971,0,0,1,0,1,0,22,2,0,1,63442,0.3225006253647961,60619,0,0,1,0,1,0
64222,1433,129346,175209,1,0,1,0,1,0,22,2,0,1,304555,0.7382341190571314,62789,0,0,1,0,1,0
7056,21,15025,41567,0,0,1,0,1,0,23,2,0,1,56592,0.3614559276366436,7035,0,1,0,0,1,0
19007,3306,965,325,0,1,0,0,1,0,23,2,0,1,1290,2.960122699386503,15701,0,0,0,0,1,0
53,445,31591,59246,0,0,1,0,1,0,23,2,0,1,90837,0.5332084324944723,392,1,1,0,0,1,1
3389,25,685,2277,0,0,0,0,1,0,23,2,0,1,2962,0.30070237050043896,3364,0,1,0,0,1,1
13924,3389,2155,3197,1,0,1,0,1,0,23,2,0,1,5352,0.6738586616635397,10535,0,0,0,0,1,0
9589,22,5363,5072,0,0,0,0,1,0,23,2,0,1,10435,1.0571653853735463,9567,0,1,0,0,1,0
34076,443,4392,16618,0,0,0,0,1,0,23,2,0,1,21010,0.26427582887056983,33633,0,1,0,0,1,0
11031,22,9208,30529,0,0,1,0,1,0,23,2,0,1,39737,0.3016049787094661,11009,0,1,0,0,1,0
33454,3306,4157,875,0,0,1,0,1,0,23,2,0,1,5032,4.745433789954338,30148,0,0,0,0,1,0
54505,80,2322,2633,0,0,1,0,1,0,0,3,0,1,4955,0.8815489749430524,54425,0,1,1,0,1,0
38111,3306,259610,500920,0,0,1,0,1,0,0,3,0,1,760530,0.5182653552156927,34805,0,0,0,0,1,0
47673,3306,7442,6550,0,0,1,0,1,0,0,3,0,1,13992,1.1360097695008395,44367,0,0,0,0,1,0
37226,21,620,1228,0,0,1,1,0,0,0,3,0,1,1848,0.5044751830756713,37205,0,1,0,0,1,0
56687,445,12363,38206,0,0,1,0,0,1,0,3,0,1,50569,0.32357944879210615,56242,0,1,1,0,1,0
43626,53,3642,8773,0,0,0,0,1,0,1,3,0,1,12415,0.4150900387508548,43573,0,1,0,0,1,0
52108,26847,5345,12036,0,0,1,0,0,1,1,3,0,1,17381,0.44404752014621585,25261,0,0,1,0,0,0
3389,25,68634,265743,1,0,0,0,1,0,1,3,0,1,334377,0.25827111806851705,3364,0,1,0,0,1,1
24983,21,10753,43718,0,0,1,0,0,1,1,3,0,1,54471,0.24595713534161348,24962,0,1,0,0,1,0
20719,25,3483,10080,0,0,1,0,1,0,1,3,0,1,13563,0.3455014383493701,20694,0,1,0,0,1,0
3389,1433,44981,92761,0,0,1,0,1,0,1,3,0,1,137742,0.4849076130311981,1956,0,0,0,0,1,1
37475,3306,138677,55113,0,0,0,0,1,0,1,3,0,1,193790,2.5161846354828175,34169,0,0,0,0,1,0
61572,21,51999,85442,0,0,1,0,1,0,1,3,0,1,137441,0.6085811593694042,61551,0,1,1,0,1,0
1088,53,434,50,0,0,0,0,1,0,2,3,0,1,484,8.509803921568627,1035,0,1,0,0,1,0
12189,22,3699,13061,0,0,1,0,0,1,2,3,0,1,16760,0.2831878732200276,12167,0,1,0,0,1,0
22,80,23763,13000,0,0,1,0,1,0,2,3,0,1,36763,1.8277824782709022,58,1,1,0,0,1,1
49234,3389,14900,29488,0,0,1,0,1,0,2,3,0,1,44388,0.5052731527010071,45845,0,0,1,0,1,0
44965,3306,13047,18858,0,0,1,0,1,0,2,3,0,1,31905,0.6918182300228007,41659,0,0,0,0,1,0
4972,3306,4571,6198,0,0,1,0,1,0,2,3,0,1,10769,0.7373769962897242,1666,0,0,0,0,1,0
53,3306,2324,598,0,0,0,0,1,0,2,3,0,1,2922,3.8797996661101837,3253,1,0,0,0,1,1
16086,22,547134,1384010,0,0,1,0,1,0,3,3,0,1,1931144,0.39532489264897464,16064,0,1,0,0,1,0
445,1433,23002,8837,0,0,1,0,1,0,3,3,0,1,31839,2.6026250282869428,988,1,0,0,0,1,1
59584,3306,61537,117023,0,0,1,0,1,0,3,3,0,1,178560,0.5258493984140006,56278,0,0,1,0,1,0
24264,3389,22247,3167,0,0,1,0,1,0,3,3,0,1,25414,7.022411616161616,20875,0,0,0,0,1,0
53800,1433,23721,98011,0,0,1,0,1,0,3,3,0,1,121732,0.2420213851365139,52367,0,0,1,0,1,0
13936,80,19943,31111,1,0,1,0,1,0,3,3,0,1,51054,0.6410066855232708,13856,0,1,0,0,1,0
32011,25,3667,9281,0,0,0,0,0,1,3,3,0,1,12948,0.39506571859513034,31986,0,1,0,0,1,0
3869,21,1952,4443,0,0,0,0,1,0,3,3,0,1,6395,0.43924392439243926,3848,0,1,0,0,1,0
31914,53,40862,145594,0,0,1,0,1,0,3,3,0,1,186456,0.28065524228167177,31861,0,1,0,0,1,0
30715,25,29748,87923,1,0,1,0,1,0,4,3,0,1,117671,0.3383376552477139,30690,0,1,0,0,1,0
52790,53,98839,403625,0,0,1,0,1,0,4,3,0,1,502464,0.24487768379638578,52737,0,1,1,0,1,0
53,80,71437,252271,0,0,0,0,1,0,4,3,0,1,323708,0.2831745100526416,27,1,1,0,0,1,1
35803,3389,6041,20907,1,0,1,0,1,0,4,3,0,1,26948,0.2889324660417065,32414,0,0,0,0,1,0
12664,80,134880,437340,0,0,0,0,1,0,5,3,0,1,572220,0.3084092275821384,12584,0,1,0,0,1,0
31834,21,74910,165064,0,0,0,0,1,0,5,3,0,1,239974,0.453821221942871,31813,0,1,0,0,1,0
21,22,66525,160107,1,0,0,0,1,0,5,3,0,1,226632,0.41550078696879605,1,1,1,0,0,1,1
2787,1433,805261,630410,0,0,1,0,1,0,5,3,0,1,1435671,1.2773587389813947,1354,0,0,0,0,1,0
4963,80,579739,64500,0,0,0,0,1,0,5,3,0,1,644239,8.988062200586038,4883,0,1,0,0,1,0
36445,21,66427,262161,0,0,1,0,1,0,6,3,0,0,328588,0.2533814969370084,36424,0,1,0,0,1,0
53275,3306,54410,100184,0,0,1,0,1,0,6,3,0,0,154594,0.5430952737435744,49969,0,0,1,0,1,0
54504,3389,124324,106836,0,0,1,0,1,0,6,3,0,0,231160,1.1636792496981383,51115,0,0,1,0,1,0
57060,443,8653,4483,0,0,1,0,0,1,6,3,0,0,13136,1.929750223015165,56617,0,1,1,0,1,0
80,53,8850,17872,1,0,0,0,1,0,6,3,0,0,26722,0.49516029765568176,27,1,1,0,0,1,1
24252,21,64697,218339,0,0,1,0,1,0,7,3,0,0,283036,0.2963130896766511,24231,0,1,0,0,1,0
22022,3389,5595,23206,0,0,1,0,1,0,7,3,0,0,28801,0.2410910501141897,18633,0,0,0,0,1,0
39067,22,56864,79223,0,0,1,0,1,0,7,3,0,0,136087,0.7177622942542664,39045,0,1,0,0,1,0
59447,80,28308,118823,0,0,1,0,1,0,7,3,0,0,147131,0.23823470006059383,59367,0,1,1,0,1,0
31997,1433,5597,23245,0,0,1,0,1,0,7,3,0,0,28842,0.2407726060397488,30564,0,0,0,0,1,0
53932,1433,22957,19303,1,0,1,0,1,0,7,3,0,0,42260,1.189235391628678,52499,0,0,1,0,1,0
11506,443,177749,700285,0,0,1,0,1,0,7,3,0,0,878034,0.25382343785253453,11063,0,1,0,0,1,0
3306,22,25129,67619,0,0,1,0,1,0,7,3,0,0,92748,0.37162082224194026,3284,0,1,0,0,1,1
18908,25,25297,36339,0,0,1,0,1,0,8,3,0,0,61636,0.6961199779856907,18883,0,1,0,0,1,0
55835,53,37286,69357,0,0,0,0,1,0,8,3,0,0,106643,0.5375875890308256,55782,0,1,1,0,1,0
41007,25,45922,45369,0,0,0,0,0,1,8,3,0,0,91291,1.012166629931673,40982,0,1,0,0,1,0
21,22,12973,1233,0,0,1,0,1,0,8,3,0,0,14206,10.512965964343598,1,1,1,0,0,1,1
22,22,38577,53810,0,1,0,0,0,1,8,3,0,0,92387,0.716898032000892,0,1,1,0,0,1,1
26588,3389,4111,4122,0,0,1,0,0,1,8,3,0,0,8233,0.9970894979383944,23199,0,0,0,0,1,0
53,52364,6133,23838,0,0,1,0,0,1,9,3,0,0,29971,0.25726750283149463,52311,1,0,0,1,0,1
53,3306,7526,17544,0,0,1,0,0,1,9,3,0,0,25070,0.42895411798233113,3253,1,0,0,0,1,1
49467,445,46705,47436,0,0,1,0,1,0,9,3,0,0,94141,0.9845690073149651,49022,0,1,1,0,1,0
53,22,28463,98694,0,0,0,0,1,0,9,3,0,0,127157,0.28839353564010334,31,1,1,0,0,1,1
63112,21,17765,5918,0,0,0,0,1,0,10,3,0,0,23683,3.001351579658726,63091,0,1,1,0,1,0
22932,21,66518,214570,0,0,1,0,1,0,10,3,0,0,281088,0.31000461385741784,22911,0,1,0,0,1,0
5182,3306,40383,82497,0,0,1,0,0,1,10,3,0,0,122880,0.4895027758248685,1876,0,0,0,0,1,0
4720,445,13849,56833,0,0,0,1,0,0,11,3,0,0,70682,0.243674561002217,4275,0,1,0,0,1,0
64759,80,4203,7411,0,0,0,0,1,0,11,3,0,0,11614,0.5670534268753373,64679,0,1,1,0,1,0
65396,3389,5934,18231,1,0,0,0,1,0,12,3,0,0,24165,0.32547169811320753,62007,0,0,1,0,1,0
13315,3389,2107,1186,0,0,1,0,1,0,12,3,0,0,3293,1.7750631844987363,9926,0,0,0,0,1,0
41106,42336,27581,40772,0,0,0,0,1,0,12,3,0,0,68353,0.6764525543864812,1230,0,0,0,0,0,0
32419,3389,5544,19624,0,0,0,0,1,0,12,3,0,0,25168,0.2824968152866242,29030,0,0,0,0,1,0
55160,22,9971,20602,0,0,0,0,1,0,12,3,0,0,30573,0.48395864679900985,55138,0,1,1,0,1,0
18840,3306,17959,41052,0,0,1,0,0,1,12,3,0,0,59011,0.43745889459966386,15534,0,0,0,0,1,0
5788,3389,117054,401741,0,0,1,0,1,0,12,3,0,0,518795,0.2913661006317487,2399,0,0,0,0,1,0
3306,1433,97349,169369,0,0,0,0,0,1,13,3,0,0,266718,0.5747712109582571,1873,0,0,0,0,1,1
15565,21,20180,35456,0,0,0,0,1,0,13,3,0,0,55636,0.5691400851735905,15544,0,1,0,0,1,0
15153,3389,166842,202190,0,0,0,0,0,1,13,3,0,0,369032,0.8251702598038488,11764,0,0,0,0,1,0
443,3306,880,1219,0,0,0,0,1,0,13,3,0,0,2099,0.7213114754098361,2863,1,0,0,0,1,1
36538,443,443988,213766,0,0,0,0,0,1,13,3,0,0,657754,2.076971656055425,36095,0,1,0,0,1,0
3306,3389,66702,238866,0,0,1,0,1,0,13,3,0,0,305568,0.27924326089413776,83,0,0,0,0,1,1
41777,443,25964,5930,0,0,1,0,1,0,14,3,0,0,31894,4.377676614398921,41334,0,1,0,0,1,0
39812,445,5291,7280,0,0,0,0,1,0,14,3,0,0,12571,0.726685894794671,39367,0,1,0,0,1,0
44675,80,10928,13099,0,0,1,0,0,1,14,3,0,0,24027,0.8341984732824428,44595,0,1,0,0,1,0
1554,25,58393,9708,0,0,1,0,1,0,14,3,0,0,68101,6.014316613451437,1529,0,1,0,0,1,0
17758,1433,60556,130751,1,0,0,0,1,0,15,3,0,0,191307,0.46313631913852177,16325,0,0,0,0,1,0
25655,53,64178,195310,0,0,1,0,1,0,15,3,0,0,259488,0.32859388360102604,25602,0,1,0,0,1,0
1433,3389,6866,25345,1,0,1,0,1,0,15,3,0,0,32211,0.27089087035429654,1956,0,0,0,0,1,1
25788,1007,4026,4720,0,1,1,0,0,1,15,3,0,0,8746,0.8527854268163525,24781,0,1,0,0,0,0
48664,25,30101,60156,0,0,0,0,1,0,15,3,0,0,90257,0.5003740213109031,48639,0,1,0,0,1,0
31159,3389,75490,103269,0,0,1,0,1,0,15,3,0,0,178759,0.7309964171589038,27770,0,0,0,0,1,0
11458,445,22138,44092,0,0,0,1,0,0,16,3,0,0,66230,0.5020751593223414,11013,0,1,0,0,1,0
53,80,235714,717911,1,0,1,0,0,1,17,3,0,0,953625,0.3283327204448456,27,1,1,0,0,1,1
57529,443,23225,77983,1,0,1,0,0,1,17,3,0,0,101208,0.29781750102585147,57086,0,1,1,0,1,0
35847,25,22001,55843,0,0,1,0,1,0,18,3,0,0,77844,0.3939724948069622,35822,0,1,0,0,1,0
30984,445,64401,232750,0,0,1,0,1,0,18,3,0,0,297151,0.2766948369716994,30539,0,1,0,0,1,0
63434,53,154936,460358,0,0,0,0,1,0,18,3,0,0,615294,0.33655473228502103,63381,0,1,1,0,1,0
3389,22,2543,9598,0,0,0,0,1,0,18,3,0,0,12141,0.26492342952390874,3367,0,1,0,0,1,1
20196,3306,3681,2376,1,0,1,0,1,0,18,3,0,0,6057,1.5485906604964241,16890,0,0,0,0,1,0
22,1433,13343,46494,0,0,0,0,1,0,19,3,0,0,59837,0.28697709431121626,1411,1,0,0,0,1,1
29725,443,3451456,1985061,0,0,0,0,1,0,20,3,0,0,5436517,1.7387144582889602,29282,0,1,0,0,1,0
23196,22,14496,19560,0,0,0,0,1,0,20,3,0,0,34056,0.7410664076478708,23174,0,1,0,0,1,0
42377,19040,18126,26839,0,0,0,0,0,1,20,3,0,0,44965,0.6753353204172876,23337,0,0,0,0,0,0
62449,1433,59240,8347,1,0,0,0,1,0,20,3,0,0,67587,7.0963104935313845,61016,0,0,1,0,1,0
4745,22,105144,257768,0,0,1,0,1,0,21,3,0,0,362912,0.40790009659811693,4723,0,1,0,0,1,0
40934,53,28901,78350,0,0,1,0,0,1,21,3,0,0,107251,0.36886574517236537,40881,0,1,0,0,1,0
56900,1433,141911,299648,0,0,0,0,1,0,21,3,0,0,441559,0.4735907678650688,55467,0,0,1,0,1,0
13513,3306,3260,4973,0,0,0,0,1,0,21,3,0,0,8233,0.6554081222356253,10207,0,0,0,0,1,0
3389,443,6465,24130,0,0,1,1,0,0,22,3,0,1,30595,0.26791264348763,2946,0,1,0,0,1,1
32971,1433,141489,498098,0,0,0,0,0,1,22,3,0,1,639587,0.2840579884721712,31538,0,0,0,0,1,0
3096,25,22415,83103,0,0,0,0,1,0,22,3,0,1,105518,0.26972227570273394,3071,0,1,0,0,1,0
53270,80,2922,7801,0,0,1,0,1,0,22,3,0,1,10723,0.37451935401179187,53190,0,1,1,0,1,0
42532,80,2654,5575,0,0,0,0,1,0,22,3,0,1,8229,0.47596843615494977,42452,0,1,0,0,1,0
42749,22,6017,949,0,0,0,0,1,0,22,3,0,1,6966,6.333684210526315,42727,0,1,0,0,1,0
46959,1433,22101,19676,0,0,1,0,1,0,22,3,0,1,41777,1.1231895105961274,45526,0,0,0,0,1,0
6954,3306,46527,168017,0,0,1,0,1,0,22,3,0,1,214544,0.2769167589186873,3648,0,0,0,0,1,0
443,445,13010,18176,0,0,0,0,1,0,22,3,0,1,31186,0.7157396710128184,2,1,1,0,0,1,1
31765,25,40782,148785,0,0,1,0,1,0,23,3,0,1,189567,0.27409836947024585,31740,0,1,0,0,1,0
10923,445,10945,35973,0,0,0,0,1,0,23,3,0,1,46918,0.3042475120920665,10478,0,1,0,0,1,0
12490,53,156103,492811,0,0,1,0,1,0,23,3,0,1,648914,0.316759737993393,12437,0,1,0,0,1,0
28964,1433,1306606,913530,0,0,1,0,1,0,0,4,0,1,2220136,1.430280964740113,27531,0,0,0,0,1,0
17111,443,11752,43906,1,0,0,0,1,0,0,4,0,1,55658,0.26765663789372995,16668,0,1,0,0,1,0
45790,445,47471,110931,0,0,1,0,1,0,0,4,0,1,158402,0.4279288212598709,45345,0,1,0,0,1,0
8294,80,41666,103597,1,0,1,0,1,0,0,4,0,1,145263,0.40218923145234464,8214,0,1,0,0,1,0
43352,25,27499,79664,0,0,1,0,1,0,0,4,0,1,107163,0.34518295361827656,43327,0,1,0,0,1,0
9896,1433,62642,133426,1,0,1,0,1,0,0,4,0,1,196068,0.4694851866563739,8463,0,0,0,0,1,0
26915,80,47387,38171,0,0,1,0,1,0,1,4,0,1,85558,1.2414073142617625,26835,0,1,0,0,1,0
19847,53,10366,43274,0,1,1,0,1,0,1,4,0,1,53640,0.2395378393991912,19794,0,1,0,0,1,0
48809,53,181039,644527,0,0,1,0,1,0,1,4,0,1,825566,0.2808861678623737,48756,0,1,0,0,1,0
48498,53,30414,120209,0,0,0,0,1,0,1,4,0,1,150623,0.25300723733466435,48445,0,1,0,0,1,0
32213,1433,11900,10774,0,0,1,0,1,0,2,4,0,1,22674,1.1044083526682134,30780,0,0,0,0,1,0
55756,53,1098135,1670264,0,0,1,0,1,0,2,4,0,1,2768399,0.6574615405339871,55703,0,1,1,0,1,0
14490,3306,18289,20095,0,0,1,0,1,0,2,4,0,1,38384,0.9100816082802548,11184,0,0,0,0,1,0
29017,1433,33120,38760,1,0,1,0,1,0,2,4,0,1,71880,0.8544671190113774,27584,0,0,0,0,1,0
27589,36904,29164,71592,0,0,1,0,1,0,2,4,0,1,100756,0.4073582612825276,9315,0,0,0,0,0,0
48481,25,17893,56086,1,0,0,0,0,1,3,4,0,1,73979,0.3190222333160982,48456,0,1,0,0,1,0
27110,3389,45155,165957,0,0,1,0,1,0,3,4,0,1,211112,0.272086913556442,23721,0,0,0,0,1,0
34865,22,5698,13549,0,0,1,0,1,0,3,4,0,1,19247,0.42051660516605166,34843,0,1,0,0,1,0
46191,1433,57209,184777,0,0,1,0,0,1,3,4,0,1,241986,0.3096093690807347,44758,0,0,0,0,1,0
445,53,1321,4597,0,0,1,0,0,1,3,4,0,1,5918,0.2872988255763375,392,1,1,0,0,1,1
55236,53,2760,9668,0,0,0,0,1,0,4,4,0,1,12428,0.28544834005584857,55183,0,1,1,0,1,0
58425,3306,408872,634146,1,0,1,0,1,0,4,4,0,1,1043018,0.6447590227502457,55119,0,0,1,0,1,0
49671,3306,2951,490,0,0,1,0,1,0,4,4,0,1,3441,6.010183299389002,46365,0,0,1,0,1,0
1433,443,957,3958,0,0,1,0,1,0,4,4,0,1,4915,0.24172770901742865,990,0,1,0,0,1,1
25982,1433,3070,12707,0,0,1,0,1,0,4,4,0,1,15777,0.2415801070192005,24549,0,0,0,0,1,0
7623,80,356500,1327462,0,0,1,0,1,0,4,4,0,1,1683962,0.2685573910534606,7543,0,1,0,0,1,0
41696,25,1252,972,0,0,0,0,1,0,5,4,0,1,2224,1.2867420349434737,41671,0,1,0,0,1,0
52478,3389,4772,4566,0,0,0,0,1,0,6,4,0,0,9338,1.0448872345084301,49089,0,0,1,0,1,0
59075,1433,2136,210,0,0,0,0,1,0,6,4,0,0,2346,10.123222748815166,57642,0,0,1,0,1,0
39874,443,14205,53857,0,0,0,0,0,1,6,4,0,0,68062,0.2637491180511716,39431,0,1,0,0,1,0
65038,25,10963,4871,0,0,1,0,1,0,6,4,0,0,15834,2.2502052545155995,65013,0,1,1,0,1,0
42428,443,10206,818,0,0,0,0,1,0,6,4,0,0,11024,12.461538461538462,41985,0,1,0,0,1,0
4671,445,429258,121825,0,0,1,0,1,0,7,4,0,0,551083,3.523533564263786,4226,0,1,0,0,1,0
34032,3389,3234,9462,0,0,1,0,1,0,7,4,0,0,12696,0.34175208707598015,30643,0,0,0,0,1,0
19089,80,18704,24284,0,0,1,0,1,0,7,4,0,0,42988,0.7701873584517192,19009,0,1,0,0,1,0
51979,1433,37864,144048,1,0,1,0,0,1,7,4,0,0,181912,0.26285500072891865,50546,0,0,1,0,1,0
13674,25,4590,13445,0,0,0,0,0,1,8,4,0,0,18035,0.3413654618473896,13649,0,1,0,0,1,0
56832,80,47980,45678,0,0,1,0,1,0,8,4,0,0,93658,1.050373256857637,56752,0,1,1,0,1,0
5649,1433,11617,24743,0,0,1,0,1,0,8,4,0,0,36360,0.469487552537989,4216,0,0,0,0,1,0
24717,3306,40090,90640,0,0,0,0,1,0,8,4,0,0,130730,0.4422943259672775,21411,0,0,0,0,1,0
37191,22,18531,28411,1,0,0,0,1,0,8,4,0,0,46942,0.6522244122201887,37169,0,1,0,0,1,0
59096,443,828,3428,0,0,1,0,1,0,8,4,0,0,4256,0.24146981627296588,58653,0,1,1,0,1,0
21,1433,178039,30965,0,0,1,0,1,0,8,4,0,0,209004,5.749499451010786,1412,1,0,0,0,1,1
9416,1433,604848,2172359,0,0,0,0,1,0,8,4,0,0,2777207,0.2784289896702204,7983,0,0,0,0,1,0
56883,1433,16600,48878,0,0,0,0,1,0,8,4,0,0,65478,0.3396141492256388,55450,0,0,1,0,1,0
4114,445,5235,5495,1,0,0,0,1,0,8,4,0,0,10730,0.9525109170305677,3669,0,1,0,0,1,0
21938,1433,245148,1014159,0,0,1,1,0,0,9,4,0,0,1259307,0.24172517157056087,20505,0,0,0,0,1,0
9289,3306,453437,1302467,1,1,0,0,1,0,9,4,0,0,1755904,0.3481367680434375,5983,0,0,0,0,1,0
45520,3306,16813,38816,0,0,0,0,1,0,9,4,0,0,55629,0.43313496663832857,42214,0,0,0,0,1,0
14064,3306,15523,55284,0,0,1,0,1,0,9,4,0,0,70807,0.2807814054445148,10758,0,0,0,0,1,0
53,80,19382,41754,0,0,1,0,1,0,9,4,0,0,61136,0.4641839300682553,27,1,1,0,0,1,1
14238,1433,1511,6154,0,0,1,0,1,0,10,4,0,0,7665,0.24549147034930952,12805,0,0,0,0,1,0
1433,445,13824,51595,0,0,1,0,1,0,10,4,0,0,65419,0.26792774633692534,988,0,1,0,0,1,1
2878,80,342458,903117,0,0,1,0,0,1,10,4,0,0,1245575,0.3791951882256804,2798,0,1,0,0,1,0
13736,3306,16816,17941,0,0,0,0,1,0,10,4,0,0,34757,0.9372422249470516,10430,0,0,0,0,1,0
2918,445,4171,13940,0,0,1,0,1,0,10,4,0,0,18111,0.2991894412165555,2473,0,1,0,0,1,0
22974,1433,48761,17718,0,0,1,0,1,0,10,4,0,0,66479,2.7519047350301937,21541,0,0,0,0,1,0
58867,80,7574,22887,1,0,1,0,0,1,10,4,0,0,30461,0.3309157637189794,58787,0,1,1,0,1,0
57593,3306,19804,70212,0,0,1,0,0,1,11,4,0,0,90016,0.28205602951020464,54287,0,0,1,0,1,0
5902,1433,2892,9821,0,0,1,0,1,0,11,4,0,0,12713,0.2944410507025046,4469,0,0,0,0,1,0
23566,53,4193,6778,0,0,1,0,1,0,11,4,0,0,10971,0.6185278064611299,23513,0,1,0,0,1,0
9434,3389,71700,16052,0,0,0,0,1,0,11,4,0,0,87752,4.466454868248926,6045,0,0,0,0,1,0
19942,3389,26512,24715,0,0,0,0,1,0,11,4,0,0,51227,1.0726654798511086,16553,0,0,0,0,1,0
12975,445,6363,11347,1,0,1,0,1,0,12,4,0,0,17710,0.5607155445893549,12530,0,1,0,0,1,0
443,80,26668,106040,0,0,1,0,1,0,12,4,0,0,132708,0.2514876321422846,363,1,1,0,0,1,1
28638,3306,8337,5310,0,0,0,0,1,0,12,4,0,0,13647,1.5697608736584447,25332,0,0,0,0,1,0
36439,443,6285,18947,0,0,1,0,1,0,12,4,0,0,25232,0.33169727675744143,35996,0,1,0,0,1,0
8737,53,141840,591900,1,0,1,0,1,0,12,4,0,0,733740,0.23963466863546437,8684,0,1,0,0,1,0
443,21,77080,65868,0,0,1,0,0,1,12,4,0,0,142948,1.1702014604745783,422,1,1,0,0,1,1
29091,1433,21289,25939,0,0,1,0,1,0,12,4,0,0,47228,0.8207016191210486,27658,0,0,0,0,1,0
23461,25,27748,81941,0,0,1,0,1,0,12,4,0,0,109689,0.3386297625149496,23436,0,1,0,0,1,0
54719,3389,21732,13862,1,0,1,0,1,0,13,4,0,0,35594,1.5676260549664576,51330,0,0,1,0,1,0
48119,443,48012,142035,0,0,0,0,1,0,13,4,0,0,190047,0.33802697907572726,47676,0,1,0,0,1,0
21,25,6129,22133,0,0,0,0,1,0,13,4,0,0,28262,0.27690431011114125,4,1,1,0,0,1,1
15744,14040,87553,197153,0,0,1,0,1,0,14,4,0,0,284706,0.4440843198717754,1704,0,0,0,0,0,0
59244,1433,38781,85596,0,0,0,0,1,0,14,4,0,0,124377,0.4530649438648551,57811,0,0,1,0,1,0
53,445,14459,20732,0,0,1,0,1,0,14,4,0,0,35191,0.6973906332899242,392,1,1,0,0,1,1
11882,53,10092,40489,0,0,0,0,1,0,15,4,0,0,50581,0.24924672758705854,11829,0,1,0,0,1,0
22469,22,84610,188825,1,0,1,0,1,0,15,4,0,0,273435,0.4480844798915404,22447,0,1,0,0,1,0
10226,22,17313,20520,0,0,0,0,0,1,15,4,0,0,37833,0.8436723356561571,10204,0,1,0,0,1,0
22,22,7199,27110,0,0,1,0,1,0,15,4,0,0,34309,0.2655379735162849,0,1,1,0,0,1,1
49323,445,11904,47580,0,0,1,0,1,0,15,4,0,0,59484,0.25018389693365,48878,0,1,1,0,1,0
45907,1433,75412,272153,0,0,1,0,1,0,15,4,0,0,347565,0.27709311639733386,44474,0,0,0,0,1,0
46414,53,1674,4990,0,0,1,0,0,1,15,4,0,0,6664,0.33540372670807456,46361,0,1,0,0,1,0
46457,443,12473,29166,0,0,1,0,1,0,15,4,0,0,41639,0.4276408269619776,46014,0,1,0,0,1,0
43242,80,122141,171379,0,0,1,0,1,0,16,4,0,0,293520,0.7126910958104796,43162,0,1,0,0,1,0
60699,445,16828,11464,0,0,1,0,0,1,16,4,0,0,28292,1.46777147841256,60254,0,1,1,0,1,0
1814,22,34081,4761,0,0,1,0,1,0,16,4,0,0,38842,7.1568668626627465,1792,0,1,0,0,1,0
61849,53,125345,373923,0,0,0,0,1,0,16,4,0,0,499268,0.33521517741573154,61796,0,1,1,0,1,0
53,53,91833,43578,0,0,1,0,1,0,17,4,0,0,135411,2.1072764404873907,0,1,1,0,0,1,1
26142,1433,10893,7326,0,0,1,0,0,1,17,4,0,0,18219,1.486693053091306,24709,0,0,0,0,1,0
51764,80,17878,17723,0,0,0,0,1,0,17,4,0,0,35601,1.0086887835703002,51684,0,1,1,0,1,0
16134,80,93678,221721,0,0,1,0,1,0,17,4,0,0,315399,0.42250205211932057,16054,0,1,0,0,1,0
3306,58738,99027,243228,0,0,1,0,1,0,17,4,0,0,342255,0.4071348400067426,55432,0,0,0,1,0,1
22581,25,19132,49393,0,0,0,0,1,0,17,4,0,0,68525,0.38733449406810544,22556,0,1,0,0,1,0
55369,25,20217,46609,0,0,0,0,1,0,17,4,0,0,66826,0.43374812272044627,55344,0,1,1,0,1,0
16745,3306,33802,19160,0,0,1,0,1,0,17,4,0,0,52962,1.7641041699285005,13439,0,0,0,0,1,0
19558,53,196229,187233,0,0,1,0,1,0,17,4,0,0,383462,1.0480414881912472,19505,0,1,0,0,1,0
33140,443,121553,384142,0,0,1,0,1,0,18,4,0,0,505695,0.3164264349474024,32697,0,1,0,0,1,0
443,25,66797,88291,0,0,0,0,1,0,18,4,0,0,155088,0.7565464594753771,418,1,1,0,0,1,1
21541,21,3921,6653,0,0,1,0,0,1,18,4,0,0,10574,0.5892696122633003,21520,0,1,0,0,1,0
44380,3389,14189,31058,0,0,0,0,1,0,18,4,0,0,45247,0.45684020734730674,40991,0,0,0,0,1,0
42393,25,15434,57601,0,0,1,0,0,1,19,4,0,0,73035,0.2679420853442589,42368,0,1,0,0,1,0
24074,1433,213112,485995,0,0,1,0,1,0,19,4,0,0,699107,0.43850566671330626,22641,0,0,0,0,1,0
31302,3306,15030,43796,0,0,1,0,1,0,19,4,0,0,58826,0.3431741900130146,27996,0,0,0,0,1,0
4195,51882,163653,410923,1,0,0,0,1,0,20,4,0,0,574576,0.39825612522023535,47687,0,0,0,1,0,0
22,22,8838,16606,0,1,1,0,1,0,20,4,0,0,25444,0.5321852230986933,0,1,1,0,0,1,1
3389,445,10042,28940,0,1,1,1,0,0,20,4,0,0,38982,0.3469817905393732,2944,0,1,0,0,1,1
21,21,47587,191835,0,0,0,0,0,1,21,4,0,0,239422,0.24806084363727351,0,1,1,0,0,1,1
25629,3389,270772,370186,0,0,0,0,1,0,21,4,0,0,640958,0.7314465391815488,22240,0,0,0,0,1,0
31193,53,15695,30799,0,0,1,0,1,0,21,4,0,0,46494,0.5095779220779221,31140,0,1,0,0,1,0
18644,160,1007,3726,0,1,1,0,1,0,21,4,0,0,4733,0.27019050174403003,18484,0,1,0,0,0,0
9905,3389,1803,7332,0,0,1,0,1,0,21,4,0,0,9135,0.24587481249147689,6516,0,0,0,0,1,0
20465,3306,35480,21961,0,0,1,0,1,0,22,4,0,1,57441,1.6155177124123485,17159,0,0,0,0,1,0
47967,21,2080,1056,0,0,1,0,1,0,22,4,0,1,3136,1.967833491012299,47946,0,1,0,0,1,0
63743,22,5514,4073,0,0,0,0,1,0,22,4,0,1,9587,1.3534609720176731,63721,0,1,1,0,1,0
80,445,22465,18735,0,0,1,0,1,0,22,4,0,1,41200,1.1990286080273271,365,1,1,0,0,1,1
22,22,437,1434,0,1,1,0,0,1,22,4,0,1,1871,0.30452961672473866,0,1,1,0,0,1,1
21,638,50,152,0,1,1,0,0,1,22,4,0,1,202,0.32679738562091504,617,1,1,0,0,0,1
24511,443,3416,8959,0,0,1,0,1,0,23,4,0,1,12375,0.38125,24068,0,1,0,0,1,0
2284,3306,2000,6832,0,1,1,0,0,1,23,4,0,1,8832,0.2926972047416947,1022,0,0,0,0,1,0
57722,3389,6102,22375,0,0,1,0,1,0,23,4,0,1,28477,0.2727028959599571,54333,0,0,1,0,1,0
27837,80,3980,8949,0,0,1,0,1,0,23,4,0,1,12929,0.4446927374301676,27757,0,1,0,0,1,0
46164,22,46684,53404,0,0,1,0,1,0,23,4,0,1,100088,0.8741503604531411,46142,0,1,0,0,1,0
46050,53,149409,517976,0,0,1,0,1,0,23,4,0,1,667385,0.2884471704342085,45997,0,1,0,0,1,0
57242,80,12294,11687,0,0,1,0,1,0,0,5,1,1,23981,1.0518480492813143,57162,0,1,1,0,1,0
33514,21,8486,9834,0,0,0,0,0,1,0,5,1,1,18320,0.862836807320793,33493,0,1,0,0,1,0
38922,53,11353,5832,0,0,1,0,0,1,0,5,1,1,17185,1.9463397908451912,38869,0,1,0,0,1,0
80,80,3740,3065,1,0,0,0,1,0,0,5,1,1,6805,1.2198303979125897,0,1,1,0,0,1,1
28982,1433,2801,7281,0,0,1,0,1,0,0,5,1,1,10082,0.38464707497940126,27549,0,0,0,0,1,0
7394,3389,1583,2539,0,0,1,0,1,0,0,5,1,1,4122,0.6232283464566929,4005,0,0,0,0,1,0
18963,22,2624,9956,0,0,1,0,1,0,1,5,1,1,12580,0.26353319272873355,18941,0,1,0,0,1,0
28396,3389,299894,60842,1,0,1,0,1,0,1,5,1,1,360736,4.928981148201108,25007,0,0,0,0,1,0
26985,3306,7297,26300,0,0,0,0,1,0,2,5,1,1,33597,0.2774419223603665,23679,0,0,0,0,1,0
60444,21,199,750,1,0,1,0,1,0,2,5,1,1,949,0.26498002663115844,60423,0,1,1,0,1,0
47809,1433,8610,16059,0,0,0,0,1,0,3,5,1,1,24669,0.5361145703611457,46376,0,0,0,0,1,0
22399,22,1729,2112,0,0,0,0,1,0,3,5,1,1,3841,0.8182678655939423,22377,0,1,0,0,1,0
40978,443,24225,85827,0,0,1,0,1,0,3,5,1,1,110052,0.2822505476068416,40535,0,1,0,0,1,0
58064,1433,20386,60220,1,0,1,0,1,0,3,5,1,1,80606,0.3385197854569004,56631,0,0,1,0,1,0
53557,1433,24086,43627,0,0,1,0,1,0,3,5,1,1,67713,0.5520766480242046,52124,0,0,1,0,1,0
63299,3306,20636,29789,0,0,1,0,1,0,3,5,1,1,50425,0.692715676401477,59993,0,0,1,0,1,0
50803,80,12132,36644,0,0,1,0,1,0,3,5,1,1,48776,0.3310683585755219,50723,0,1,1,0,1,0
21,3389,2144,6021,0,0,0,0,1,0,3,5,1,1,8165,0.35602789770840254,3368,1,0,0,0,1,1
53,80,19546,67435,0,0,1,0,0,1,3,5,1,1,86981,0.2898451865472448,27,1,1,0,0,1,1
15039,3306,112451,276747,0,0,1,0,1,0,4,5,1,1,389198,0.4063299463772096,11733,0,0,0,0,1,0
2746,445,401064,143235,0,0,1,0,1,0,4,5,1,1,544299,2.800022340752325,2301,0,1,0,0,1,0
25945,445,15051,8018,0,0,1,0,1,0,4,5,1,1,23069,1.8769173213617658,25500,0,1,0,0,1,0
35693,3306,17901,41356,0,0,1,0,1,0,5,5,1,1,59257,0.4328408733708925,32387,0,0,0,0,1,0
55276,445,49054,155415,0,0,1,0,1,0,5,5,1,1,204469,0.31563030833376227,54831,0,1,1,0,1,0
30360,443,240190,478948,0,0,1,0,1,0,5,5,1,1,719138,0.5014938960098048,29917,0,1,0,0,1,0
63817,3389,10116,17546,1,0,1,1,0,0,5,5,1,1,27662,0.5765088049239186,60428,0,0,1,0,1,0
46603,80,66718,23961,1,0,1,0,1,0,5,5,1,1,90679,2.7843251815374344,46523,0,1,0,0,1,0
445,443,5904,14057,0,0,1,0,1,0,5,5,1,1,19961,0.4199743918053777,2,1,1,0,0,1,1
9950,3389,37337,102520,0,0,1,0,1,0,6,5,1,0,139857,0.3641888003433443,6561,0,0,0,0,1,0
47815,29608,104085,126259,0,0,1,0,1,0,6,5,1,0,230344,0.8243703469032155,18207,0,0,0,0,0,0
35170,22,2792,10411,0,0,1,0,1,0,6,5,1,0,13203,0.26815213215520556,35148,0,1,0,0,1,0
4843,53,9506,32466,0,0,1,0,1,0,6,5,1,0,41972,0.29278960174946866,4790,0,1,0,0,1,0
1151,25919,101483,41699,0,0,0,0,0,1,6,5,1,0,143182,2.433645083932854,24768,0,0,0,0,0,0
46020,3389,59033,194846,0,0,1,0,1,0,7,5,1,0,253879,0.3029710490795342,42631,0,0,0,0,1,0
60300,443,115556,211584,1,0,0,0,0,1,7,5,1,0,327140,0.5461445754661247,59857,0,1,1,0,1,0
3389,3389,85605,270290,0,0,1,0,1,0,7,5,1,0,355895,0.31671420802024486,0,0,0,0,0,1,1
54963,1433,12762,21394,1,0,1,0,1,0,7,5,1,0,34156,0.5964945080626315,53530,0,0,1,0,1,0
50625,21,743187,1475840,1,0,1,0,1,0,7,5,1,0,2219027,0.5035684738396616,50604,0,1,1,0,1,0
25323,25,27420,102996,0,0,1,0,1,0,7,5,1,0,130416,0.26622134625280347,25298,0,1,0,0,1,0
9257,445,165,111,0,0,0,0,0,1,7,5,1,0,276,1.4732142857142858,8812,0,1,0,0,1,0
38551,1433,14020,42338,0,0,1,0,1,0,8,5,1,0,56358,0.3311367769668627,37118,0,0,0,0,1,0
80,27459,10397,6781,0,0,0,0,1,0,8,5,1,0,17178,1.5330286051312296,27379,1,0,0,0,0,1
3306,443,78621,279537,0,0,0,0,0,1,8,5,1,0,358158,0.2812533537479699,2863,0,1,0,0,1,1
26685,53,10701,9298,0,0,0,0,0,1,9,5,1,0,19999,1.1507688998817076,26632,0,1,0,0,1,0
445,443,127816,41155,1,0,0,0,1,0,9,5,1,0,168971,3.1056468072699,2,1,1,0,0,1,1
11049,3306,53796,45701,0,0,0,0,0,1,9,5,1,0,99497,1.1771038466587895,7743,0,0,0,0,1,0
34234,1433,4446,3877,0,0,1,0,1,0,9,5,1,0,8323,1.146467251160392,32801,0,0,0,0,1,0
31853,21,17595,70928,0,0,1,0,0,1,9,5,1,0,88523,0.24806496637482553,31832,0,1,0,0,1,0
2538,21,6368,26576,1,0,0,0,1,0,10,5,1,0,32944,0.23960567407909095,2517,0,1,0,0,1,0
9026,53,29602,80696,0,0,1,0,0,1,10,5,1,0,110298,0.3668290023173104,8973,0,1,0,0,1,0
3389,80,6308,12446,0,0,1,0,0,1,10,5,1,0,18754,0.5067887844460512,3309,0,1,0,0,1,1
7339,3306,24812,29690,0,0,1,0,1,0,10,5,1,0,54502,0.8356741099996632,4033,0,0,0,0,1,0
32177,80,14247,47808,0,0,1,0,1,0,10,5,1,0,62055,0.2979982848417662,32097,0,1,0,0,1,0
46388,22,17265,45312,0,0,1,0,1,0,10,5,1,0,62577,0.3810164853353342,46366,0,1,0,0,1,0
25530,445,586251,2174748,0,0,1,0,1,0,11,5,1,0,2760999,0.26957179886046617,25085,0,1,0,0,1,0
2914,1433,12372,13960,0,0,0,0,1,0,11,5,1,0,26332,0.8861829381849438,1481,0,0,0,0,1,0
6492,3389,997,4057,0,0,1,0,0,1,11,5,1,0,5054,0.2456875308033514,3103,0,0,0,0,1,0
36433,22,111895,440878,0,0,0,0,1,0,11,5,1,0,552773,0.2537997954087176,36411,0,1,0,0,1,0
13251,25,110495,352261,0,0,1,0,1,0,11,5,1,0,462756,0.31367277764845486,13226,0,1,0,0,1,0
44049,3389,928,2713,0,0,0,0,1,0,11,5,1,0,3641,0.341930729550479,40660,0,0,0,0,1,0
46800,443,7176,18766,0,0,1,0,0,1,11,5,1,0,25942,0.3823733148611925,46357,0,1,0,0,1,0
17110,443,44236,72185,0,0,1,0,1,0,12,5,1,0,116421,0.6128058072202366,16667,0,1,0,0,1,0
37177,1433,50956,147105,0,0,0,0,1,0,12,5,1,0,198061,0.3463896781912362,35744,0,0,0,0,1,0
24436,3389,21860,85833,0,0,1,0,0,1,12,5,1,0,107693,0.2546776335717781,21047,0,0,0,0,1,0
50840,25,22663,10162,0,0,0,0,1,0,12,5,1,0,32825,2.2299517858899933,50815,0,1,1,0,1,0
36584,445,4906,2546,0,0,0,0,1,0,12,5,1,0,7452,1.9261876717707107,36139,0,1,0,0,1,0
5558,3389,473,1806,0,0,1,0,1,0,13,5,1,0,2279,0.26175982291090205,2169,0,0,0,0,1,0
41270,445,584909,1945479,0,0,1,0,0,1,13,5,1,0,2530388,0.3006502251372412,40825,0,1,0,0,1,0
23229,3306,4675,8598,0,0,1,0,1,0,13,5,1,0,13273,0.5436678683567857,19923,0,0,0,0,1,0
51203,22,29214,15464,0,0,1,0,1,0,13,5,1,0,44678,1.8890397672162949,51181,0,1,1,0,1,0
51854,3306,17083,48025,0,0,1,0,0,1,13,5,1,0,65108,0.35570316078790654,48548,0,0,1,0,1,0
25122,22,92551,21841,0,0,1,0,1,0,13,5,1,0,114392,4.237295119494552,25100,0,1,0,0,1,0
39970,25,26471,103715,0,0,0,0,1,0,13,5,1,0,130186,0.2552258089397971,39945,0,1,0,0,1,0
54434,29498,28155,89781,0,0,0,0,0,1,14,5,1,0,117936,0.31359292508520636,24936,0,0,1,0,0,0
21,22,325,212,1,0,1,0,1,0,14,5,1,0,537,1.5258215962441315,1,1,1,0,0,1,1
80,80,5806,14763,0,0,0,0,0,1,15,5,1,0,20569,0.39325386074234625,0,1,1,0,0,1,1
62980,80,72505,202775,0,0,1,0,1,0,15,5,1,0,275280,0.35756203890006705,62900,0,1,1,0,1,0
443,443,62784,153232,0,1,1,0,0,1,15,5,1,0,216016,0.4097289748291817,0,1,1,0,0,1,1
20326,3306,4804,11528,0,0,1,0,1,0,15,5,1,0,16332,0.41668835111458064,17020,0,0,0,0,1,0
29517,443,1763,1448,0,0,0,0,1,0,16,5,1,0,3211,1.2167011732229123,29074,0,1,0,0,1,0
9724,443,26971,55440,0,0,1,0,0,1,16,5,1,0,82411,0.48648112407784855,9281,0,1,0,0,1,0
59065,22,210,545,0,0,1,0,1,0,16,5,1,0,755,0.38461538461538464,59043,0,1,1,0,1,0
5487,3389,3505,516,0,0,1,0,1,0,17,5,1,0,4021,6.779497098646035,2098,0,0,0,0,1,0
3389,21,368154,1217222,0,0,1,1,0,0,17,5,1,0,1585376,0.302454028555162,3368,0,1,0,0,1,1
18665,443,222372,693072,0,0,1,0,1,0,17,5,1,0,915444,0.320849318902915,18222,0,1,0,0,1,0
22927,21,48030,151927,0,0,1,1,0,0,17,5,1,0,199957,0.3161365910167974,22906,0,1,0,0,1,0
3306,53,36016,140499,0,0,1,0,1,0,18,5,1,0,176515,0.25634163701067614,3253,0,1,0,0,1,1
12922,22,8914623,4547073,0,1,1,0,1,0,18,5,1,0,13461696,1.960518566445147,12900,0,1,0,0,1,0
30446,443,6734,23327,0,0,1,0,1,0,18,5,1,0,30061,0.2886659807956104,30003,0,1,0,0,1,0
60813,80,13735,50734,0,0,0,0,1,0,18,5,1,0,64469,0.27072040997339114,60733,0,1,1,0,1,0
26668,25,6966,5573,0,0,0,0,1,0,18,5,1,0,12539,1.2497308934337998,26643,0,1,0,0,1,0
53599,445,12576,8111,0,0,1,0,1,0,18,5,1,0,20687,1.5502958579881656,53154,0,1,1,0,1,0
53861,21,176091,587031,0,0,0,0,0,1,19,5,1,0,763122,0.29996831518554357,53840,0,1,1,0,1,0
63581,25,9256,30882,0,0,0,0,1,0,20,5,1,0,40138,0.29971181556195964,63556,0,1,1,0,1,0
44038,3389,12765,5980,0,0,1,0,1,0,20,5,1,0,18745,2.1342584852031434,40649,0,0,0,0,1,0
3389,25,71915,33680,1,0,1,0,1,0,20,5,1,0,105595,2.1351800718505984,3364,0,1,0,0,1,1
3342,1433,2272,6841,0,0,1,0,1,0,20,5,1,0,9113,0.3320666471791874,1909,0,0,0,0,1,0
443,80,5742,6012,0,0,0,0,1,0,20,5,1,0,11754,0.9549309828704473,363,1,1,0,0,1,1
49382,21,6765,19256,0,0,0,0,1,0,20,5,1,0,26021,0.35130082567378096,49361,0,1,1,0,1,0
7319,22,24075,6265,0,0,1,0,1,0,20,5,1,0,30340,3.8421640600063838,7297,0,1,0,0,1,0
52592,21,12683,12584,0,0,1,0,1,0,21,5,1,0,25267,1.0077870480731028,52571,0,1,1,0,1,0
39042,443,13341,14259,0,0,1,0,1,0,21,5,1,0,27600,0.9355539971949509,38599,0,1,0,0,1,0
21,80,7602,7981,0,0,1,0,1,0,21,5,1,0,15583,0.9523928839889751,59,1,1,0,0,1,1
1433,21,3970,14080,0,0,1,0,1,0,21,5,1,0,18050,0.28194020311057455,1412,0,1,0,0,1,1
3306,22,58374,8349,0,0,1,0,0,1,21,5,1,0,66723,6.990898203592814,3284,0,1,0,0,1,1
443,443,12829,46439,0,1,1,0,1,0,23,5,1,1,59268,0.2762489233419466,0,1,1,0,0,1,1
445,25,59303,136891,0,0,1,0,1,0,23,5,1,1,196194,0.4332101218478801,420,1,1,0,0,1,1
33963,25,3719,7833,0,0,1,0,1,0,23,5,1,1,11552,0.47472555527189175,33938,0,1,0,0,1,0
60894,1433,7597,5182,0,0,1,0,1,0,0,6,1,1,12779,1.4657534246575343,59461,0,0,1,0,1,0
38514,22,15461,27488,0,0,0,0,0,1,0,6,1,1,42949,0.5624431590818145,38492,0,1,0,0,1,0
19802,22,17951,72747,0,0,1,1,0,0,0,6,1,1,90698,0.24675592456149997,19780,0,1,0,0,1,0
21730,22,73643,290168,0,0,1,0,1,0,0,6,1,1,363811,0.25379347897259874,21708,0,1,0,0,1,0
25,1433,11061,30375,1,0,0,0,1,0,0,6,1,1,41436,0.3641361601264156,1408,1,0,0,0,1,1
10360,53,72750,73721,1,0,0,0,1,0,1,6,1,1,146471,0.9868153332790754,10307,0,1,0,0,1,0
52708,3389,40131,70406,0,0,1,0,1,0,1,6,1,1,110537,0.5699859388981209,49319,0,0,1,0,1,0
56201,1433,18565,65770,1,0,1,0,0,1,1,6,1,1,84335,0.28226726064678964,54768,0,0,1,0,1,0
41993,21,4807,14320,0,0,1,0,1,0,1,6,1,1,19127,0.33566091753369176,41972,0,1,0,0,1,0
60026,25,73939,100950,0,0,1,0,1,0,1,6,1,1,174889,0.732424641657834,60001,0,1,1,0,1,0
53787,443,5003,4236,0,0,1,0,1,0,1,6,1,1,9239,1.180788293603965,53344,0,1,1,0,1,0
1433,25,21289,15888,0,0,0,0,1,0,1,6,1,1,37177,1.339857763232425,1408,0,1,0,0,1,1
63235,1433,20205,76770,0,0,1,0,1,0,2,6,1,1,96975,0.2631853173724453,61802,0,0,1,0,1,0
26306,53,15813,37872,0,0,0,0,0,1,2,6,1,1,53685,0.4175269981253136,26253,0,1,0,0,1,0
25146,445,11814,17924,0,0,1,0,1,0,2,6,1,1,29738,0.6590794979079498,24701,0,1,0,0,1,0
21616,25,5911,7787,0,0,0,0,1,0,2,6,1,1,13698,0.7589881869542886,21591,0,1,0,0,1,0
14990,80,1657,2040,0,0,0,0,1,0,2,6,1,1,3697,0.8118569328760411,14910,0,1,0,0,1,0
33403,21,208165,100350,0,0,1,0,1,0,2,6,1,1,308515,2.0743689649330848,33382,0,1,0,0,1,0
52734,22,10029,10995,0,0,1,0,1,0,3,6,1,1,21024,0.9120589305201892,52712,0,1,1,0,1,0
53,445,17944,37050,0,0,1,0,1,0,3,6,1,1,54994,0.4843054168578446,392,1,1,0,0,1,1
50168,443,17769,25650,1,0,0,0,1,0,3,6,1,1,43419,0.6927215313243148,49725,0,1,1,0,1,0
61256,3389,127130,185429,0,0,1,0,1,0,3,6,1,1,312559,0.685595642560535,57867,0,0,1,0,1,0
22935,3306,485585,1409242,0,0,1,0,0,1,3,6,1,1,1894827,0.34457151818387605,19629,0,0,0,0,1,0
34093,25,28445,80883,0,0,0,0,1,0,3,6,1,1,109328,0.3516764749517828,34068,0,1,0,0,1,0
47950,21,17133,3697,0,0,1,0,0,1,3,6,1,1,20830,4.633044889129259,47929,0,1,0,0,1,0
64495,22,3649,9949,0,0,0,0,1,0,3,6,1,1,13598,0.36673366834170856,64473,0,1,1,0,1,0
80,53,2186,7781,1,0,1,0,1,0,3,6,1,1,9967,0.2809046517604729,27,1,1,0,0,1,1
21488,21,1289,4871,0,0,1,0,1,0,3,6,1,1,6160,0.26457307060755336,21467,0,1,0,0,1,0
3270,22,6165,22565,1,0,1,0,0,1,4,6,1,1,28730,0.2731986173889923,3248,0,1,0,0,1,0
52817,21,776,1632,0,0,1,0,1,0,4,6,1,1,2408,0.47519902020820576,52796,0,1,1,0,1,0
8396,3306,123763,457107,0,0,1,0,1,0,4,6,1,1,580870,0.2707522073558109,5090,0,0,0,0,1,0
41920,443,43345,123689,0,0,1,0,1,0,4,6,1,1,167034,0.3504325329452664,41477,0,1,0,0,1,0
19766,21,14726,11941,0,0,1,0,1,0,4,6,1,1,26667,1.2331267794339307,19745,0,1,0,0,1,0
30298,22,129964,261049,1,0,0,0,1,0,4,6,1,1,391013,0.4978509864010726,30276,0,1,0,0,1,0
58400,53,3968,6392,0,0,1,0,0,1,4,6,1,1,10360,0.6206788675113405,58347,0,1,1,0,1,0
41212,3306,5931,11872,1,0,0,0,1,0,4,6,1,1,17803,0.499536764086583,37906,0,0,0,0,1,0
3306,53,998,883,0,0,0,0,1,0,4,6,1,1,1881,1.1289592760180995,3253,0,1,0,0,1,1
20986,1433,76036,224618,0,0,0,0,1,0,4,6,1,1,300654,0.3385109897203709,19553,0,0,0,0,1,0
61528,1433,6023,3922,0,0,0,0,1,0,5,6,1,1,9945,1.5353046138159572,60095,0,0,1,0,1,0
22,21,22586,26913,0,0,1,0,1,0,5,6,1,1,49499,0.8391914988481831,1,1,1,0,0,1,1
6853,21,109548,429525,1,0,1,0,0,1,5,6,1,1,539073,0.2550439321484613,6832,0,1,0,0,1,0
56572,80,197473,22846,0,0,1,0,1,0,5,6,1,1,220319,8.643279205147284,56492,0,1,1,0,1,0
49076,22,21022,85413,1,0,1,0,0,1,5,6,1,1,106435,0.24611890322429578,49054,0,1,0,0,1,0
1092,1433,40732,151606,0,0,1,0,0,1,6,6,1,0,192338,0.26866833325638,341,0,0,0,0,1,0
17274,80,5186,2779,0,0,1,0,1,0,6,6,1,0,7965,1.8654676258992806,17194,0,1,0,0,1,0
63336,22,325591,770707,0,0,1,0,1,0,6,6,1,0,1096298,0.4224570135511763,63314,0,1,1,0,1,0
6146,445,16884,13750,0,0,1,0,1,0,6,6,1,0,30634,1.2278379754199695,5701,0,1,0,0,1,0
22,22,25045,15215,0,1,1,0,0,1,6,6,1,0,40260,1.6459647739221872,0,1,1,0,0,1,1
42574,1433,11487,9138,0,0,1,0,1,0,7,6,1,0,20625,1.256920888499836,41141,0,0,0,0,1,0
62135,80,150061,152613,0,0,0,0,1,0,7,6,1,0,302674,0.9832715216166276,62055,0,1,1,0,1,0
10160,53,30313,6073,0,0,0,0,1,0,8,6,1,0,36386,4.990615739216332,10107,0,1,0,0,1,0
22,80,74421,7071,0,0,1,0,1,0,8,6,1,0,81492,10.5233314479638,58,1,1,0,0,1,1
53478,445,38806,117726,1,0,1,0,1,0,8,6,1,0,156532,0.32962701844096937,53033,0,1,1,0,1,0
19808,21,15480,53145,0,0,1,0,1,0,8,6,1,0,68625,0.2912730967523426,19787,0,1,0,0,1,0
44316,21,97455,182773,0,0,1,0,0,1,8,6,1,0,280228,0.5331994703841904,44295,0,1,0,0,1,0
45494,445,38273,141308,0,1,1,0,0,1,8,6,1,0,179581,0.27084615983412236,45049,0,1,0,0,1,0
33350,445,4733,683,1,0,0,0,1,0,9,6,1,0,5416,6.919590643274854,32905,0,1,0,0,1,0
55091,445,4524,3656,0,0,1,0,1,0,9,6,1,0,8180,1.2370795734208369,54646,0,1,1,0,1,0
57940,3306,27948,97643,0,0,0,0,0,1,9,6,1,0,125591,0.2862234238662898,54634,0,0,1,0,1,0
2432,16775,94082,240051,1,0,0,0,1,0,9,6,1,0,334133,0.3919234165930715,14343,0,0,0,0,0,0
7841,25,303480,1137372,0,0,1,0,0,1,11,6,1,0,1440852,0.26682539501113534,7816,0,1,0,0,1,0
44377,445,1282,4960,0,0,1,0,1,0,11,6,1,0,6242,0.25841564200765976,43932,0,1,0,0,1,0
14621,3306,22949,5489,0,0,1,0,1,0,11,6,1,0,28438,4.180145719489982,11315,0,0,0,0,1,0
29896,3389,48215,173937,1,0,1,0,1,0,11,6,1,0,222152,0.2771964723062241,26507,0,0,0,0,1,0
58289,22,35350,19233,0,0,1,0,1,0,12,6,1,0,54583,1.8378912342726421,58267,0,1,1,0,1,0
36436,445,110738,143459,0,0,1,0,0,1,12,6,1,0,254197,0.7719085459361494,35991,0,1,0,0,1,0
26933,3306,62871,249565,0,0,1,0,1,0,12,6,1,0,312436,0.2519213354383209,23627,0,0,0,0,1,0
80,1433,4551,513,0,0,0,0,1,0,12,6,1,0,5064,8.854085603112841,1353,1,0,0,0,1,1
38555,1433,4343,12739,1,0,1,0,1,0,13,6,1,0,17082,0.34089481946624806,37122,0,0,0,0,1,0
55617,1433,36312,72761,0,0,1,0,0,1,13,6,1,0,109073,0.4990517028119073,54184,0,0,1,0,1,0
36402,80,107452,337825,0,0,0,0,1,0,13,6,1,0,445277,0.3180690651400425,36322,0,1,0,0,1,0
28522,22,27707,44586,1,0,1,0,0,1,14,6,1,0,72293,0.6214143135891628,28500,0,1,0,0,1,0
21057,3389,1763,2876,0,0,1,0,1,0,14,6,1,0,4639,0.6127911018421968,17668,0,0,0,0,1,0
53,29150,4123,7948,0,0,1,0,1,0,14,6,1,0,12071,0.5186815951692036,29097,1,0,0,0,0,1
16708,443,66597,164726,0,0,1,0,1,0,15,6,1,0,231323,0.4042870931905516,16265,0,1,0,0,1,0
6023,25,12609,8246,1,0,1,0,1,0,15,6,1,0,20855,1.5289196071298654,5998,0,1,0,0,1,0
12171,1433,26601,5492,0,0,0,0,1,0,15,6,1,0,32093,4.842708902239213,10738,0,0,0,0,1,0
22570,30234,121135,182290,0,0,0,0,1,0,15,6,1,0,303425,0.664514430224202,7664,0,0,0,0,0,0
56499,3389,3217,3433,0,0,1,0,1,0,15,6,1,0,6650,0.9368083867210251,53110,0,0,1,0,1,0
31907,21,11352,10754,1,0,1,0,1,0,16,6,1,0,22106,1.0555090655509065,31886,0,1,0,0,1,0
63785,21,9541,3619,0,0,0,0,1,0,16,6,1,0,13160,2.635635359116022,63764,0,1,1,0,1,0
54704,3306,38895,32606,0,0,1,0,1,0,16,6,1,0,71501,1.1928420277854448,51398,0,0,1,0,1,0
3018,21,75858,184544,0,0,1,0,1,0,17,6,1,0,260402,0.41105421441924733,2997,0,1,0,0,1,0
14732,21,2062,8628,0,0,1,0,1,0,18,6,1,0,10690,0.2389616409780971,14711,0,1,0,0,1,0
3806,25,21832,74627,0,0,1,0,1,0,18,6,1,0,96459,0.29254435332582945,3781,0,1,0,0,1,0
50069,21,88514,197658,0,0,1,0,0,1,18,6,1,0,286172,0.44781163518989775,50048,0,1,1,0,1,0
16122,443,1132,2283,0,0,0,0,0,1,18,6,1,0,3415,0.4956217162872154,15679,0,1,0,0,1,0
61132,22,19870,45911,0,0,1,0,1,0,18,6,1,0,65781,0.43278445722251263,61110,0,1,1,0,1,0
8691,22,3148,3276,0,0,1,0,1,0,19,6,1,0,6424,0.9606347268843455,8669,0,1,0,0,1,0
38405,443,7891,8084,0,0,0,0,0,1,19,6,1,0,15975,0.9760049474335188,37962,0,1,0,0,1,0
49450,80,400,511,0,0,1,0,1,0,19,6,1,0,911,0.78125,49370,0,1,1,0,1,0
21,3306,204510,621294,0,0,1,0,1,0,19,6,1,0,825804,0.3291673037767888,3285,1,0,0,0,1,1
20902,3389,12464,9515,0,0,0,0,0,1,19,6,1,0,21979,1.3097940311055065,17513,0,0,0,0,1,0
58211,3389,6054,5344,0,0,1,0,1,0,19,6,1,0,11398,1.1326473339569691,54822,0,0,1,0,1,0
63845,62624,37243,34007,0,0,1,0,1,0,19,6,1,0,71250,1.0951246765466949,1221,0,0,1,1,0,0
15616,22,4155,8968,0,0,1,0,0,1,20,6,1,0,13123,0.46326234808785816,15594,0,1,0,0,1,0
37244,53,3570,8166,0,0,0,0,1,0,20,6,1,0,11736,0.43712501530549774,37191,0,1,0,0,1,0
14552,53,246847,315003,0,0,0,0,1,0,20,6,1,0,561850,0.7836313189673781,14499,0,1,0,0,1,0
34313,22,397862,145296,0,0,0,0,1,0,20,6,1,0,543158,2.7382671355912374,34291,0,1,0,0,1,0
44749,445,8541,7465,0,0,1,0,1,0,20,6,1,0,16006,1.1439860701848379,44304,0,1,0,0,1,0
39278,80,121511,434215,0,0,0,0,1,0,20,6,1,0,555726,0.2798399874716731,39198,0,1,0,0,1,0
35477,1433,38935,147489,0,0,1,0,1,0,21,6,1,0,186424,0.2639839989151807,34044,0,0,0,0,1,0
10259,3306,2293,8681,0,0,0,0,1,0,21,6,1,0,10974,0.2641096521538816,6953,0,0,0,0,1,0
3389,3389,4988,17232,0,0,1,0,0,1,21,6,1,0,22220,0.2894446701096733,0,0,0,0,0,1,1
3127,53,263487,306345,0,0,1,0,1,0,22,6,1,1,569832,0.8600961004876838,3074,0,1,0,0,1,0
61313,445,2246,8867,1,0,0,0,1,0,22,6,1,1,11113,0.2532701849345963,60868,0,1,1,0,1,0
20639,25,847121,3519590,0,0,1,0,1,0,22,6,1,1,4366711,0.24068734122800065,20614,0,1,0,0,1,0
19886,3306,8829,16025,0,0,0,0,1,0,22,6,1,1,24854,0.5509172594533882,16580,0,0,0,0,1,0
29619,80,276316,643982,0,0,1,0,1,0,23,6,1,1,920298,0.4290734382739917,29539,0,1,0,0,1,0
43762,443,13508,15102,0,0,1,0,0,1,23,6,1,1,28610,0.8943918426802622,43319,0,1,0,0,1,0
3306,21,79209,113207,0,0,0,0,0,1,23,6,1,1,192416,0.6996767012931948,3285,0,1,0,0,1,1
53977,22,205264,409594,0,0,1,0,1,0,23,6,1,1,614858,0.5011389299185781,53955,0,1,1,0,1,0
60015,25,203602,361662,0,0,1,0,1,0,0,0,0,1,565264,0.5629605461437858,59990,0,1,1,0,1,0
3389,3389,8647,26032,0,1,1,0,1,0,0,0,0,1,34679,0.33215534129758384,0,0,0,0,0,1,1
3389,445,5586,19082,0,0,0,0,1,0,0,0,0,1,24668,0.29272127024052824,2944,0,1,0,0,1,1
8921,443,19342,37240,0,0,0,0,1,0,0,0,0,1,56582,0.5193738084369378,8478,0,1,0,0,1,0
445,25,2749,6726,0,0,0,0,0,1,0,0,0,1,9475,0.4086517020960309,420,1,1,0,0,1,1
22,443,32300,82870,1,0,1,0,1,0,1,0,0,1,115170,0.3897624018052153,421,1,1,0,0,1,1
37355,1433,5923,12289,0,0,1,0,1,0,1,0,0,1,18212,0.48193653376729045,35922,0,0,0,0,1,0
48654,25,124534,484409,0,0,1,0,1,0,1,0,0,1,608943,0.2570838752296608,48629,0,1,0,0,1,0
56343,22,8846,29501,0,0,1,0,1,0,1,0,0,1,38347,0.2998440783675683,56321,0,1,1,0,1,0
51831,13075,1356,4809,0,0,0,0,1,0,2,0,0,1,6165,0.28191268191268193,38756,0,0,1,0,0,0
445,1433,207204,60408,0,0,1,0,1,0,2,0,0,1,267612,3.43001870582198,988,1,0,0,0,1,1
14995,21,29536,76750,0,0,0,0,1,0,2,0,0,1,106286,0.38482886216466233,14974,0,1,0,0,1,0
1433,3306,23077,29849,0,0,1,0,1,0,3,0,0,1,52926,0.7730988274706868,1873,0,0,0,0,1,1
61815,53,126884,298188,0,0,1,0,1,0,3,0,0,1,425072,0.42551536106295,61762,0,1,1,0,1,0
15104,3306,88833,175172,0,0,1,0,1,0,3,0,0,1,264005,0.5071158226439006,11798,0,0,0,0,1,0
80,80,6509,14716,0,1,0,0,1,0,4,0,0,1,21225,0.4422776381055922,0,1,1,0,0,1,1
32751,1433,10725,10167,1,0,1,0,0,1,4,0,0,1,20892,1.0547797010228166,31318,0,0,0,0,1,0
1274,22,3711,10785,0,0,0,0,1,0,4,0,0,1,14496,0.34405711106990544,1252,0,1,0,0,1,0
38436,1433,2115,2310,0,0,1,0,1,0,4,0,0,1,4425,0.9151882302033751,37003,0,0,0,0,1,0
63265,22,55589,164114,0,0,0,0,1,0,4,0,0,1,219703,0.33871980014014563,63243,0,1,1,0,1,0
25862,3306,41253,95694,1,0,0,0,1,0,5,0,0,1,136947,0.4310883536234913,22556,0,0,0,0,1,0
3467,32542,74408,18300,0,0,1,0,1,0,5,0,0,1,92708,4.065788754712857,29075,0,0,0,0,0,0
11887,80,171196,77343,0,0,1,0,1,0,6,0,0,0,248539,2.213436077782375,11807,0,1,0,0,1,0
52746,80,76051,290700,0,0,1,0,1,0,6,0,0,0,366751,0.26161244715360454,52666,0,1,1,0,1,0
18946,3389,87687,43137,0,0,1,0,1,0,6,0,0,0,130824,2.0327089804812464,15557,0,0,0,0,1,0
30757,3306,792,2518,0,0,1,0,1,0,6,0,0,0,3310,0.314410480349345,27451,0,0,0,0,1,0
1433,16808,13478,16243,0,0,1,0,1,0,6,0,0,0,29721,0.8297217434129525,15375,0,0,0,0,0,1
3389,443,103086,391983,0,0,0,0,0,1,6,0,0,0,495069,0.26298522388668927,2946,0,1,0,0,1,1
22,443,3397,6512,0,0,1,0,1,0,6,0,0,0,9909,0.5215722401351144,421,1,1,0,0,1,1
58664,445,25506,97493,0,0,0,0,1,0,7,0,0,0,122999,0.261616099452274,58219,0,1,1,0,1,0
23817,80,50571,42447,0,0,0,0,1,0,7,0,0,0,93018,1.1913635506973237,23737,0,1,0,0,1,0
45820,21,44737,20244,1,0,0,0,1,0,7,0,0,0,64981,2.209780192640158,45799,0,1,0,0,1,0
22060,53,39738,69695,0,0,1,0,1,0,7,0,0,0,109433,0.5701618457300276,22007,0,1,0,0,1,0
12419,22,57426,171424,0,0,1,0,0,1,7,0,0,0,228850,0.3349919789995625,12397,0,1,0,0,1,0
15229,1433,29412,22350,0,0,1,1,0,0,8,0,0,0,51762,1.3159142767661403,13796,0,0,0,0,1,0
3389,21,2120,8371,0,0,1,0,1,0,8,0,0,0,10491,0.25322503583373146,3368,0,1,0,0,1,1
10425,80,49569,188309,0,0,1,0,1,0,8,0,0,0,237878,0.26323084275927994,10345,0,1,0,0,1,0
46057,80,34738,34542,0,0,1,0,1,0,8,0,0,0,69280,1.005645137944012,45977,0,1,0,0,1,0
54771,443,2165,707,0,0,1,0,1,0,8,0,0,0,2872,3.0579096045197742,54328,0,1,1,0,1,0
19245,25,200300,16101,1,0,1,0,1,0,9,0,0,0,216401,12.439448515712334,19220,0,1,0,0,1,0
51888,22,51747,213886,0,0,1,0,0,1,9,0,0,0,265633,0.24193616255312383,51866,0,1,1,0,1,0
6257,53,2419,8855,0,0,0,0,1,0,9,0,0,0,11274,0.27314814814814814,6204,0,1,0,0,1,0
50827,3389,5957,21649,1,0,1,0,1,0,9,0,0,0,27606,0.2751501154734411,47438,0,0,1,0,1,0
51600,1433,8933,21363,0,0,1,0,1,0,9,0,0,0,30296,0.41813330836921925,50167,0,0,1,0,1,0
37953,25,8922,22998,0,0,1,0,1,0,9,0,0,0,31920,0.3879299099960868,37928,0,1,0,0,1,0
1433,53,35202,68308,0,0,1,0,1,0,9,0,0,0,103510,0.5153347289522611,1380,0,1,0,0,1,1
1433,445,4618,14635,0,0,1,0,1,0,9,0,0,0,19253,0.3155233670401749,988,0,1,0,0,1,1
49792,21,133922,73592,0,1,0,0,1,0,10,0,0,0,207514,1.8197654668242904,49771,0,1,1,0,1,0
6338,445,117393,76300,0,0,1,0,1,0,10,0,0,0,193693,1.5385512640725547,5893,0,1,0,0,1,0
20975,3389,59332,170043,0,0,1,0,1,0,10,0,0,0,229375,0.34892145562325044,17586,0,0,0,0,1,0
9909,445,23642,14689,0,0,0,0,1,0,10,0,0,0,38331,1.6093941456773315,9464,0,1,0,0,1,0
44323,1433,98707,197220,0,0,0,0,1,0,10,0,0,0,295927,0.5004892988069222,42890,0,0,0,0,1,0
80,445,14164,1629,0,0,1,0,1,0,10,0,0,0,15793,8.68957055214724,365,1,1,0,0,1,1
42416,80,6910,16507,0,0,0,0,1,0,10,0,0,0,23417,0.4185849285195057,42336,0,1,0,0,1,0
30366,80,147882,541217,0,0,1,0,1,0,10,0,0,0,689099,0.27323924924891635,30286,0,1,0,0,1,0
60527,3306,36609,23940,0,0,0,0,1,0,11,0,0,0,60549,1.52913412138173,57221,0,0,1,0,1,0
4368,22,7372,5910,0,0,1,0,1,0,11,0,0,0,13282,1.2471663001184232,4346,0,1,0,0,1,0
14959,21,11289,7881,0,0,1,0,1,0,11,0,0,0,19170,1.4322506977924385,14938,0,1,0,0,1,0
49545,25,6779,6708,0,0,1,0,1,0,12,0,0,0,13487,1.0104337457147117,49520,0,1,1,0,1,0
80,25,559881,589252,1,0,1,0,1,0,12,0,0,0,1149133,0.950153838843417,55,1,1,0,0,1,1
27198,3389,22171,49209,0,0,1,1,0,0,12,0,0,0,71380,0.4505385084332453,23809,0,0,0,0,1,0
4707,21,28351,21372,0,0,1,0,1,0,12,0,0,0,49723,1.3264866888129883,4686,0,1,0,0,1,0
35657,1433,69839,277157,0,0,0,0,1,0,12,0,0,0,346996,0.2519826236298429,34224,0,0,0,0,1,0
59908,443,3150,3465,0,0,1,0,1,0,13,0,0,0,6615,0.9088286208886325,59465,0,1,1,0,1,0
21923,1433,127322,112372,0,0,1,0,1,0,13,0,0,0,239694,1.1330301762878983,20490,0,0,0,0,1,0
39487,21,8328,6117,0,0,0,0,1,0,13,0,0,0,14445,1.361229159856162,39466,0,1,0,0,1,0
58229,443,411690,764096,0,1,0,0,1,0,13,0,0,0,1175786,0.5387928495989384,57786,0,1,1,0,1,0
1320,1433,13356,36167,1,0,1,0,1,0,14,0,0,0,49523,0.3692767086927671,113,0,0,0,0,1,0
47047,53,115869,100974,1,0,1,0,1,0,14,0,0,0,216843,1.147501856895271,46994,0,1,0,0,1,0
445,3389,405,780,0,0,1,0,1,0,14,0,0,0,1185,0.5185659411011524,2944,1,0,0,0,1,1
64190,1433,3360,5006,0,0,1,0,0,1,15,0,0,0,8366,0.67106051527861,62757,0,0,1,0,1,0
44069,21,13769,9619,0,0,1,0,1,0,15,0,0,0,23388,1.4312889812889813,44048,0,1,0,0,1,0
59046,53,854,1820,0,0,0,0,1,0,15,0,0,0,2674,0.46897309170785284,58993,0,1,1,0,1,0
37703,1433,57607,209167,1,1,0,0,0,1,16,0,0,0,266774,0.2754101965883883,36270,0,0,0,0,1,0
445,22,36342,128349,0,0,1,0,0,1,16,0,0,0,164691,0.28314764316322555,423,1,1,0,0,1,1
58300,3306,4512,16748,0,0,1,0,1,0,16,0,0,0,21260,0.2693892172667025,54994,0,0,1,0,1,0
6897,3306,21471,73648,1,0,1,0,1,0,17,0,0,0,95119,0.29153145324444324,3591,0,0,0,0,1,0
46711,53,80046,320535,0,0,0,0,1,0,17,0,0,0,400581,0.24972545985474331,46658,0,1,0,0,1,0
18356,80,761,3043,1,0,0,0,1,0,17,0,0,0,3804,0.25,18276,0,1,0,0,1,0
10261,22,2871,343,0,0,1,1,0,0,17,0,0,0,3214,8.345930232558139,10239,0,1,0,0,1,0
15206,22,12885,23143,0,0,1,0,1,0,17,0,0,0,36028,0.5567317663325267,15184,0,1,0,0,1,0
51384,3306,22878,46614,0,0,1,0,1,0,18,0,0,0,69492,0.4907862276091387,48078,0,0,1,0,1,0
10624,445,20054,47190,0,0,1,0,0,1,18,0,0,0,67244,0.42495391070331207,10179,0,1,0,0,1,0
6843,25,91388,267049,0,0,0,0,1,0,18,0,0,0,358437,0.34221306871372403,6818,0,1,0,0,1,0
1716,3306,47265,151142,0,0,1,0,1,0,18,0,0,0,198407,0.31271709573053336,1590,0,0,0,0,1,0
44740,443,67145,76613,0,0,1,0,0,1,18,0,0,0,143758,0.8764064009188921,44297,0,1,0,0,1,0
3306,53,2383,4176,1,0,1,0,0,1,19,0,0,0,6559,0.5705051472348576,3253,0,1,0,0,1,1
63340,3306,27770,73980,0,0,0,0,0,1,19,0,0,0,101750,0.37536664819345505,60034,0,0,1,0,1,0
38589,1433,13474,17994,0,0,0,0,1,0,19,0,0,0,31468,0.7487635454292859,37156,0,0,0,0,1,0
31485,53,228505,813809,0,0,1,0,0,1,19,0,0,0,1042314,0.2807842125311805,31432,0,1,0,0,1,0
35496,3389,29115,121643,0,0,1,0,1,0,20,0,0,0,150758,0.23934596034329683,32107,0,0,0,0,1,0
60529,53,7551,3117,0,0,0,0,1,0,20,0,0,0,10668,2.4217447081462478,60476,0,1,1,0,1,0
24846,3389,86163,312051,0,0,1,1,0,0,20,0,0,0,398214,0.27611744196480076,21457,0,0,0,0,1,0
13550,3389,54245,94191,1,0,0,0,1,0,20,0,0,0,148436,0.5758981654492951,10161,0,0,0,0,1,0
47778,80,5916,3926,1,0,1,0,0,1,21,0,0,0,9842,1.5064935064935066,47698,0,1,0,0,1,0
30195,1433,12612,35715,0,0,0,0,1,0,21,0,0,0,48327,0.35311905028558627,28762,0,0,0,0,1,0
41250,25,12960,52743,0,0,1,0,1,0,22,0,0,1,65703,0.24571515243440012,41225,0,1,0,0,1,0
22,1433,156990,593431,0,0,1,0,1,0,22,0,0,1,750421,0.26454589573868614,1411,1,0,0,0,1,1
59652,3306,30491,38871,0,0,1,0,1,0,22,0,0,1,69362,0.7843949372298827,56346,0,0,1,0,1,0
26445,445,70463,22117,0,0,1,0,1,0,22,0,0,1,92580,3.18577629080387,26000,0,1,0,0,1,0
40002,53,10004,23256,1,0,1,0,1,0,22,0,0,1,33260,0.4301500623468203,39949,0,1,0,0,1,0
59065,21,37634,148576,0,0,1,0,0,1,22,0,0,1,186210,0.25329627062062093,59044,0,1,1,0,1,0
51971,80,177260,28540,0,0,0,0,1,0,22,0,0,1,205800,6.210714410847553,51891,0,1,1,0,1,0
62338,445,12360,40552,0,0,1,0,1,0,23,0,0,1,52912,0.3047863290015535,61893,0,1,1,0,1,0
4891,53,26482,76228,0,0,0,0,1,0,23,0,0,1,102710,0.347400595573863,4838,0,1,0,0,1,0
33909,22,2486,8936,0,0,1,0,0,1,23,0,0,1,11422,0.27816940807877366,33887,0,1,0,0,1,0
3306,443,6471,22372,0,0,1,0,1,0,0,1,0,1,28843,0.289232557100076,2863,0,1,0,0,1,1
80,3306,12898,40199,0,0,1,0,1,0,0,1,0,1,53097,0.3208457711442786,3226,1,0,0,0,1,1
44686,3389,4034,780,0,0,1,0,1,0,0,1,0,1,4814,5.1651728553137,41297,0,0,0,0,1,0
51835,1433,182619,330458,0,0,1,0,1,0,1,1,0,1,513077,0.552622261763184,50402,0,0,1,0,1,0
64057,80,5762,10319,0,0,0,0,1,0,1,1,0,1,16081,0.5583333333333333,63977,0,1,1,0,1,0
23994,80,77565,177762,0,0,0,0,1,0,1,1,0,1,255327,0.4363393957122686,23914,0,1,0,0,1,0
60848,445,29701,81973,0,0,0,0,1,0,2,1,0,1,111674,0.362322199721863,60403,0,1,1,0,1,0
51817,21,23141,52407,0,0,0,1,0,0,2,1,0,1,75548,0.44155472446954663,51796,0,1,1,0,1,0
43901,3306,237485,160767,0,0,1,0,0,1,2,1,0,1,398252,1.4771907344745223,40595,0,0,0,0,1,0
80,3389,591,1764,1,0,1,0,1,0,2,1,0,1,2355,0.3348441926345609,3309,1,0,0,0,1,1
3389,443,16091,67003,0,0,1,0,1,0,2,1,0,1,83094,0.2401498418004895,2946,0,1,0,0,1,1
60969,80,3910,4744,0,0,1,0,0,1,2,1,0,1,8654,0.8240252897787145,60889,0,1,1,0,1,0
15903,445,955,2155,0,0,0,0,1,0,3,1,0,1,3110,0.4429499072356215,15458,0,1,0,0,1,0
39753,445,3256,10798,0,0,0,0,1,0,3,1,0,1,14054,0.30150939901842766,39308,0,1,0,0,1,0
10281,25,22642,89694,0,0,1,0,1,0,3,1,0,1,112336,0.25243324600033445,10256,0,1,0,0,1,0
8116,25,6901,20262,0,0,0,0,1,0,3,1,0,1,27163,0.3405714849726102,8091,0,1,0,0,1,0
58687,3306,92464,257795,1,0,0,0,0,1,3,1,0,1,350259,0.3586711973808748,55381,0,0,1,0,1,0
1433,22,15644,16904,0,0,1,0,1,0,3,1,0,1,32548,0.9254066844128956,1411,0,1,0,0,1,1
23844,53,13100,32548,0,0,1,0,1,0,4,1,0,1,45648,0.402470121969953,23791,0,1,0,0,1,0
53995,22,13194,55165,0,0,1,0,1,0,4,1,0,1,68359,0.23916905340245803,53973,0,1,1,0,1,0
22,3389,18814,46778,0,0,1,0,1,0,4,1,0,1,65592,0.4021890164390004,3367,1,0,0,0,1,1
39216,445,11276,11867,0,0,1,0,1,0,4,1,0,1,23143,0.9501179642736771,38771,0,1,0,0,1,0
14666,53,5642,16896,0,0,0,0,1,0,4,1,0,1,22538,0.33390542699887554,14613,0,1,0,0,1,0
8713,2391,107226,114591,0,0,0,0,0,1,4,1,0,1,221817,0.9357197710136833,6322,0,0,0,0,0,0
59238,445,8114,6560,0,0,1,0,0,1,4,1,0,1,14674,1.2367017222984302,58793,0,1,1,0,1,0
44790,53,11924,37023,1,0,0,1,0,0,4,1,0,1,48947,0.32206136560069143,44737,0,1,0,0,1,0
62887,3306,43785,44814,1,0,1,0,0,1,5,1,0,1,88599,0.9770166238982484,59581,0,0,1,0,1,0
48796,80,36679,138266,0,0,1,0,1,0,6,1,0,0,174945,0.26527660251542307,48716,0,1,0,0,1,0
42620,3389,5273,11549,0,0,1,0,1,0,6,1,0,0,16822,0.4565367965367965,39231,0,0,0,0,1,0
1433,3389,73715,107529,0,0,1,0,1,0,6,1,0,0,181244,0.6855296196410304,1956,0,0,0,0,1,1
1433,445,52066,149383,0,0,1,0,1,0,6,1,0,0,201449,0.3485379960370589,988,0,1,0,0,1,1
48552,22,29282,116856,0,0,0,0,0,1,6,1,0,0,146138,0.25057976843492474,48530,0,1,0,0,1,0
6317,3306,11046,4081,0,0,1,0,0,1,6,1,0,0,15127,2.7060264576188144,3011,0,0,0,0,1,0
20403,445,11489,1706,0,0,1,0,1,0,7,1,0,0,13195,6.730521382542472,19958,0,1,0,0,1,0
60624,3389,15948,21311,0,0,0,0,1,0,7,1,0,0,37259,0.7483108108108109,57235,0,0,1,0,1,0
61206,22,3068,4259,0,0,1,0,0,1,7,1,0,0,7327,0.72018779342723,61184,0,1,1,0,1,0
22,22,20685,23542,0,0,1,0,0,1,8,1,0,0,44227,0.878605105551544,0,1,1,0,0,1,1
2445,25,91799,113254,0,0,0,0,1,0,8,1,0,0,205053,0.8105514105337512,2420,0,1,0,0,1,0
21977,3306,89517,247833,0,0,1,0,0,1,8,1,0,0,337350,0.3611974143983473,18671,0,0,0,0,1,0
28527,21,11975,28533,0,0,1,0,1,0,8,1,0,0,40508,0.4196747739538796,28506,0,1,0,0,1,0
42678,25,120877,124933,0,0,1,0,1,0,9,1,0,0,245810,0.9675268541790065,42653,0,1,0,0,1,0
17892,80,464839,103651,0,0,1,0,1,0,9,1,0,0,568490,4.484611970825455,17812,0,1,0,0,1,0
57273,1433,13280,19820,1,0,1,0,1,0,9,1,0,0,33100,0.6699964683921094,55840,0,0,1,0,1,0
10385,21,66597,8815,1,0,0,0,1,0,9,1,0,0,75412,7.554106170598911,10364,0,1,0,0,1,0
443,3306,589,1938,0,0,1,0,1,0,10,1,0,0,2527,0.3037648272305312,2863,1,0,0,0,1,1
25,1433,2942,8017,0,0,1,1,0,0,10,1,0,0,10959,0.3669244200548765,1408,1,0,0,0,1,1
1517,443,25483,50824,0,0,0,0,1,0,11,1,0,0,76307,0.5013871126414167,1074,0,1,0,0,1,0
61920,22,4399,17627,0,0,1,0,1,0,11,1,0,0,22026,0.24954617653732697,61898,0,1,1,0,1,0
25,80,575343,1282758,0,0,0,0,1,0,11,1,0,0,1858101,0.4485199480182949,55,1,1,0,0,1,1
14396,445,57331,184027,0,0,1,0,1,0,11,1,0,0,241358,0.3115341143738996,13951,0,1,0,0,1,0
1315,21,103293,312576,0,0,1,0,1,0,11,1,0,0,415869,0.33045617559833257,1294,0,1,0,0,1,0
59601,22,21026,81118,0,0,1,0,1,0,11,1,0,0,102144,0.2591994477249473,59579,0,1,1,0,1,0
62303,3389,4424,10797,0,0,0,0,1,0,12,1,0,0,15221,0.4097055010187072,58914,0,0,1,0,1,0
1433,53,9603,33406,0,0,1,0,1,0,12,1,0,0,43009,0.28745472505762265,1380,0,1,0,0,1,1
38264,3306,33090,125217,0,0,1,0,1,0,12,1,0,0,158307,0.2642591320736635,34958,0,0,0,0,1,0
34381,1433,7937,1567,0,0,1,0,1,0,12,1,0,0,9504,5.061862244897959,32948,0,0,0,0,1,0
17782,3389,64466,190466,0,0,1,0,0,1,12,1,0,0,254932,0.3384628308315876,14393,0,0,0,0,1,0
19096,25,68752,22282,0,0,0,0,1,0,13,1,0,0,91034,3.08540142709689,19071,0,1,0,0,1,0
18454,445,22202,80406,0,0,0,0,1,0,13,1,0,0,102608,0.27612023828771126,18009,0,1,0,0,1,0
12346,22,1186,1965,1,0,0,0,1,0,15,1,0,0,3151,0.6032553407934893,12324,0,1,0,0,1,0
30590,22,342372,1235124,0,0,1,0,1,0,15,1,0,0,1577496,0.2771962351988665,30568,0,1,0,0,1,0
64803,443,15673,11240,0,0,0,0,1,0,15,1,0,0,26913,1.3942709723334223,64360,0,1,1,0,1,0
41948,53,1680904,1031765,0,0,0,1,0,0,16,1,0,0,2712669,1.6291523465592004,41895,0,1,0,0,1,0
80,22,62570,54848,0,0,0,0,0,1,16,1,0,0,117418,1.1407682911265475,58,1,1,0,0,1,1
36853,25,15741,4260,0,0,1,0,1,0,16,1,0,0,20001,3.694203238676367,36828,0,1,0,0,1,0
443,21,45094,87352,0,0,1,0,1,0,17,1,0,0,132446,0.5162272617998237,422,1,1,0,0,1,1
56793,21,870,3385,0,0,1,0,1,0,17,1,0,0,4255,0.25694034258712345,56772,0,1,1,0,1,0
5990,5477,113757,210540,0,0,1,0,1,0,17,1,0,0,324297,0.54030806351257,513,0,0,0,0,0,0
34723,443,1338561,3210001,1,0,0,0,1,0,18,1,0,0,4548562,0.4169969364505069,34280,0,1,0,0,1,0
21132,445,778,2193,0,0,0,0,1,0,18,1,0,0,2971,0.35460346399270737,20687,0,1,0,0,1,0
6870,1433,13906,13651,0,0,0,0,0,1,18,1,0,0,27557,1.018605332552007,5437,0,0,0,0,1,0
52427,53,18610,68170,0,0,1,0,1,0,18,1,0,0,86780,0.27298998107699757,52374,0,1,1,0,1,0
37018,35115,89354,87668,0,0,1,0,0,1,18,1,0,0,177022,1.0192200207599038,1903,0,0,0,0,0,0
36130,3389,640216,1900776,0,0,1,0,0,1,18,1,0,0,2540992,0.3368180486190647,32741,0,0,0,0,1,0
443,21,40644,43733,0,0,1,0,0,1,18,1,0,0,84377,0.9293455892440664,422,1,1,0,0,1,1
52449,21,677975,2268744,0,0,1,0,1,0,19,1,0,0,2946719,0.2988326145071394,52428,0,1,1,0,1,0
18009,22,28931,69420,0,0,0,0,1,0,19,1,0,0,98351,0.41674709381887326,17987,0,1,0,0,1,0
55091,1433,45355,107175,0,0,1,0,0,1,19,1,0,0,152530,0.423182428901993,53658,0,0,1,0,1,0
3389,25,37241,141267,0,0,1,0,1,0,19,1,0,0,178508,0.26361950335532464,3364,0,1,0,0,1,1
54088,3389,155201,447161,0,0,1,1,0,0,19,1,0,0,602362,0.34708002916169084,50699,0,0,1,0,1,0
27728,80,11206,4390,0,0,1,0,1,0,19,1,0,0,15596,2.552038260077431,27648,0,1,0,0,1,0
27741,80,81573,35466,1,0,0,0,1,0,20,1,0,0,117039,2.299968985253898,27661,0,1,0,0,1,0
20139,445,3073,9162,0,0,1,0,1,0,20,1,0,0,12235,0.33537051184110006,19694,0,1,0,0,1,0
38319,445,13971,22584,0,0,1,0,1,0,20,1,0,0,36555,0.6185964135488156,37874,0,1,0,0,1,0
1988,21,7952,30878,1,0,0,0,1,0,20,1,0,0,38830,0.25752129278797886,1967,0,1,0,0,1,0
48930,445,25355,76137,0,0,0,0,1,0,20,1,0,0,101492,0.33301373821219366,48485,0,1,0,0,1,0
27678,22,13283,34577,0,0,1,0,1,0,20,1,0,0,47860,0.3841459887789924,27656,0,1,0,0,1,0
1433,445,134781,318207,1,0,0,0,1,0,21,1,0,0,452988,0.42356257542236525,988,0,1,0,0,1,1
34138,53,5399,15061,0,0,0,0,1,0,21,1,0,0,20460,0.35845173283760456,34085,0,1,0,0,1,0
1433,34626,1380,115,0,0,0,0,1,0,21,1,0,0,1495,11.89655172413793,33193,0,0,0,0,0,1
4900,22,2510,2996,1,0,1,0,1,0,21,1,0,0,5506,0.8375041708375042,4878,0,1,0,0,1,0
55300,445,108084,275020,0,0,1,0,1,0,21,1,0,0,383104,0.3930027161562208,54855,0,1,1,0,1,0
64039,3306,4669,11117,0,0,1,0,1,0,21,1,0,0,15786,0.41994963122863826,60733,0,0,1,0,1,0
19621,25,41628,17836,1,0,0,0,0,1,21,1,0,0,59464,2.33380052699445,19596,0,1,0,0,1,0
47498,53,13743,12459,0,0,1,0,0,1,22,1,0,1,26202,1.1029695024077046,47445,0,1,0,0,1,0
4757,3306,82354,71772,0,0,1,0,0,1,22,1,0,1,154126,1.1474231256879328,1451,0,0,0,0,1,0
45072,1433,15226,45472,1,0,1,0,1,0,22,1,0,1,60698,0.3348360565610362,43639,0,0,0,0,1,0
12914,21,1835738,7452648,0,0,1,0,0,1,22,1,0,1,9288386,0.24632020104529276,12893,0,1,0,0,1,0
8457,21,459083,794592,0,0,0,0,0,1,23,1,0,1,1253675,0.5777586764544868,8436,0,1,0,0,1,0
25,3389,13301,47036,0,0,0,0,0,1,23,1,0,1,60337,0.28277738801369134,3364,1,0,0,0,1,1
18262,1433,10684,4551,0,0,1,0,1,0,23,1,0,1,15235,2.3471001757469243,16829,0,0,0,0,1,0
9610,21,3307561,6404006,0,0,1,0,0,1,23,1,0,1,9711567,0.5164830394470212,9589,0,1,0,0,1,0
34184,53,3919,12960,0,0,1,0,1,0,23,1,0,1,16879,0.3023686443947226,34131,0,1,0,0,1,0
63018,445,20170,60145,0,0,0,0,0,1,23,1,0,1,80315,0.3353506467595518,62573,0,1,1,0,1,0
32318,1433,22831,68861,0,0,1,0,1,0,23,1,0,1,91692,0.33154715227556564,30885,0,0,0,0,1,0
7600,1433,21944,27764,0,0,1,0,1,0,23,1,0,1,49708,0.7903475598775437,6167,0,0,0,0,1,0
4558,3389,1363,1168,0,0,0,0,1,0,23,1,0,1,2531,1.1659538066723696,1169,0,0,0,0,1,0
61696,21,48755,85782,1,0,1,0,1,0,0,2,0,1,134537,0.5683527039156943,61675,0,1,1,0,1,0
3389,35974,4663,7419,1,0,1,0,1,0,0,2,0,1,12082,0.6284366576819407,32585,0,0,0,0,0,1
11322,25,219165,119288,0,0,0,0,0,1,0,2,0,1,338453,1.8372607700626211,11297,0,1,0,0,1,0
1433,22,2144,6186,0,0,0,0,1,0,0,2,0,1,8330,0.34653305317601424,1411,0,1,0,0,1,1
16744,53,24225,9197,0,0,0,0,1,0,0,2,0,1,33422,2.6337247227658187,16691,0,1,0,0,1,0
19142,22,635,2457,0,0,1,0,1,0,0,2,0,1,3092,0.258340113913751,19120,0,1,0,0,1,0
51136,3389,701,892,0,0,0,0,1,0,1,2,0,1,1593,0.7849944008958567,47747,0,0,1,0,1,0
39300,47435,5750,11019,0,0,1,0,1,0,1,2,0,1,16769,0.5217785843920145,8135,0,0,0,0,0,0
13489,80,7207,927,0,0,1,0,1,0,1,2,0,1,8134,7.766163793103448,13409,0,1,0,0,1,0
20359,1433,229845,38437,0,0,0,0,1,0,1,2,0,1,268282,5.979629533274364,18926,0,0,0,0,1,0
7400,443,20641,19451,0,0,1,0,1,0,1,2,0,1,40092,1.0611248200699157,6957,0,1,0,0,1,0
1433,22,174181,560169,0,0,0,0,1,0,2,2,0,1,734350,0.3109431065569381,1411,0,1,0,0,1,1
443,1433,11996,18889,0,0,1,0,1,0,2,2,0,1,30885,0.6350449973530968,990,1,0,0,0,1,1
17607,21,58089,218705,0,0,1,0,1,0,2,2,0,1,276794,0.26560313845985023,17586,0,1,0,0,1,0
31508,443,6899,7712,0,0,1,1,0,0,3,2,0,1,14611,0.8944638921301699,31065,0,1,0,0,1,0
3859,443,6188,23171,0,0,1,0,1,0,3,2,0,1,29359,0.26704643535301226,3416,0,1,0,0,1,0
443,443,1195,3064,0,1,0,0,1,0,3,2,0,1,4259,0.3898858075040783,0,1,1,0,0,1,1
36079,22,37692,15505,1,0,1,0,1,0,3,2,0,1,53197,2.430800980265704,36057,0,1,0,0,1,0
443,1433,33501,44405,0,0,0,0,1,0,3,2,0,1,77906,0.7544250776922038,990,1,0,0,0,1,1
58590,53,76397,272723,0,0,1,0,1,0,3,2,0,1,349120,0.28012569484167144,58537,0,1,1,0,1,0
19822,25,31066,108094,0,0,1,0,1,0,3,2,0,1,139160,0.28739534668578565,19797,0,1,0,0,1,0
38194,1433,563494,2060788,0,0,0,0,1,0,3,2,0,1,2624282,0.2734360480379117,36761,0,0,0,0,1,0
19870,53,29191,23782,0,0,0,0,1,0,4,2,0,1,52973,1.2273893116932262,19817,0,1,0,0,1,0
36994,443,107680,176167,0,0,1,0,1,0,4,2,0,1,283847,0.6112347304845375,36551,0,1,0,0,1,0
36610,21,13113,10494,0,0,1,0,1,0,4,2,0,1,23607,1.24945212005717,36589,0,1,0,0,1,0
22,58402,5148,8398,0,0,0,1,0,0,4,2,0,1,13546,0.6129301107274675,58380,1,0,0,1,0,1
7757,25,69446,285808,0,0,0,0,1,0,5,2,0,1,355254,0.24298045198016857,7732,0,1,0,0,1,0
54761,53,19098,30399,0,0,1,0,1,0,5,2,0,1,49497,0.6282236842105263,54708,0,1,1,0,1,0
1433,3306,83388,200431,0,0,0,0,0,1,5,2,0,1,283819,0.41604135068252573,1873,0,0,0,0,1,1
64490,53,38742,60681,1,0,1,0,0,1,6,2,0,0,99423,0.6384430308823045,64437,0,1,1,0,1,0
40271,3389,6193,13247,0,0,0,0,1,0,6,2,0,0,19440,0.4674667874396135,36882,0,0,0,0,1,0
3389,53,122877,49541,0,0,1,0,1,0,6,2,0,0,172418,2.4802591740341526,3336,0,1,0,0,1,1
27836,3389,5464,22769,0,0,1,0,1,0,6,2,0,0,28233,0.23996486605182257,24447,0,0,0,0,1,0
62837,1433,59905,244513,1,0,1,0,1,0,6,2,0,0,304418,0.24499619653680363,61404,0,0,1,0,1,0
15257,445,171198,177575,0,0,0,0,1,0,7,2,0,0,348773,0.9640829841870523,14812,0,1,0,0,1,0
51483,3306,11904,1901,0,0,0,0,1,0,7,2,0,0,13805,6.2586750788643535,48177,0,0,1,0,1,0
61352,53,140027,305029,0,0,0,0,1,0,8,2,0,0,445056,0.4590597646133167,61299,0,1,1,0,1,0
11129,21,41613,92586,0,0,1,0,1,0,8,2,0,0,134199,0.4494475466318166,11108,0,1,0,0,1,0
23183,3306,86086,129246,0,0,0,0,1,0,8,2,0,0,215332,0.6660580129519448,19877,0,0,0,0,1,0
29422,445,5774,17924,0,0,0,0,1,0,8,2,0,0,23698,0.3221199442119944,28977,0,1,0,0,1,0
26775,1433,31035,96104,0,0,0,0,1,0,9,2,0,0,127139,0.32292804744810366,25342,0,0,0,0,1,0
14596,3389,2314,7959,1,0,1,0,1,0,9,2,0,0,10273,0.2907035175879397,11207,0,0,0,0,1,0
25,3389,340469,1025023,0,0,1,0,1,0,10,2,0,0,1365492,0.3321571007117882,3364,1,0,0,0,1,1
41985,53,877,1467,1,0,0,0,1,0,10,2,0,0,2344,0.5974114441416893,41932,0,1,0,0,1,0
3389,53,12486,27547,0,0,1,1,0,0,10,2,0,0,40033,0.45324524466385946,3336,0,1,0,0,1,1
21,3389,4960,5809,0,0,1,0,1,0,10,2,0,0,10769,0.8537005163511188,3368,1,0,0,0,1,1
2350,1433,64829,203868,0,0,0,0,1,0,10,2,0,0,268697,0.31799341734152814,917,0,0,0,0,1,0
3389,3389,478453,1804858,1,0,0,0,0,1,11,2,0,0,2283311,0.2650916221156334,0,0,0,0,0,1,1
50644,25,62809,108819,0,0,1,0,1,0,11,2,0,0,171628,0.5771825032163205,50619,0,1,1,0,1,0
443,80,2515680,10357970,0,0,1,0,0,1,11,2,0,0,12873650,0.2428738215235397,363,1,1,0,0,1,1
64826,445,2429,997,0,0,1,0,1,0,11,2,0,0,3426,2.4338677354709417,64381,0,1,1,0,1,0
25393,443,2746,5975,0,0,1,0,1,0,12,2,0,0,8721,0.45950468540829986,24950,0,1,0,0,1,0
56779,398,2696,5735,0,1,1,0,1,0,12,2,0,0,8431,0.4700139470013947,56381,0,1,1,0,0,0
35620,53,26742,11116,0,0,1,0,1,0,12,2,0,0,37858,2.4055050823063775,35567,0,1,0,0,1,0
1433,80,4259,17255,0,0,0,0,1,0,12,2,0,0,21514,0.24681270282800186,1353,0,1,0,0,1,1
58100,53,6616,13222,0,0,1,0,0,1,12,2,0,0,19838,0.5003403161158587,58047,0,1,1,0,1,0
32578,443,59443,217733,1,0,0,0,1,0,12,2,0,0,277176,0.2730074310856366,32135,0,1,0,0,1,0
59474,80,3033,9792,0,0,1,0,1,0,12,2,0,0,12825,0.3097110180741346,59394,0,1,1,0,1,0
47238,53,3593,6531,0,0,1,0,0,1,12,2,0,0,10124,0.5500612369871403,47185,0,1,0,0,1,0
52056,21,11641,34989,0,0,0,0,1,0,12,2,0,0,46630,0.33269505573020863,52035,0,1,1,0,1,0
30787,59513,13533,33814,0,0,1,0,1,0,13,2,0,0,47347,0.4002070087239391,28726,0,0,0,1,0,0
17567,1433,110860,391282,1,0,0,0,1,0,13,2,0,0,502142,0.28332434580597676,16134,0,0,0,0,1,0
39194,443,5213,7601,0,0,0,0,0,1,14,2,0,0,12814,0.6857405945803736,38751,0,1,0,0,1,0
64328,80,6957,22032,0,0,1,0,1,0,14,2,0,0,28989,0.3157536422638769,64248,0,1,1,0,1,0
25131,42986,55863,210565,0,0,1,0,1,0,15,2,0,0,266428,0.265299241093054,17855,0,0,0,0,0,0
51932,445,79398,239018,0,0,1,0,0,1,15,2,0,0,318416,0.33218279718348753,51487,0,1,1,0,1,0
23268,3306,216632,263821,1,0,1,0,1,0,15,2,0,0,480453,0.8211293978515818,19962,0,0,0,0,1,0
55383,445,46657,178282,0,0,0,0,1,0,15,2,0,0,224939,0.2617019009103504,54938,0,1,1,0,1,0
10096,3306,27135,74920,0,0,1,0,1,0,15,2,0,0,102055,0.36218149784439607,6790,0,0,0,0,1,0
22,3389,55274,10409,0,0,0,0,1,0,15,2,0,0,65683,5.309702209414025,3367,1,0,0,0,1,1
32283,80,14359,52539,0,0,0,0,1,0,16,2,0,0,66898,0.2732965359725923,32203,0,1,0,0,1,0
47294,443,14191,19178,0,0,1,0,0,1,16,2,0,0,33369,0.739923875071693,46851,0,1,0,0,1,0
29767,21,1288,4361,0,0,1,0,1,0,16,2,0,0,5649,0.29527739569005046,29746,0,1,0,0,1,0
62916,53,91992,369119,0,0,1,0,1,0,16,2,0,0,461111,0.24921976592977893,62863,0,1,1,0,1,0
44457,80,30894,124163,0,0,0,0,1,0,16,2,0,0,155057,0.24881608195612254,44377,0,1,0,0,1,0
32499,22,76363,22918,0,0,0,0,1,0,17,2,0,0,99281,3.3318643919891793,32477,0,1,0,0,1,0
2270,1433,243,289,0,0,0,0,1,0,17,2,0,0,532,0.8379310344827586,837,0,0,0,0,1,0
54054,1433,20427,44954,0,0,1,0,0,1,18,2,0,0,65381,0.45438772105438774,52621,0,0,1,0,1,0
3306,53,5600,14600,0,0,1,0,1,0,18,2,0,0,20200,0.38353537428943224,3253,0,1,0,0,1,1
25027,3389,243331,485263,0,0,0,0,1,0,18,2,0,0,728594,0.5014404530317518,21638,0,0,0,0,1,0
18598,53,58849,14097,0,0,0,0,1,0,18,2,0,0,72946,4.174280039721946,18545,0,1,0,0,1,0
4007,80,32041,100466,0,0,1,0,1,0,18,2,0,0,132507,0.31892064060835895,3927,0,1,0,0,1,0
25,445,11035,29023,0,0,1,0,1,0,18,2,0,0,40058,0.38020259095920617,420,1,1,0,0,1,1
25,22,41586,25244,0,0,1,0,0,1,19,2,0,0,66830,1.6472964943553179,3,1,1,0,0,1,1
6319,443,4988,16767,0,0,1,0,1,0,19,2,0,0,21755,0.29747137404580154,5876,0,1,0,0,1,0
13651,25,18777,71875,0,0,0,0,0,1,19,2,0,0,90652,0.26124158272580555,13626,0,1,0,0,1,0
25512,80,8730,17477,0,0,1,0,1,0,19,2,0,0,26207,0.49948506694129763,25432,0,1,0,0,1,0
22,24439,827681,105852,0,0,1,0,1,0,19,2,0,0,933533,7.819154865709994,24417,1,0,0,0,0,1
62302,80,231403,585022,1,0,1,0,1,0,19,2,0,0,816425,0.3955451324135974,62222,0,1,1,0,1,0
25175,21,120677,106399,0,0,0,0,1,0,19,2,0,0,227076,1.1341823308270678,25154,0,1,0,0,1,0
32296,443,2029,6002,0,0,0,0,0,1,20,2,0,0,8031,0.3379976678327503,31853,0,1,0,0,1,0
9740,53,87785,351991,0,0,0,0,1,0,20,2,0,0,439776,0.24939487261074114,9687,0,1,0,0,1,0
12127,3389,29740,20803,0,0,0,0,1,0,20,2,0,0,50543,1.4295327821572774,8738,0,0,0,0,1,0
60042,3306,155988,567928,0,0,1,0,0,1,20,2,0,0,723916,0.2746610932000303,56736,0,0,1,0,1,0
21384,3306,36895,6887,0,0,0,0,1,0,21,2,0,0,43782,5.356416957026713,18078,0,0,0,0,1,0
443,1433,21790,88733,0,0,1,0,0,1,21,2,0,0,110523,0.24556539770550184,990,1,0,0,0,1,1
12573,25,32018,118401,0,0,0,0,1,0,22,2,0,1,150419,0.2704177294302461,12548,0,1,0,0,1,0
43408,21,1225,4418,0,0,1,0,1,0,22,2,0,1,5643,0.2772120389228332,43387,0,1,0,0,1,0
29080,3389,6452,1221,0,0,1,0,0,1,22,2,0,1,7673,5.279869067103109,25691,0,0,0,0,1,0
32219,21,40028,6454,0,0,1,0,1,0,23,2,0,1,46482,6.201084430673896,32198,0,1,0,0,1,0
30799,25,136355,472618,0,0,1,0,0,1,23,2,0,1,608973,0.28850934896819636,30774,0,1,0,0,1,0
11630,21,9128,26265,0,0,1,0,1,0,23,2,0,1,35393,0.34752151069824105,11609,0,1,0,0,1,0
9640,3389,20634,47387,1,0,1,0,0,1,23,2,0,1,68021,0.4354266903013421,6251,0,0,0,0,1,0
42440,43260,1700,5694,0,0,1,0,1,0,23,2,0,1,7394,0.29850746268656714,820,0,0,0,0,0,0
22479,53,227498,643960,1,0,1,0,1,0,0,3,0,1,871458,0.3532791582098916,22426,0,1,0,0,1,0
445,60871,130873,501115,0,0,1,0,0,1,0,3,0,1,631988,0.2611630839965198,60426,1,0,0,1,0,1
21,25,62527,78736,0,0,0,0,1,0,0,3,0,1,141263,0.7941247444022506,4,1,1,0,0,1,1
11552,21,42230,126934,0,0,0,0,1,0,0,3,0,1,169164,0.33268995942805374,11531,0,1,0,0,1,0
2617,445,264098,819994,0,0,1,0,0,1,0,3,0,1,1084092,0.32207269556521684,2172,0,1,0,0,1,0
61460,25,6075,6824,0,0,0,0,1,0,0,3,0,1,12899,0.8901098901098901,61435,0,1,1,0,1,0
41082,53,5109,21257,0,0,0,0,0,1,0,3,0,1,26366,0.24033305108664973,41029,0,1,0,0,1,0
25450,3389,120382,414285,0,0,1,0,1,0,1,3,0,1,534667,0.29057704098135106,22061,0,0,0,0,1,0
54307,21,108109,39501,0,0,1,0,1,0,1,3,0,1,147610,2.7367981368031997,54286,0,1,1,0,1,0
445,443,59209,162858,0,1,0,0,1,0,1,3,0,1,222067,0.36355988922933336,2,1,1,0,0,1,1
64618,25,9412,35101,0,0,0,0,1,0,1,3,0,1,44513,0.2681328699219418,64593,0,1,1,0,1,0
32085,1433,328584,103713,0,0,1,0,1,0,2,3,0,1,432297,3.1681740170083112,30652,0,0,0,0,1,0
33400,3306,42559,43061,0,0,1,0,1,0,2,3,0,1,85620,0.9883191677116715,30094,0,0,0,0,1,0
33208,25,77610,137264,1,0,1,0,1,0,2,3,0,1,214874,0.5654026882307944,33183,0,1,0,0,1,0
38341,445,3447,9915,0,0,1,0,1,0,2,3,0,1,13362,0.34762000806776927,37896,0,1,0,0,1,0
34277,3306,62983,229287,0,0,0,0,1,0,2,3,0,1,292270,0.2746894735005757,30971,0,0,0,0,1,0
37166,1433,2272,7963,0,0,1,0,0,1,3,3,0,1,10235,0.28528377699648416,35733,0,0,0,0,1,0
6316,1433,927,1465,1,0,1,0,1,0,3,3,0,1,2392,0.6323328785811733,4883,0,0,0,0,1,0
23988,22,70468,49798,0,0,0,0,1,0,3,3,0,1,120266,1.4150484949496978,23966,0,1,0,0,1,0
55168,22,218624,573203,0,0,0,0,0,1,3,3,0,1,791827,0.38140696854871914,55146,0,1,1,0,1,0
24881,22,14675,36158,0,0,0,0,1,0,3,3,0,1,50833,0.4058464006194862,24859,0,1,0,0,1,0
11657,445,9186,34063,0,0,0,1,0,0,4,3,0,1,43249,0.26966885861907,11212,0,1,0,0,1,0
46974,633,720,1492,0,1,1,0,1,0,4,3,0,1,2212,0.4822505023442733,46341,0,1,0,0,0,0
20416,53,16128,36475,0,0,1,0,1,0,4,3,0,1,52603,0.44215374492817194,20363,0,1,0,0,1,0
18238,1433,19826,31487,0,0,1,0,1,0,4,3,0,1,51313,0.6296366869918699,16805,0,0,0,0,1,0
8918,25,331151,237171,0,0,0,0,1,0,5,3,0,1,568322,1.3962482923785269,8893,0,1,0,0,1,0
2553,3306,12509,6725,0,0,0,0,1,0,5,3,0,1,19234,1.859797799583705,753,0,0,0,0,1,0
23299,80,7735,27115,0,0,0,0,0,1,5,3,0,1,34850,0.28525593745390176,23219,0,1,0,0,1,0
61589,53,81211,243960,0,0,1,0,1,0,5,3,0,1,325171,0.33288517426965786,61536,0,1,1,0,1,0
8913,80,7051,27121,0,0,0,0,1,0,5,3,0,1,34172,0.259973453285156,8833,0,1,0,0,1,0
11403,3389,17476,21993,1,0,1,0,1,0,5,3,0,1,39469,0.7945803400927526,8014,0,0,0,0,1,0
80,80,2668,3604,0,1,1,0,1,0,5,3,0,1,6272,0.7400832177531207,0,1,1,0,0,1,1
445,61,122,464,1,1,1,0,1,0,6,3,0,0,586,0.2623655913978495,384,1,1,0,0,0,1
7472,3306,24562,64497,1,0,0,0,0,1,6,3,0,0,89059,0.38081800986077086,4166,0,0,0,0,1,0
23923,22,103655,235372,0,0,0,0,1,0,6,3,0,0,339027,0.44038611055643595,23901,0,1,0,0,1,0
35380,25,86821,332296,0,0,1,0,1,0,6,3,0,0,419117,0.2612753049230056,35355,0,1,0,0,1,0
7774,445,53232,223118,0,0,1,0,1,0,7,3,0,0,276350,0.23858120554502307,7329,0,1,0,0,1,0
15579,3306,41390,69659,0,0,0,0,0,1,7,3,0,0,111049,0.5941716910709158,12273,0,0,0,0,1,0
40556,22,19590,77135,1,0,0,1,0,0,7,3,0,0,96725,0.2539670192906036,40534,0,1,0,0,1,0
2376,22,58412,97500,0,0,1,0,1,0,7,3,0,0,155912,0.5990912913713705,2354,0,1,0,0,1,0
27841,445,3715,11537,0,0,0,1,0,0,7,3,0,0,15252,0.3219795458485006,27396,0,1,0,0,1,0
41108,22,513,1415,1,0,1,0,0,1,7,3,0,0,1928,0.3622881355932203,41086,0,1,0,0,1,0
3306,22,141360,265521,0,0,0,0,0,1,7,3,0,0,406881,0.5323852637446238,3284,0,1,0,0,1,1
51666,25,64773,248022,0,0,0,0,1,0,7,3,0,0,312795,0.2611572313857989,51641,0,1,1,0,1,0
57368,21,17976,61687,0,0,0,0,1,0,8,3,0,0,79663,0.2914018933990403,57347,0,1,1,0,1,0
49646,22,122920,89906,0,0,1,0,1,0,8,3,0,0,212826,1.3671905413371594,49624,0,1,1,0,1,0
7660,3389,6833,16355,1,0,1,0,1,0,8,3,0,0,23188,0.4177671802396674,4271,0,0,0,0,1,0
36482,21,7123,22758,1,0,1,0,1,0,9,3,0,0,29881,0.3129750867788567,36461,0,1,0,0,1,0
14853,443,5706,1152,0,0,1,0,1,0,9,3,0,0,6858,4.9488291413703385,14410,0,1,0,0,1,0
6467,21,54622,75863,0,0,1,0,1,0,9,3,0,0,130485,0.7199989454813878,6446,0,1,0,0,1,0
44532,25,1749,816,1,0,1,0,0,1,9,3,0,0,2565,2.1407588739290087,44507,0,1,0,0,1,0
31264,3389,6456,3413,0,0,1,0,1,0,9,3,0,0,9869,1.89103690685413,27875,0,0,0,0,1,0
53852,21,35015,29183,1,0,1,0,1,0,10,3,0,0,64198,1.1998012609649122,53831,0,1,1,0,1,0
18670,3389,3207,4176,0,0,1,0,1,0,10,3,0,0,7383,0.7677759157289921,15281,0,0,0,0,1,0
19705,25,7657,25288,0,0,0,0,0,1,10,3,0,0,32945,0.30277986476333585,19680,0,1,0,0,1,0
22,22,640,761,1,1,1,0,0,1,10,3,0,0,1401,0.8398950131233596,0,1,1,0,0,1,1
21,1433,58063,140358,0,0,0,0,1,0,10,3,0,0,198421,0.41367493356322005,1412,1,0,0,0,1,1
52242,29635,7328,28185,0,0,1,0,1,0,10,3,0,0,35513,0.25998722770169586,22607,0,0,1,0,0,0
445,22,3793,6184,0,0,1,0,1,0,10,3,0,0,9977,0.6132578819725142,423,1,1,0,0,1,1
43116,1433,2773,7454,0,0,1,0,1,0,11,3,0,0,10227,0.37196512407780014,41683,0,0,0,0,1,0
15540,22,11280,6338,0,0,1,0,1,0,12,3,0,0,17618,1.7794604827259821,15518,0,1,0,0,1,0
31997,80,1757,6490,0,0,1,0,0,1,12,3,0,0,8247,0.2706824834386073,31917,0,1,0,0,1,0
5722,22,492774,1853367,0,0,0,0,0,1,12,3,0,0,2346141,0.2658802784983878,5700,0,1,0,0,1,0
21475,1433,485,1084,0,0,0,0,1,0,12,3,0,0,1569,0.4470046082949309,20042,0,0,0,0,1,0
41431,21,10710,5321,0,0,1,0,1,0,13,3,0,0,16031,2.012401352874859,41410,0,1,0,0,1,0
31100,1433,26135,78764,0,0,1,0,1,0,13,3,0,0,104899,0.3318098140036818,29667,0,0,0,0,1,0
51397,3306,6370,24038,1,0,0,0,1,0,13,3,0,0,30408,0.26498606431215943,48091,0,0,1,0,1,0
65246,443,30927,27404,0,0,1,0,1,0,13,3,0,0,58331,1.1285166940339355,64803,0,1,1,0,1,0
37637,53,6128,610,0,0,0,0,1,0,13,3,0,0,6738,10.029459901800328,37584,0,1,0,0,1,0
12520,1433,254778,224785,0,0,1,0,0,1,13,3,0,0,479563,1.1334246794729208,11087,0,0,0,0,1,0
53,445,3676,7700,0,0,1,0,1,0,14,3,0,0,11376,0.4773406051162187,392,1,1,0,0,1,1
19563,53,511,1308,0,0,1,0,1,0,14,3,0,0,1819,0.39037433155080214,19510,0,1,0,0,1,0
1433,443,2758,1732,0,0,1,0,0,1,14,3,0,0,4490,1.591459896133872,990,0,1,0,0,1,1
32192,443,40879,105628,0,0,0,0,1,0,14,3,0,0,146507,0.38700546251502904,31749,0,1,0,0,1,0
24299,21,18239,49942,1,0,1,0,1,0,14,3,0,0,68181,0.3651963238091424,24278,0,1,0,0,1,0
80,1433,73380,93005,0,0,1,0,1,0,14,3,0,0,166385,0.7889813560415457,1353,1,0,0,0,1,1
25439,15784,49157,77805,0,0,1,0,1,0,14,3,0,0,126962,0.6317893221602447,9655,0,0,0,0,0,0
21185,3389,7958,1459,0,0,1,0,1,0,15,3,0,0,9417,5.450684931506849,17796,0,0,0,0,1,0
28540,3306,10071,33360,1,0,1,0,1,0,16,3,0,0,43431,0.30187944006474626,25234,0,0,0,0,1,0
12438,25,11890,16886,0,0,1,0,1,0,17,3,0,0,28776,0.7040919050156925,12413,0,1,0,0,1,0
55979,53,449078,1815781,0,0,1,0,1,0,17,3,0,0,2264859,0.2473193367926326,55926,0,1,1,0,1,0
56368,53,66523,224355,1,0,0,0,1,0,17,3,0,0,290878,0.29650644511401525,56315,0,1,1,0,1,0
23382,443,454384,1021996,0,0,0,0,0,1,18,3,0,0,1476380,0.4446040448259633,22939,0,1,0,0,1,0
56763,25,84562,209829,0,0,1,0,1,0,18,3,0,0,294391,0.40300243053900775,56738,0,1,1,0,1,0
5846,80,19895,79529,0,0,1,0,0,1,18,3,0,0,99424,0.2501571733936879,5766,0,1,0,0,1,0
27156,443,4311,2660,0,0,1,0,1,0,18,3,0,0,6971,1.6200676437429538,26713,0,1,0,0,1,0
61143,3389,30407,39488,0,0,1,0,1,0,18,3,0,0,69895,0.7700119020486718,57754,0,0,1,0,1,0
9706,443,19982,20213,0,0,0,0,1,0,18,3,0,0,40195,0.9885228059760562,9263,0,1,0,0,1,0
61519,21,18961,16735,0,0,1,0,1,0,18,3,0,0,35696,1.1329469407265775,61498,0,1,1,0,1,0
54318,3389,15763,54369,0,0,1,0,1,0,19,3,0,0,70132,0.28992091226779476,50929,0,0,1,0,1,0
3389,443,825,2987,0,0,1,0,1,0,19,3,0,0,3812,0.2761044176706827,2946,0,1,0,0,1,1
61782,445,165602,470598,0,0,1,0,1,0,19,3,0,0,636200,0.35189620037441643,61337,0,1,1,0,1,0
9535,1433,20318,5951,1,0,1,0,0,1,19,3,0,0,26269,3.4136424731182795,8102,0,0,0,0,1,0
57716,80,2292,2382,0,0,1,0,0,1,19,3,0,0,4674,0.9618128409567772,57636,0,1,1,0,1,0
36522,25,47611,10555,0,0,1,0,1,0,19,3,0,0,58166,4.510325881015536,36497,0,1,0,0,1,0
43701,22,5600,5002,0,0,0,0,1,0,19,3,0,0,10602,1.119328402958225,43679,0,1,0,0,1,0
38784,21,54145,177462,0,0,1,0,1,0,19,3,0,0,231607,0.30510585305105853,38763,0,1,0,0,1,0
23851,1433,90278,337483,1,0,1,1,0,0,20,3,0,0,427761,0.2675030519965391,22418,0,0,0,0,1,0
21,3389,112579,282883,1,0,0,0,0,1,20,3,0,0,395462,0.39796877872202036,3368,1,0,0,0,1,1
53,21,17026,8009,0,0,0,0,0,1,20,3,0,0,25035,2.125593008739076,32,1,1,0,0,1,1
14139,16,7101,1339,0,1,0,0,1,0,20,3,0,0,8440,5.299253731343284,14123,0,1,0,0,0,0
15958,80,8096,17842,0,0,0,0,1,0,21,3,0,0,25938,0.45373535840385587,15878,0,1,0,0,1,0
39782,53,6932,25830,0,0,0,0,1,0,21,3,0,0,32762,0.2683597228136735,39729,0,1,0,0,1,0
27949,80,21427,50597,0,0,1,0,1,0,21,3,0,0,72024,0.4234752361753429,27869,0,1,0,0,1,0
3389,80,15757,62667,0,0,0,0,0,1,21,3,0,0,78424,0.25143613965660305,3309,0,1,0,0,1,1
7772,80,5881,13511,0,0,1,0,1,0,21,3,0,0,19392,0.435242747187685,7692,0,1,0,0,1,0
3389,25,3533,1860,0,0,0,0,0,1,21,3,0,0,5393,1.8984416980118215,3364,0,1,0,0,1,1
26121,22,18508,20729,0,0,1,0,1,0,21,3,0,0,39237,0.8928123492522914,26099,0,1,0,0,1,0
17574,1433,10995,5829,0,0,1,0,0,1,21,3,0,0,16824,1.885934819897084,16141,0,0,0,0,1,0
52585,3389,3546,611,0,0,1,0,1,0,21,3,0,0,4157,5.794117647058823,49196,0,0,1,0,1,0
10123,53,83192,198272,0,0,1,0,1,0,22,3,0,1,281464,0.41958310006909666,10070,0,1,0,0,1,0
54306,1433,375250,1199902,0,0,1,0,1,0,22,3,0,1,1575152,0.3127336126336879,52873,0,0,1,0,1,0
53183,21,102758,227524,0,0,1,0,1,0,22,3,0,1,330282,0.4516338863861114,53162,0,1,1,0,1,0
4680,445,6958,24384,0,0,1,0,1,0,22,3,0,1,31342,0.28533934795981136,4235,0,1,0,0,1,0
50509,22,20325,41352,0,0,1,0,1,0,22,3,0,1,61677,0.49150001209102123,50487,0,1,1,0,1,0
37126,53,259026,238761,0,0,1,0,1,0,23,3,0,1,497787,1.0848711268962399,37073,0,1,0,0,1,0
33502,1433,3368,10020,0,0,1,0,1,0,23,3,0,1,13388,0.33609420217543157,32069,0,0,0,0,1,0
53,3389,77045,102020,0,0,1,0,1,0,23,3,0,1,179065,0.7551876574430755,3336,1,0,0,0,1,1
21627,21,2171,6711,0,0,1,0,1,0,23,3,0,1,8882,0.32345053635280097,21606,0,1,0,0,1,0
443,445,325937,642310,0,0,1,0,0,1,23,3,0,1,968247,0.507444213161537,2,1,1,0,0,1,1
32438,443,11064,28572,1,0,1,0,0,1,23,3,0,1,39636,0.3872187029713366,31995,0,1,0,0,1,0
1474,80,779548,1608321,0,0,1,0,1,0,23,3,0,1,2387869,0.48469647247255215,1394,0,1,0,0,1,0
34754,1433,349724,1283092,0,0,1,0,1,0,23,3,0,1,1632816,0.27256325145566224,33321,0,0,0,0,1,0
2029,3389,18577,6416,0,0,1,0,1,0,0,4,0,1,24993,2.894966495247,1360,0,0,0,0,1,0
23408,3306,6967,6699,0,0,1,0,1,0,0,4,0,1,13666,1.0398507462686568,20102,0,0,0,0,1,0
3608,21,30080,51337,0,0,1,0,1,0,0,4,0,1,81417,0.5859207604503487,3587,0,1,0,0,1,0
1433,21,16510,49662,0,0,1,0,1,0,0,4,0,1,66172,0.3324406499808711,1412,0,1,0,0,1,1
11750,25,11585,34516,0,0,1,0,1,0,0,4,0,1,46101,0.3356317177043196,11725,0,1,0,0,1,0
3306,80,1551,3062,0,0,1,0,1,0,0,4,0,1,4613,0.5063663075416258,3226,0,1,0,0,1,1
31518,1433,9669,10026,0,0,1,0,1,0,0,4,0,1,19695,0.964296399720754,30085,0,0,0,0,1,0
33190,3389,3726,13136,0,0,1,0,1,0,1,4,0,1,16862,0.28362639872116924,29801,0,0,0,0,1,0
53,1433,53243,122195,0,0,1,0,1,0,1,4,0,1,175438,0.4357180267766539,1380,1,0,0,0,1,1
22342,1433,107550,366116,0,0,1,0,1,0,1,4,0,1,473666,0.2937585525938429,20909,0,0,0,0,1,0
54739,80,72048,301839,0,0,1,0,1,0,1,4,0,1,373887,0.23869599787967136,54659,0,1,1,0,1,0
5052,22,38093,77892,0,0,0,0,1,0,1,4,0,1,115985,0.4890426610863621,5030,0,1,0,0,1,0
5057,53,5627,2752,0,0,0,0,1,0,1,4,0,1,8379,2.0439520523065746,5004,0,1,0,0,1,0
47681,80,30596,97690,0,0,1,0,0,1,1,4,0,1,128286,0.3131915939032255,47601,0,1,0,0,1,0
6007,80,78309,112594,0,0,1,0,1,0,2,4,0,1,190903,0.695492695057507,5927,0,1,0,0,1,0
1433,80,8621,19715,0,0,1,0,1,0,3,4,0,1,28336,0.43725907892067356,1353,0,1,0,0,1,1
35956,1433,26645,21818,0,0,1,0,1,0,3,4,0,1,48463,1.2211833722902057,34523,0,0,0,0,1,0
3389,1433,17452,6675,0,0,1,0,1,0,3,4,0,1,24127,2.614140203714799,1956,0,0,0,0,1,1
25,443,314829,1292009,0,0,1,0,1,0,3,4,0,1,1606838,0.24367381057422155,418,1,1,0,0,1,1
21,443,86032,155764,0,0,1,0,1,0,3,4,0,1,241796,0.5523191987930537,422,1,1,0,0,1,1
2996,443,58375,196547,1,0,1,0,0,1,3,4,0,1,254922,0.29700124142703055,2553,0,1,0,0,1,0
64257,53,1412,1745,0,0,1,0,1,0,3,4,0,1,3157,0.8087056128293242,64204,0,1,1,0,1,0
26940,443,29043,23974,1,0,1,0,0,1,3,4,0,1,53017,1.2113868613138685,26497,0,1,0,0,1,0
37479,445,17188,41563,0,0,1,0,1,0,3,4,0,1,58751,0.41353094023674336,37034,0,1,0,0,1,0
43391,21,16952,19481,0,0,1,1,0,0,4,4,0,1,36433,0.8701365362899086,43370,0,1,0,0,1,0
445,3389,1805,4267,0,0,0,0,1,0,4,4,0,1,6072,0.4229147141518276,2944,1,0,0,0,1,1
15308,53,3864,12984,0,0,1,0,0,1,4,4,0,1,16848,0.29757412398921834,15255,0,1,0,0,1,0
60653,1433,19755,37491,0,0,1,0,1,0,4,4,0,1,57246,0.5269124079803691,59220,0,0,1,0,1,0
14171,443,131002,298733,0,0,1,0,1,0,4,4,0,1,429735,0.4385239042090957,13728,0,1,0,0,1,0
3389,21,8562,26114,0,0,1,0,1,0,4,4,0,1,34676,0.32785755313038484,3368,0,1,0,0,1,1
3718,1433,11615,25936,1,0,1,0,0,1,4,4,0,1,37551,0.44781586151058334,2285,0,0,0,0,1,0
23072,3306,380692,706362,1,0,0,0,0,1,4,4,0,1,1087054,0.5389466888837608,19766,0,0,0,0,1,0
3306,1433,13699,7727,0,0,0,0,1,0,5,4,0,1,21426,1.772644927536232,1873,0,0,0,0,1,1
48664,3306,17924,23526,0,0,1,0,0,1,5,4,0,1,41450,0.7618480894291665,45358,0,0,0,0,1,0
59706,3666,18317,10663,0,0,0,0,1,0,5,4,0,1,28980,1.7176481620405102,56040,0,0,1,0,0,0
13504,80,2558,8065,0,0,1,0,1,0,5,4,0,1,10623,0.3171336474088768,13424,0,1,0,0,1,0
8527,445,54988,83441,0,0,1,0,1,0,5,4,0,1,138429,0.6589966683444788,8082,0,1,0,0,1,0
47446,1433,7749,2571,0,0,1,0,1,0,6,4,0,0,10320,3.0128304821150858,46013,0,0,0,0,1,0
18912,53,20991,74857,0,0,1,0,0,1,6,4,0,0,95848,0.2804109113254428,18859,0,1,0,0,1,0
1688,3306,44846,21533,0,0,0,0,1,0,6,4,0,0,66379,2.08256710318566,1618,0,0,0,0,1,0
1433,22,492915,601745,0,0,1,0,1,0,6,4,0,0,1094660,0.8191412988204325,1411,0,1,0,0,1,1
35374,25,2674,3473,0,0,0,0,1,0,6,4,0,0,6147,0.7697179044329303,35349,0,1,0,0,1,0
42705,3389,87901,30246,0,0,1,0,1,0,6,4,0,0,118147,2.9061063907164346,39316,0,0,0,0,1,0
4410,53,88429,160956,0,0,1,0,1,0,6,4,0,0,249385,0.5493951800791516,4357,0,1,0,0,1,0
61767,22,7933,3234,0,0,0,0,1,0,7,4,0,0,11167,2.452241112828439,61745,0,1,1,0,1,0
3687,445,57480,74069,0,0,0,0,1,0,7,4,0,0,131549,0.7760226812474686,3242,0,1,0,0,1,0
24762,21,305436,1018897,0,0,0,0,0,1,7,4,0,0,1324333,0.29977092898405927,24741,0,1,0,0,1,0
38226,1433,6477,1822,0,1,1,1,0,0,8,4,0,0,8299,3.552934722984092,36793,0,0,0,0,1,0
21,53,32414,12629,0,0,1,0,1,0,8,4,0,0,45043,2.5664291369754553,32,1,1,0,0,1,1
445,3389,42094,62524,0,0,1,0,1,0,8,4,0,0,104618,0.673234706117553,2944,1,0,0,0,1,1
64632,53,51776,125395,1,0,1,0,1,0,8,4,0,0,177171,0.4128999330122173,64579,0,1,1,0,1,0
26813,1433,75422,30887,1,0,0,0,1,0,8,4,0,0,106309,2.4417896917896917,25380,0,0,0,0,1,0
28628,445,28741,13263,0,0,1,0,1,0,8,4,0,0,42004,2.166842581423402,28183,0,1,0,0,1,0
57853,22,50086,43935,0,0,1,0,1,0,8,4,0,0,94021,1.139976329206118,57831,0,1,1,0,1,0
53,21,5123,590,1,0,1,0,1,0,9,4,0,0,5713,8.668358714043993,32,1,1,0,0,1,1
443,21,28635,23218,0,0,1,0,0,1,9,4,0,0,51853,1.2332572462207674,422,1,1,0,0,1,1
56270,3389,10278,36299,0,0,1,0,1,0,9,4,0,0,46577,0.28314049586776857,52881,0,0,1,0,1,0
1043,3306,3078,8358,0,0,1,0,1,0,10,4,0,0,11436,0.36822586433783944,2263,0,0,0,0,1,0
445,21,9753,6945,0,0,0,0,0,1,10,4,0,0,16698,1.4041174776849985,424,1,1,0,0,1,1
49500,443,33898,27082,0,0,1,0,1,0,11,4,0,0,60980,1.2516338662629694,49057,0,1,1,0,1,0
17294,25,44235,81239,0,0,1,0,1,0,11,4,0,0,125474,0.5444977843426884,17269,0,1,0,0,1,0
53,3306,2894,2591,1,0,0,0,1,0,11,4,0,0,5485,1.1165123456790123,3253,1,0,0,0,1,1
15296,21,4913,19482,1,0,1,1,0,0,11,4,0,0,24395,0.25216855720371606,15275,0,1,0,0,1,0
54021,25,70224,154751,0,0,1,0,1,0,11,4,0,0,224975,0.45378411910669975,53996,0,1,1,0,1,0
62906,21,49664,16987,1,0,0,0,0,1,12,4,0,0,66651,2.923475394396044,62885,0,1,1,0,1,0
46291,25,91068,244208,0,0,1,0,1,0,12,4,0,0,335276,0.37291008930874786,46266,0,1,0,0,1,0
30501,3389,196521,664658,0,0,1,0,1,0,12,4,0,0,861179,0.29567191597495857,27112,0,0,0,0,1,0
43509,25,52084,66672,0,0,1,0,1,0,12,4,0,0,118756,0.7811857873502017,43484,0,1,0,0,1,0
62629,3306,11342,12430,0,0,1,0,1,0,12,4,0,0,23772,0.9123964282841284,59323,0,0,1,0,1,0
38025,22,26469,15794,0,0,1,0,0,1,13,4,0,0,42263,1.6757834757834758,38003,0,1,0,0,1,0
62919,22,313588,1112203,0,0,1,0,1,0,13,4,0,0,1425791,0.2819518721385645,62897,0,1,1,0,1,0
1433,443,1836034,7472287,0,0,1,0,1,0,13,4,0,0,9308321,0.24571242436051716,990,0,1,0,0,1,1
37108,445,46210,102136,1,0,1,0,1,0,14,4,0,0,148346,0.4524315380322508,36663,0,1,0,0,1,0
12242,608,20296,21954,0,1,1,0,0,1,14,4,0,0,42250,0.9244363470735596,11634,0,1,0,0,0,0
32172,443,70342,237462,0,0,1,0,1,0,14,4,0,0,307804,0.2962229905290508,31729,0,1,0,0,1,0
27853,1433,22881,33783,0,0,0,0,0,1,14,4,0,0,56664,0.6772732654511011,26420,0,0,0,0,1,0
30535,1433,141799,569043,0,0,1,0,1,0,14,4,0,0,710842,0.24918811199133986,29102,0,0,0,0,1,0
4816,443,110511,335195,1,0,1,0,1,0,14,4,0,0,445706,0.32969068843303617,4373,0,1,0,0,1,0
49311,443,38832,148667,1,0,0,0,1,0,14,4,0,0,187499,0.26119945112599885,48868,0,1,1,0,1,0
46728,1433,13242,8794,0,0,1,0,1,0,15,4,0,0,22036,1.5056281978396817,45295,0,0,0,0,1,0
60081,25,1933,1529,0,0,1,0,1,0,15,4,0,0,3462,1.2633986928104575,60056,0,1,1,0,1,0
35014,445,71101,99363,0,0,1,0,1,0,15,4,0,0,170464,0.7155609677549213,34569,0,1,0,0,1,0
3389,3306,30963,94493,0,0,0,0,1,0,15,4,0,0,125456,0.3276715981967109,83,0,0,0,0,1,1
445,22,6765,10619,1,0,1,1,0,0,16,4,0,0,17384,0.6370056497175142,423,1,1,0,0,1,1
30271,445,3612,10017,0,0,0,0,1,0,16,4,0,0,13629,0.36055100818526653,29826,0,1,0,0,1,0
53,22,63468,106805,0,0,0,0,1,0,16,4,0,0,170273,0.5942362788607382,31,1,1,0,0,1,1
3306,80,1699,1742,0,0,1,0,1,0,16,4,0,0,3441,0.9747561675272519,3226,0,1,0,0,1,1
24020,445,35575,144382,0,0,1,0,1,0,16,4,0,0,179957,0.24639327344631987,23575,0,1,0,0,1,0
42455,25,84938,153728,0,0,1,0,1,0,17,4,0,0,238666,0.5525177422607316,42430,0,1,0,0,1,0
11175,22,53094,42269,0,0,1,0,1,0,17,4,0,0,95363,1.256068133427963,11153,0,1,0,0,1,0
39916,25,11787,24197,0,0,1,0,1,0,17,4,0,0,35984,0.48710637242747334,39891,0,1,0,0,1,0
53,445,2983,6191,0,0,1,0,1,0,17,4,0,0,9174,0.481750645994832,392,1,1,0,0,1,1
63395,53,19461141,29038238,0,1,1,0,1,0,17,4,0,0,48499379,0.6701901241325274,63342,0,1,1,0,1,0
53,3306,150367,517608,0,0,1,0,1,0,17,4,0,0,667975,0.29050306312293644,3253,1,0,0,0,1,1
443,445,8809,2903,1,0,0,0,1,0,17,4,0,0,11712,3.0334022038567494,2,1,1,0,0,1,1
22656,22,49565,190740,0,0,1,0,1,0,18,4,0,0,240305,0.25985498660487255,22634,0,1,0,0,1,0
38206,53,276626,182874,0,0,1,0,1,0,18,4,0,0,459500,1.5126507177033492,38153,0,1,0,0,1,0
31772,22,37879,61690,0,0,1,0,1,0,18,4,0,0,99569,0.6140117683292539,31750,0,1,0,0,1,0
31251,443,11672,28657,0,0,1,0,1,0,18,4,0,0,40329,0.4072859236513364,30808,0,1,0,0,1,0
59555,445,116467,64564,0,0,1,0,1,0,18,4,0,0,181031,1.8038720669093162,59110,0,1,1,0,1,0
3389,53,6767,25244,1,0,1,0,1,0,18,4,0,0,32011,0.2680530798177857,3336,0,1,0,0,1,1
40334,21,2759,1454,0,0,0,0,1,0,19,4,0,0,4213,1.8962199312714776,40313,0,1,0,0,1,0
51049,22,80798,212096,0,0,1,0,1,0,19,4,0,0,292894,0.38094833967477143,51027,0,1,1,0,1,0
50153,445,11500,8480,0,0,1,0,1,0,19,4,0,0,19980,1.3559721730927956,49708,0,1,1,0,1,0
80,443,13274,28372,0,0,1,0,1,0,19,4,0,0,41646,0.4678391428470729,363,1,1,0,0,1,1
17668,3306,8077,18646,0,0,1,0,1,0,20,4,0,0,26723,0.43315278597093365,14362,0,0,0,0,1,0
80,445,10337,14308,1,0,1,0,1,0,20,4,0,0,24645,0.7224124676776854,365,1,1,0,0,1,1
19179,443,207908,698920,1,0,1,0,1,0,20,4,0,0,906828,0.29746995726269493,18736,0,1,0,0,1,0
46166,445,314896,828130,0,0,1,0,1,0,20,4,0,0,1143026,0.38024901857314847,45721,0,1,0,0,1,0
57925,25,389245,287653,0,0,1,0,1,0,21,4,0,0,676898,1.3531708232807471,57900,0,1,1,0,1,0
2006,53,126019,207485,0,0,1,0,1,0,21,4,0,0,333504,0.6073614605322769,1953,0,1,0,0,1,0
53028,3389,46445,160634,1,0,1,0,1,0,22,4,0,1,207079,0.28913375042798894,49639,0,0,1,0,1,0
445,53,2226,4985,0,0,0,0,1,0,23,4,0,1,7211,0.4464500601684717,392,1,1,0,0,1,1
19529,3389,16316,19110,0,0,1,0,1,0,23,4,0,1,35426,0.8537491497043588,16140,0,0,0,0,1,0
45528,25,694402,1499835,0,0,0,0,1,0,0,5,1,1,2194237,0.4629852863913121,45503,0,1,0,0,1,0
2303,80,10970,26691,1,0,1,0,1,0,0,5,1,1,37661,0.4109845646635696,2223,0,1,0,0,1,0
63818,3389,248359,79033,1,0,0,0,0,1,1,5,1,1,327392,3.1424323708783564,60429,0,0,1,0,1,0
51394,3389,24054,64783,0,0,1,0,1,0,1,5,1,1,88837,0.3712953815756977,48005,0,0,1,0,1,0
52960,3389,303,1110,0,0,1,0,1,0,1,5,1,1,1413,0.2727272727272727,49571,0,0,1,0,1,0
41488,53,61376,225944,0,0,1,0,1,0,2,5,1,1,287320,0.27164132864192614,41435,0,1,0,0,1,0
48964,25,167043,116288,1,0,1,0,0,1,2,5,1,1,283331,1.4364471274153188,48939,0,1,0,0,1,0
7976,25,20365,72349,0,0,1,0,0,1,2,5,1,1,92714,0.2814789219073946,7951,0,1,0,0,1,0
60035,1433,158400,123036,0,0,1,0,1,0,3,5,1,1,281436,1.287417606085974,58602,0,0,1,0,1,0
52527,22,1527,5974,0,0,1,0,0,1,3,5,1,1,7501,0.25556485355648534,52505,0,1,1,0,1,0
37534,3306,2399,2014,0,0,1,0,1,0,3,5,1,1,4413,1.1905707196029778,34228,0,0,0,0,1,0
52947,22,30570,87921,0,0,1,0,1,0,3,5,1,1,118491,0.3476945474397762,52925,0,1,1,0,1,0
16798,1433,47258,61777,1,0,0,0,1,0,3,5,1,1,109035,0.7649648742270712,15365,0,0,0,0,1,0
55468,443,193015,396577,0,0,1,0,1,0,3,5,1,1,589592,0.48670122901421664,55025,0,1,1,0,1,0
15273,53,61223,86497,0,1,1,0,1,0,3,5,1,1,147720,0.7077967120627067,15220,0,1,0,0,1,0
21,445,3262,2667,0,0,0,0,1,0,3,5,1,1,5929,1.22263868065967,424,1,1,0,0,1,1
63715,21,30973,92358,0,0,1,0,1,0,3,5,1,1,123331,0.33535443216145694,63694,0,1,1,0,1,0
48743,1433,57593,97428,0,0,1,0,1,0,3,5,1,1,155021,0.5911278982643772,47310,0,0,0,0,1,0
55129,80,1097,1829,1,0,1,0,0,1,4,5,1,1,2926,0.5994535519125683,55049,0,1,1,0,1,0
12215,17958,20541,49434,0,0,1,0,1,0,4,5,1,1,69975,0.4155153231516132,5743,0,0,0,0,0,0
48442,1433,12875,28883,1,0,1,0,1,0,5,5,1,1,41758,0.44574851128652543,47009,0,0,0,0,1,0
1433,445,7727,10976,0,0,1,0,1,0,5,5,1,1,18703,0.7039263915459597,988,0,1,0,0,1,1
28144,3389,48924,15114,0,0,1,0,1,0,6,5,1,0,64038,3.2367846510089313,24755,0,0,0,0,1,0
54328,80,3499,14146,0,0,1,0,1,0,6,5,1,0,17645,0.24733158973633987,54248,0,1,1,0,1,0
60803,53,42916,123584,0,0,0,0,0,1,6,5,1,0,166500,0.347258971558037,60750,0,1,1,0,1,0
20736,21,53916,122685,0,0,1,0,0,1,6,5,1,0,176601,0.4394633454509887,20715,0,1,0,0,1,0
3306,3306,124744,404109,0,0,0,0,0,1,6,5,1,0,528853,0.30868822845264904,0,0,0,0,0,1,1
54736,80,3650,2403,0,0,1,0,1,0,6,5,1,0,6053,1.5183028286189684,54656,0,1,1,0,1,0
28560,18283,1981,6901,0,0,0,0,1,0,7,5,1,0,8882,0.2870182555780933,10277,0,0,0,0,0,0
42842,443,34414,35838,0,0,0,0,1,0,7,5,1,0,70252,0.9602388459499428,42399,0,1,0,0,1,0
63502,80,13932,39257,0,0,1,0,1,0,7,5,1,0,53189,0.35488308115543327,63422,0,1,1,0,1,0
41203,443,2290407,3608188,0,0,1,0,1,0,7,5,1,0,5898595,0.6347802179985583,40760,0,1,0,0,1,0
52808,21,45871,31520,0,0,1,0,1,0,8,5,1,0,77391,1.4552520541860983,52787,0,1,1,0,1,0
58815,22,24174,81389,0,0,1,0,0,1,8,5,1,0,105563,0.2970143752303723,58793,0,1,1,0,1,0
64894,3306,16705,68772,0,0,0,0,1,0,8,5,1,0,85477,0.2429005569045992,61588,0,0,1,0,1,0
62404,3306,3137,3885,1,0,1,0,1,0,9,5,1,0,7022,0.8072568193515183,59098,0,0,1,0,1,0
26970,25,54296,141169,0,0,0,0,1,0,9,5,1,0,195465,0.384614294821846,26945,0,1,0,0,1,0
61984,80,19406,14080,1,0,1,0,1,0,9,5,1,0,33486,1.3781691641218663,61904,0,1,1,0,1,0
30981,80,19432,22637,0,0,0,0,0,1,9,5,1,0,42069,0.8583797155225726,30901,0,1,0,0,1,0
30882,22,25619,60194,0,0,0,0,1,0,9,5,1,0,85813,0.42560013290140375,30860,0,1,0,0,1,0
4018,22,31380,73130,0,0,1,0,1,0,9,5,1,0,104510,0.42909299749764124,3996,0,1,0,0,1,0
55816,25,1362,911,0,0,1,0,1,0,9,5,1,0,2273,1.493421052631579,55791,0,1,1,0,1,0
47180,3389,84055,318889,0,0,1,0,1,0,10,5,1,0,402944,0.2635861895951582,43791,0,0,0,0,1,0
35094,53,5685,4356,0,0,1,0,1,0,10,5,1,0,10041,1.3047968785861832,35041,0,1,0,0,1,0
48711,1433,17661,41259,0,0,1,0,0,1,10,5,1,0,58920,0.42804168686379057,47278,0,0,0,0,1,0
40428,3389,172378,141129,0,0,1,0,1,0,10,5,1,0,313507,1.2214128817402394,37039,0,0,0,0,1,0
42602,39243,379692,1524765,0,0,1,0,1,0,10,5,1,0,1904457,0.24901657041145986,3359,0,0,0,0,0,0
1894,3306,1449,3360,1,0,1,0,1,0,10,5,1,0,4809,0.43112168997322226,1412,0,0,0,0,1,0
3389,80,23118,41095,0,0,0,0,1,0,10,5,1,0,64213,0.562536499902667,3309,0,1,0,0,1,1
59201,3389,34086,27449,0,0,1,0,1,0,10,5,1,0,61535,1.2417486338797814,55812,0,0,1,0,1,0
29209,3306,1974,351,0,0,1,0,1,0,11,5,1,0,2325,5.607954545454546,25903,0,0,0,0,1,0
17232,25,79550,10186,0,0,0,0,1,0,11,5,1,0,89736,7.808972219495435,17207,0,1,0,0,1,0
55850,22,26529,32938,0,0,0,0,0,1,11,5,1,0,59467,0.8053978566440997,55828,0,1,1,0,1,0
30262,3306,30051,126104,1,0,0,0,1,0,12,5,1,0,156155,0.23830141548709408,26956,0,0,0,0,1,0
2799,80,5074,2439,0,0,0,0,0,1,12,5,1,0,7513,2.0795081967213114,2719,0,1,0,0,1,0
64502,25,42643,144917,1,0,1,0,0,1,12,5,1,0,187560,0.2942560620488828,64477,0,1,1,0,1,0
21,21,84217,97169,0,0,0,0,1,0,12,5,1,0,181386,0.8666975403931254,0,1,1,0,0,1,1
51360,22,27002,8920,0,0,0,0,1,0,12,5,1,0,35922,3.026790718529313,51338,0,1,1,0,1,0
35470,3389,9678,11969,0,0,1,0,0,1,12,5,1,0,21647,0.8085213032581454,32081,0,0,0,0,1,0
61723,22,10963,23013,1,0,0,0,0,1,13,5,1,0,33976,0.4763622143043365,61701,0,1,1,0,1,0
64916,443,31339,26325,1,0,1,0,1,0,13,5,1,0,57664,1.190420116994606,64473,0,1,1,0,1,0
22,443,23815,37566,1,0,1,0,1,0,13,5,1,0,61381,0.6339340378523705,421,1,1,0,0,1,1
34208,21,93687,101201,0,0,1,0,0,1,13,5,1,0,194888,0.9257425742574258,34187,0,1,0,0,1,0
80,1433,10214,22467,0,0,1,0,1,0,13,5,1,0,32681,0.4546021007655332,1353,1,0,0,0,1,1
8180,25,3135,7041,0,0,1,0,0,1,13,5,1,0,10176,0.4451860266969611,8155,0,1,0,0,1,0
52212,443,39144,60858,0,0,1,0,1,0,13,5,1,0,100002,0.6431916396917465,51769,0,1,1,0,1,0
20135,21,10259,35299,0,0,1,0,1,0,14,5,1,0,45558,0.2906232294617564,20114,0,1,0,0,1,0
17246,25,77179,70175,1,0,1,0,1,0,14,5,1,0,147354,1.0997919516643866,17221,0,1,0,0,1,0
45151,21,22293,12605,0,0,0,0,1,0,14,5,1,0,34898,1.7684435982865303,45130,0,1,0,0,1,0
25,21,62799,138045,0,0,0,0,1,0,14,5,1,0,200844,0.45491357953146055,4,1,1,0,0,1,1
21,80,4346,11531,0,0,1,0,1,0,14,5,1,0,15877,0.37686437738466877,59,1,1,0,0,1,1
34662,53,27706,28300,0,0,1,0,1,0,15,5,1,0,56006,0.9789760079149147,34609,0,1,0,0,1,0
7810,22,7195,14094,0,0,0,1,0,0,15,5,1,0,21289,0.5104647037956722,7788,0,1,0,0,1,0
49957,1433,3125,2900,0,0,0,0,1,0,15,5,1,0,6025,1.0772147535332643,48524,0,0,1,0,1,0
35063,25,5553,1471,0,0,0,0,1,0,15,5,1,0,7024,3.7724184782608696,35038,0,1,0,0,1,0
1248,3306,9217,20015,0,0,0,0,1,0,15,5,1,0,29232,0.4604816147082334,2058,0,0,0,0,1,0
22,3306,161379,154342,0,0,1,0,1,0,15,5,1,0,315721,1.045586777502057,3284,1,0,0,0,1,1
29923,3306,8835,4706,0,0,0,0,1,0,15,5,1,0,13541,1.8769917144678139,26617,0,0,0,0,1,0
20588,1433,2879,6601,0,0,1,0,1,0,15,5,1,0,9480,0.43607997576491975,19155,0,0,0,0,1,0
7970,21,27183,71414,0,0,1,0,1,0,15,5,1,0,98597,0.38063432052089896,7949,0,1,0,0,1,0
3082,80,23079,29998,0,1,1,0,1,0,15,5,1,0,53077,0.7693256441881396,3002,0,1,0,0,1,0
445,1433,10023,27561,0,0,1,0,1,0,16,5,1,0,37584,0.3636528553805965,988,1,0,0,0,1,1
1433,3389,17018,66636,0,0,0,0,1,0,16,5,1,0,83654,0.25538364572234645,1956,0,0,0,0,1,1
57147,1433,105026,152706,0,0,1,0,1,0,16,5,1,0,257732,0.6877615302507416,55714,0,0,1,0,1,0
52329,3389,64416,135815,0,0,1,0,0,1,16,5,1,0,200231,0.4742887435942746,48940,0,0,1,0,1,0
17236,443,56093,141580,1,0,0,0,0,1,17,5,1,0,197673,0.39619016675966406,16793,0,1,0,0,1,0
22,3306,3314,10367,0,0,1,1,0,0,17,5,1,0,13681,0.31963734567901236,3284,1,0,0,0,1,1
21,21,2232152,1616636,1,0,1,0,0,1,17,5,1,0,3848788,1.3807379145720406,0,1,1,0,0,1,1
48457,3306,118421,127699,0,0,1,0,1,0,17,5,1,0,246120,0.927337509788567,45151,0,0,0,0,1,0
47991,53,50374,159016,0,0,1,0,1,0,18,5,1,0,209390,0.3167837401032594,47938,0,1,0,0,1,0
24930,22,3418,4266,0,0,0,0,1,0,18,5,1,0,7684,0.8010311694398875,24908,0,1,0,0,1,0
5987,445,100344,418266,0,0,0,0,0,1,18,5,1,0,518610,0.23990417604066303,5542,0,1,0,0,1,0
63140,3389,9879,3393,0,0,1,0,0,1,19,5,1,0,13272,2.9107248084855626,59751,0,0,1,0,1,0
64646,22,16141,53343,0,0,0,0,0,1,19,5,1,0,69484,0.3025832333533293,64624,0,1,1,0,1,0
12127,25,1496,1178,0,0,1,0,1,0,19,5,1,0,2674,1.268871925360475,12102,0,1,0,0,1,0
15835,58525,3021,2853,0,0,1,0,1,0,19,5,1,0,5874,1.0585143658023826,42690,0,0,0,1,0,0
10811,53,44430,95361,0,0,1,0,1,0,20,5,1,0,139791,0.4659088525827898,10758,0,1,0,0,1,0
11498,3306,110191,202960,0,0,1,0,1,0,20,5,1,0,313151,0.5429171121545519,8192,0,0,0,0,1,0
443,445,65896,232184,1,0,0,0,1,0,21,5,1,0,298080,0.2838081702091005,2,1,1,0,0,1,1
61480,25,62399,10951,0,0,0,0,1,0,21,5,1,0,73350,5.697498173849525,61455,0,1,1,0,1,0
10510,25,19858,33603,0,0,1,1,0,0,21,5,1,0,53461,0.5909415545768361,10485,0,1,0,0,1,0
1778,3389,11490,7556,0,0,0,0,1,0,21,5,1,0,19046,1.520444620881302,1611,0,0,0,0,1,0
50269,21,34969,66395,1,0,0,0,0,1,21,5,1,0,101364,0.526673293571902,50248,0,1,1,0,1,0
4748,25,81981,118185,0,0,0,0,1,0,21,5,1,0,200166,0.6936608396933647,4723,0,1,0,0,1,0
25,25,22198,37304,0,0,1,0,0,1,21,5,1,0,59502,0.595040879238708,0,1,1,0,0,1,1
21,1433,152726,49507,0,0,1,0,0,1,21,5,1,0,202233,3.084875171689424,1412,1,0,0,0,1,1
26719,22,15613,49058,0,0,1,0,0,1,21,5,1,0,64671,0.3182494547381724,26697,0,1,0,0,1,0
7425,22,4589,15939,0,0,0,0,1,0,21,5,1,0,20528,0.28789209535759097,7403,0,1,0,0,1,0
43582,21,21664,75287,0,0,1,0,0,1,21,5,1,0,96951,0.28774837955583893,43561,0,1,0,0,1,0
41703,80,26096,89324,0,0,1,0,1,0,21,5,1,0,115420,0.2921466554715925,41623,0,1,0,0,1,0
445,22,19317,44790,0,0,1,0,1,0,22,5,1,1,64107,0.43126967471143757,423,1,1,0,0,1,1
27979,1433,170936,191929,1,0,1,0,1,0,22,5,1,1,362865,0.8906163705517637,26546,0,0,0,0,1,0
9915,25,79896,193712,0,0,0,0,0,1,22,5,1,1,273608,0.41244521534434964,9890,0,1,0,0,1,0
3166,443,2231,6831,0,0,0,0,1,0,22,5,1,1,9062,0.3265515222482436,2723,0,1,0,0,1,0
52594,21,256526,325641,0,0,1,0,0,1,23,5,1,1,582167,0.7877546508128558,52573,0,1,1,0,1,0
29639,53,274,339,0,0,1,0,1,0,23,5,1,1,613,0.8058823529411765,29586,0,1,0,0,1,0
55171,3306,688065,1239259,0,0,1,0,1,0,23,5,1,1,1927324,0.5552224714749124,51865,0,0,1,0,1,0
11119,25,13909,17104,0,0,0,0,0,1,0,6,1,1,31013,0.8131540485238234,11094,0,1,0,0,1,0
445,3306,16263,53867,1,0,0,0,1,0,1,6,1,1,70130,0.30190465582535086,2861,1,0,0,0,1,1
15237,53,20009,16301,0,0,1,0,0,1,1,6,1,1,36310,1.227395411605938,15184,0,1,0,0,1,0
22,3389,40795,108220,0,0,0,0,1,0,1,6,1,1,149015,0.37696010940575303,3367,1,0,0,0,1,1
53,21,22017,68390,0,0,0,0,1,0,1,6,1,1,90407,0.32192832390226783,32,1,1,0,0,1,1
48007,80,17793,27554,0,0,1,0,1,0,2,6,1,1,45347,0.645726728361459,47927,0,1,0,0,1,0
28878,443,178844,593861,0,0,1,0,1,0,2,6,1,1,772705,0.30115414018745096,28435,0,1,0,0,1,0
33605,28806,54445,192615,0,0,0,0,1,0,2,6,1,1,247060,0.28266083814428705,4799,0,0,0,0,0,0
17527,53,4750,10473,0,0,0,0,1,0,3,6,1,1,15223,0.45350391445484056,17474,0,1,0,0,1,0
41451,445,72047,147698,0,0,1,0,1,0,3,6,1,1,219745,0.4877961259047116,41006,0,1,0,0,1,0
42822,1433,50948,37862,0,0,1,0,1,0,3,6,1,1,88810,1.3455880410955285,41389,0,0,0,0,1,0
18327,1433,9205,5160,0,0,0,0,1,0,3,6,1,1,14365,1.7835690757605116,16894,0,0,0,0,1,0
37161,1433,78231,32960,1,0,1,0,0,1,3,6,1,1,111191,2.373441339765177,35728,0,0,0,0,1,0
13378,25,17117,24094,0,0,0,0,1,0,4,6,1,1,41211,0.7103963477899979,13353,0,1,0,0,1,0
26570,1433,15449,15966,0,0,0,0,0,1,4,6,1,1,31415,0.9675580885576501,25137,0,0,0,0,1,0
10733,1433,14790,16774,0,0,1,0,1,0,4,6,1,1,31564,0.8816691505216095,9300,0,0,0,0,1,0
56031,443,452,143,0,0,1,0,1,0,5,6,1,1,595,3.138888888888889,55588,0,1,1,0,1,0
27826,1433,9483,30543,1,0,1,0,1,0,5,6,1,1,40026,0.31047014143530643,26393,0,0,0,0,1,0
43649,80,68945,82009,0,0,0,0,1,0,5,6,1,1,150954,0.8406901597366175,43569,0,1,0,0,1,0
20585,22,21250,41113,0,0,0,0,1,0,5,6,1,1,62363,0.5168555723111349,20563,0,1,0,0,1,0
7595,443,2817,1794,0,0,1,0,1,0,6,6,1,0,4611,1.5693593314763232,7152,0,1,0,0,1,0
13157,21,103095,203643,0,0,1,0,0,1,6,6,1,0,306738,0.5062511048692817,13136,0,1,0,0,1,0
18146,443,13660,47950,0,0,1,0,1,0,6,6,1,0,61610,0.28487414235365266,17703,0,1,0,0,1,0
42977,25,3119,5700,0,0,1,0,1,0,6,6,1,0,8819,0.5470970005262235,42952,0,1,0,0,1,0
443,445,751344,2325035,0,0,0,0,1,0,6,6,1,0,3076379,0.3231537060071328,2,1,1,0,0,1,1
53,3306,4084,15474,1,0,1,0,1,0,6,6,1,0,19558,0.26390953150242324,3253,1,0,0,0,1,1
56687,25,89965,228345,0,0,1,0,1,0,7,6,1,0,318310,0.3939854431433001,56662,0,1,1,0,1,0
17520,443,6432,8986,0,0,1,0,1,0,7,6,1,0,15418,0.7157004562145322,17077,0,1,0,0,1,0
48346,25,27373,43584,0,0,1,0,0,1,7,6,1,0,70957,0.628037168750717,48321,0,1,0,0,1,0
65043,22,5200,11702,0,0,0,0,1,0,7,6,1,0,16902,0.44433051354353587,65021,0,1,1,0,1,0
64913,25,3032,4412,1,0,0,0,0,1,8,6,1,0,7444,0.687060956265579,64888,0,1,1,0,1,0
18235,21,50793,94036,0,0,0,0,1,0,8,6,1,0,144829,0.5401384561396047,18214,0,1,0,0,1,0
25094,443,42127,174490,0,0,0,0,1,0,8,6,1,0,216617,0.24142792464940885,24651,0,1,0,0,1,0
3389,3389,137508,557415,0,0,1,0,1,0,8,6,1,0,694923,0.24668829025359876,0,0,0,0,0,1,1
16437,3306,20847,6777,1,0,1,0,1,0,8,6,1,0,27624,3.075686043080555,13131,0,0,0,0,1,0
33816,80,768782,2861629,0,0,0,0,1,0,8,6,1,0,3630411,0.26865178237577886,33736,0,1,0,0,1,0
23613,22,33838,60892,0,0,0,0,1,0,9,6,1,0,94730,0.555696057018048,23591,0,1,0,0,1,0
9134,1433,54548,84725,0,1,0,0,1,0,9,6,1,0,139273,0.6438165380166655,7701,0,0,0,0,1,0
27570,25,2506,10314,0,0,1,0,1,0,9,6,1,0,12820,0.24294716432380029,27545,0,1,0,0,1,0
54238,25,8245,24212,1,0,1,0,1,0,10,6,1,0,32457,0.3405195556106224,54213,0,1,1,0,1,0
31113,22,50588,120883,0,0,0,0,1,0,10,6,1,0,171471,0.4184838357433573,31091,0,1,0,0,1,0
35977,21,19249,38896,0,0,0,0,1,0,10,6,1,0,58145,0.49487106974830963,35956,0,1,0,0,1,0
9656,80,29741,97225,0,0,1,0,1,0,10,6,1,0,126966,0.30589554234464034,9576,0,1,0,0,1,0
35533,1433,5964,23216,0,0,1,0,1,0,10,6,1,0,29180,0.25688073394495414,34100,0,0,0,0,1,0
39562,443,26772,26759,0,0,1,0,1,0,10,6,1,0,53531,1.0004484304932735,39119,0,1,0,0,1,0
8865,22,26626,101239,0,0,1,0,1,0,11,6,1,0,127865,0.26299881469774794,8843,0,1,0,0,1,0
36163,2054,3331,10360,1,0,0,0,1,0,11,6,1,0,13691,0.3214940642795097,34109,0,0,0,0,0,0
24649,1433,61579,119449,0,0,1,0,1,0,11,6,1,0,181028,0.5155211385516952,23216,0,0,0,0,1,0
25,1433,1450,702,0,0,0,0,1,0,12,6,1,0,2152,2.062588904694168,1408,1,0,0,0,1,1
443,80,29577,86426,0,0,1,0,1,0,12,6,1,0,116003,0.3422194453122288,363,1,1,0,0,1,1
2343,80,371367,1259556,0,0,1,0,1,0,12,6,1,0,1630923,0.29483937606634714,2263,0,1,0,0,1,0
53975,22,65439,23254,1,0,0,0,1,0,12,6,1,0,88693,2.81397548914212,53953,0,1,1,0,1,0
38278,445,64788,181707,0,0,0,0,0,1,13,6,1,0,246495,0.35655006934202127,37833,0,1,0,0,1,0
445,25,5240,4322,0,0,1,0,1,0,13,6,1,0,9562,1.2121212121212122,420,1,1,0,0,1,1
36130,50163,373435,249427,0,0,1,0,1,0,14,6,1,0,622862,1.4971655146976282,14033,0,0,0,1,0,0
47889,25,199336,668500,0,0,0,0,1,0,14,6,1,0,867836,0.2981835479677667,47864,0,1,0,0,1,0
52480,3306,5711,10848,0,0,1,0,1,0,14,6,1,0,16559,0.5264079638676376,49174,0,0,1,0,1,0
59244,443,10304,28338,0,0,1,0,1,0,15,6,1,0,38642,0.3635978686615618,58801,0,1,1,0,1,0
11863,3389,163971,20489,0,0,1,1,0,0,15,6,1,0,184460,8.002489019033675,8474,0,0,0,0,1,0
50940,25,389974,327388,0,0,1,0,0,1,15,6,1,0,717362,1.1911640281133453,50915,0,1,1,0,1,0
42898,3306,2911,1855,1,0,1,0,1,0,15,6,1,0,4766,1.568426724137931,39592,0,0,0,0,1,0
18395,3306,4420,16237,0,0,1,0,1,0,15,6,1,0,20657,0.27220100997659813,15089,0,0,0,0,1,0
57762,445,17499,6449,1,0,0,0,1,0,16,6,1,0,23948,2.7130232558139533,57317,0,1,1,0,1,0
80,53,682,1658,0,0,0,0,1,0,16,6,1,0,2340,0.4110910186859554,27,1,1,0,0,1,1
58776,25,22707,18564,0,0,1,0,1,0,16,6,1,0,41271,1.223107998922704,58751,0,1,1,0,1,0
27552,445,146853,119583,1,0,0,0,1,0,16,6,1,0,266436,1.2280321782178218,27107,0,1,0,0,1,0
44875,3306,2204,9218,0,0,1,0,1,0,16,6,1,0,11422,0.2390714828072459,41569,0,0,0,0,1,0
44029,443,26994,87948,0,0,1,0,1,0,17,6,1,0,114942,0.3069278786569489,43586,0,1,0,0,1,0
59218,80,8683,4584,0,0,0,0,1,0,17,6,1,0,13267,1.893784078516903,59138,0,1,1,0,1,0
22761,25,303735,662947,1,0,1,0,0,1,17,6,1,0,966682,0.4581581059147927,22736,0,1,0,0,1,0
32827,80,8851,6185,0,0,0,0,1,0,17,6,1,0,15036,1.4308115098609764,32747,0,1,0,0,1,0
16833,445,250293,963430,0,0,1,1,0,0,17,6,1,0,1213723,0.25979338426934573,16388,0,1,0,0,1,0
4485,25,8468,3607,0,0,1,0,1,0,18,6,1,0,12075,2.347006651884701,4460,0,1,0,0,1,0
23933,80,75650,272911,0,0,1,0,1,0,18,6,1,0,348561,0.2771955795274667,23853,0,1,0,0,1,0
10321,1433,32962,73090,0,0,0,0,1,0,18,6,1,0,106052,0.45097207590537824,8888,0,0,0,0,1,0
443,25,17654,51438,1,0,0,0,1,0,18,6,1,0,69092,0.3432026283559167,418,1,1,0,0,1,1
52909,54988,6217,9942,0,0,1,0,1,0,19,6,1,0,16159,0.6252640048275169,2079,0,0,1,1,0,0
21270,3306,36936,18251,0,0,1,0,0,1,19,6,1,0,55187,2.0236686390532546,17964,0,0,0,0,1,0
19859,1433,10885,2755,0,0,1,1,0,0,19,6,1,0,13640,3.949564586357039,18426,0,0,0,0,1,0
39599,22,7305,25667,0,0,0,0,1,0,20,6,1,0,32972,0.2845956054230949,39577,0,1,0,0,1,0
16728,3306,232432,868366,0,0,1,0,1,0,21,6,1,0,1100798,0.26766562985465825,13422,0,0,0,0,1,0
443,445,52894,50747,0,0,1,0,1,0,21,6,1,0,103641,1.0422873807834792,2,1,1,0,0,1,1
23988,53,61686,142334,0,0,0,0,1,0,21,6,1,0,204020,0.433386025924755,23935,0,1,0,0,1,0
10085,3306,11771,46551,0,0,1,0,1,0,21,6,1,0,58322,0.25285702010654754,6779,0,0,0,0,1,0
1433,3389,16357,57405,0,0,1,0,1,0,21,6,1,0,73762,0.28493537260913493,1956,0,0,0,0,1,1
48922,80,14798,24671,0,0,0,0,1,0,21,6,1,0,39469,0.5997892347600519,48842,0,1,0,0,1,0
52428,3389,37781,99837,0,0,0,0,1,0,21,6,1,0,137618,0.3784230453334402,49039,0,0,1,0,1,0
7630,3389,61505,161034,0,0,1,0,1,0,21,6,1,0,222539,0.38193560406122895,4241,0,0,0,0,1,0
53,1433,20985,19176,0,0,1,0,1,0,21,6,1,0,40161,1.0942796057777546,1380,1,0,0,0,1,1
25734,3306,6196,4032,0,0,1,0,1,0,22,6,1,1,10228,1.53632531614183,22428,0,0,0,0,1,0
26322,21,74377,6385,0,0,1,1,0,0,22,6,1,1,80762,11.646883808330724,26301,0,1,0,0,1,0
57635,443,23235,55290,0,0,0,0,1,0,22,6,1,1,78525,0.4202311406919752,57192,0,1,1,0,1,0
32665,25,2196,8245,0,0,0,0,0,1,23,6,1,1,10441,0.26631093863691485,32640,0,1,0,0,1,0
37235,3389,723,2745,0,0,1,0,0,1,23,6,1,1,3468,0.263292061179898,33846,0,0,0,0,1,0
19718,3306,35476,47186,1,0,1,0,0,1,23,6,1,1,82662,0.7518172377985463,16412,0,0,0,0,1,0
36445,3389,5842,621,0,0,0,0,0,1,23,6,1,1,6463,9.392282958199356,33056,0,0,0,0,1,0
65288,3306,43901,140681,0,0,0,0,1,0,23,6,1,1,184582,0.31205840121692896,61982,0,0,1,0,1,0
80,445,6367,19927,0,0,1,0,0,1,23,6,1,1,26294,0.3195002007226014,365,1,1,0,0,1,1
12850,21,27257,66123,0,0,1,0,1,0,0,0,0,1,93380,0.4122103925957292,12829,0,1,0,0,1,0
31368,445,26092887,24725371,0,1,1,0,1,0,0,0,0,1,50818258,1.0553081668498254,30923,0,1,0,0,1,0
445,3306,363332,758959,1,0,1,1,0,0,0,0,0,1,1122291,0.47872351639085065,2861,1,0,0,0,1,1
60569,21,100760,254371,0,0,1,0,1,0,0,0,0,1,355131,0.3961127797084585,60548,0,1,1,0,1,0
3389,3389,190170,287173,0,1,1,0,0,1,0,0,0,1,477343,0.6622117601175593,0,0,0,0,0,1,1
52638,80,22890,60218,0,0,1,0,1,0,0,0,0,1,83108,0.38011258904996764,52558,0,1,1,0,1,0
13245,25,82106,273323,0,0,1,0,0,1,0,0,0,1,355429,0.3003980623728615,13220,0,1,0,0,1,0
38412,443,25505,98771,0,0,1,0,1,0,1,0,0,1,124276,0.2582209533066051,37969,0,1,0,0,1,0
31670,1433,231271,296847,1,0,1,0,1,0,1,0,0,1,528118,0.7790889613539589,30237,0,0,0,0,1,0
52439,1433,19612,51870,0,0,1,0,1,0,1,0,0,1,71482,0.3780918046692757,51006,0,0,1,0,1,0
1433,1433,2354,8033,0,0,1,0,0,1,1,0,0,1,10387,0.2930047298979338,0,0,0,0,0,1,1
32507,25,899,290,0,0,0,0,0,1,2,0,0,1,1189,3.089347079037801,32482,0,1,0,0,1,0
52472,1433,317838,998130,0,0,1,0,0,1,2,0,0,1,1315968,0.31843315156026614,51039,0,0,1,0,1,0
24411,1433,47363,162988,0,0,1,0,1,0,2,0,0,1,210351,0.29059016252630543,22978,0,0,0,0,1,0
35386,3389,52617,65572,1,1,1,0,1,0,2,0,0,1,118189,0.8024186784194715,31997,0,0,0,0,1,0
63412,443,238813,295407,0,0,1,0,1,0,2,0,0,1,534220,0.8084175106970698,62969,0,1,1,0,1,0
54575,3306,1567,4520,1,0,1,0,0,1,2,0,0,1,6087,0.3466047334660473,51269,0,0,1,0,1,0
61593,53,12409,46400,1,0,1,0,1,0,2,0,0,1,58809,0.2674295812590246,61540,0,1,1,0,1,0
53,53,15097,50951,0,0,1,0,1,0,2,0,0,1,66048,0.29629847699795886,0,1,1,0,0,1,1
28386,3389,72232,154357,0,0,1,0,1,0,3,0,0,1,226589,0.46795112660179583,24997,0,0,0,0,1,0
21,53,7271,26182,0,0,1,0,0,1,3,0,0,1,33453,0.2776992705190391,32,1,1,0,0,1,1
24375,53,3222,9247,0,0,1,0,0,1,3,0,0,1,12469,0.3483996539792388,24322,0,1,0,0,1,0
38053,53,3176,1660,0,0,0,0,0,1,3,0,0,1,4836,1.9121011438892233,38000,0,1,0,0,1,0
39808,3306,138561,468805,1,0,0,0,1,0,3,0,0,1,607366,0.29556149025396433,36502,0,0,0,0,1,0
38950,3389,6713,3711,1,0,1,0,1,0,4,0,0,1,10424,1.808459051724138,35561,0,0,0,0,1,0
20284,1433,9106,35650,1,0,0,0,1,0,4,0,0,1,44756,0.25542060531261396,18851,0,0,0,0,1,0
53540,80,60791,92888,0,0,1,0,1,0,4,0,0,1,153679,0.6544477817610266,53460,0,1,1,0,1,0
3306,8236,7198,29184,0,0,1,0,0,1,4,0,0,1,36382,0.2466335446290903,4930,0,0,0,0,0,1
53,3389,1439,710,0,0,0,0,1,0,4,0,0,1,2149,2.0239099859353025,3336,1,0,0,0,1,1
47876,3306,1753,5281,1,0,1,0,1,0,4,0,0,1,7034,0.33188186293070804,44570,0,0,0,0,1,0
19496,21,20112,21251,0,0,0,0,1,0,4,0,0,1,41363,0.9463579898362507,19475,0,1,0,0,1,0
443,443,48811,99172,0,1,0,0,1,0,4,0,0,1,147983,0.4921803313401833,0,1,1,0,0,1,1
39127,3306,15937,9832,0,0,1,0,0,1,4,0,0,1,25769,1.6207668056544289,35821,0,0,0,0,1,0
5554,25,43857,67150,1,0,1,0,1,0,4,0,0,1,111007,0.6531101547259163,5529,0,1,0,0,1,0
443,443,1668,1159,0,0,1,0,1,0,4,0,0,1,2827,1.4379310344827587,0,1,1,0,0,1,1
21,22,1858,4306,1,0,1,0,1,0,5,0,0,1,6164,0.4313907592291618,1,1,1,0,0,1,1
62487,1433,811222,1204558,1,0,1,0,1,0,5,0,0,1,2015780,0.6734597475092544,61054,0,0,1,0,1,0
41605,25,158332,227201,0,0,0,0,1,0,5,0,0,1,385533,0.6968776683303844,41580,0,1,0,0,1,0
30687,25,75384,260839,0,0,1,0,1,0,5,0,0,1,336223,0.2890047538721055,30662,0,1,0,0,1,0
443,25,7665,10070,0,0,1,0,0,1,5,0,0,1,17735,0.7610962168602919,418,1,1,0,0,1,1
12078,21,15050,5866,0,0,1,0,1,0,6,0,0,0,20916,2.565195159365945,12057,0,1,0,0,1,0
47147,22,21967,48260,0,0,1,0,1,0,6,0,0,0,70227,0.4551708418806075,47125,0,1,0,0,1,0
27683,22,180403,323368,0,0,1,0,1,0,6,0,0,0,503771,0.5578858826912908,27661,0,1,0,0,1,0
37857,25,41959,129733,1,0,1,0,1,0,6,0,0,0,171692,0.3234233123159696,37832,0,1,0,0,1,0
64447,1433,51096,167258,0,0,1,0,0,1,6,0,0,0,218354,0.30549028751816043,63014,0,0,1,0,1,0
25,445,16844,30966,0,0,1,0,1,0,6,0,0,0,47810,0.5439338650821842,420,1,1,0,0,1,1
21,1433,78296,134028,1,0,1,0,1,0,7,0,0,0,212324,0.5841720821613233,1412,1,0,0,0,1,1
11357,53,35728,67065,1,0,1,0,0,1,8,0,0,0,102793,0.5327289535681269,11304,0,1,0,0,1,0
8965,3306,23633,91864,0,0,1,0,1,0,8,0,0,0,115497,0.25725793283622705,5659,0,0,0,0,1,0
63619,3306,6708,14451,0,0,1,0,1,0,8,0,0,0,21159,0.46415721007473015,60313,0,0,1,0,1,0
3664,445,18366,11645,0,0,1,0,1,0,8,0,0,0,30011,1.5770221535291087,3219,0,1,0,0,1,0
50002,21,3915,6018,0,0,0,0,1,0,8,0,0,0,9933,0.6504402724705101,49981,0,1,1,0,1,0
24385,3306,20656,4721,0,0,1,0,1,0,8,0,0,0,25377,4.374417619652689,21079,0,0,0,0,1,0
24183,25,25393,50130,1,0,1,0,1,0,8,0,0,0,75523,0.5065328838443278,24158,0,1,0,0,1,0
3389,22,470,160,0,0,1,0,0,1,8,0,0,0,630,2.919254658385093,3367,0,1,0,0,1,1
24037,80,15236,51481,0,0,1,0,1,0,9,0,0,0,66717,0.2959480983644769,23957,0,1,0,0,1,0
36047,3306,3356,14069,1,0,0,0,0,1,9,0,0,0,17425,0.23852167732764748,32741,0,0,0,0,1,0
22770,80,48914,79248,0,0,0,0,1,0,9,0,0,0,128162,0.6172191447210691,22690,0,1,0,0,1,0
27849,3306,61050,93688,0,0,1,0,1,0,9,0,0,0,154738,0.6516239900094996,24543,0,0,0,0,1,0
5105,1433,11135,24451,0,0,0,0,1,0,9,0,0,0,35586,0.45538197284475707,3672,0,0,0,0,1,0
3715,443,53020,99850,0,0,1,0,1,0,9,0,0,0,152870,0.5309911768535117,3272,0,1,0,0,1,0
34091,3389,56710,71071,0,0,1,0,1,0,9,0,0,0,127781,0.7979232327780279,30702,0,0,0,0,1,0
42605,1794,15251,5509,0,0,0,0,1,0,9,0,0,0,20760,2.7678765880217786,40811,0,0,0,0,0,0
24673,53,256493,451683,1,0,1,0,1,0,10,0,0,0,708176,0.5678593884219941,24620,0,1,0,0,1,0
19204,53,6904,8378,0,0,1,0,1,0,10,0,0,0,15282,0.8239646735887337,19151,0,1,0,0,1,0
39455,25,231928,148990,0,0,1,0,1,0,10,0,0,0,380918,1.5566577846984047,39430,0,1,0,0,1,0
54346,80,15362,41345,0,0,0,1,0,0,10,0,0,0,56707,0.37154742901368937,54266,0,1,1,0,1,0
22849,22,5714,2006,0,0,0,0,0,1,10,0,0,0,7720,2.8470353761833582,22827,0,1,0,0,1,0
60150,80,12550,46367,0,0,1,0,1,0,10,0,0,0,58917,0.2706608005521049,60070,0,1,1,0,1,0
58065,21,3793,14519,0,0,0,0,0,1,10,0,0,0,18312,0.2612258953168044,58044,0,1,1,0,1,0
445,445,77287,190522,1,0,1,0,0,1,11,0,0,0,267809,0.40565705977755967,0,1,1,0,0,1,1
39585,445,1695,7073,0,0,1,0,1,0,11,0,0,0,8768,0.23960983884648007,39140,0,1,0,0,1,0
15178,443,203490,243741,0,0,1,0,1,0,11,0,0,0,447231,0.8348581697040313,14735,0,1,0,0,1,0
23753,21,4927,1644,0,0,0,0,1,0,12,0,0,0,6571,2.9951367781155014,23732,0,1,0,0,1,0
22,443,84006,325580,0,0,1,0,1,0,12,0,0,0,409586,0.25801874187990087,421,1,1,0,0,1,1
49012,445,22897,89230,0,0,1,0,1,0,12,0,0,0,112127,0.25660364671470676,48567,0,1,0,0,1,0
30826,25,33972,140524,0,0,1,0,1,0,13,0,0,0,174496,0.24175057818893436,30801,0,1,0,0,1,0
33574,573,961,1023,0,1,0,0,1,0,13,0,0,0,1984,0.9384765625,33001,0,1,0,0,0,0
27862,3389,38734,88924,0,0,0,0,1,0,13,0,0,0,127658,0.43558054540342983,24473,0,0,0,0,1,0
21,21,27335,24184,0,0,0,0,0,1,14,0,0,0,51519,1.130246020260492,0,1,1,0,0,1,1
40043,3306,2137,4902,0,0,1,0,1,0,14,0,0,0,7039,0.43585559861309403,36737,0,0,0,0,1,0
61265,3306,4722,13788,0,0,1,0,1,0,14,0,0,0,18510,0.342446877946189,57959,0,0,1,0,1,0
10010,21,9270,22673,0,0,1,0,0,1,15,0,0,0,31943,0.40883831701508333,9989,0,1,0,0,1,0
4800,53,6581,3016,0,0,1,0,1,0,15,0,0,0,9597,2.1813059330460725,4747,0,1,0,0,1,0
41486,1433,163488,264068,0,0,0,0,1,0,15,0,0,0,427556,0.6191109141928814,40053,0,0,0,0,1,0
31301,445,22275,32656,0,0,0,0,0,1,15,0,0,0,54931,0.6820895979422482,30856,0,1,0,0,1,0
3306,3389,6336,19917,0,0,1,0,0,1,15,0,0,0,26253,0.31810422733206145,83,0,0,0,0,1,1
51245,22,10044,32866,0,0,1,0,1,0,15,0,0,0,42910,0.3055952779383576,51223,0,1,1,0,1,0
29714,39731,9826,28539,0,0,0,0,1,0,16,0,0,0,38365,0.34428871758934826,10017,0,0,0,0,0,0
27899,80,13892,33783,0,0,1,1,0,0,16,0,0,0,47675,0.41120056831636276,27819,0,1,0,0,1,0
35112,445,3942,9188,0,0,1,0,1,0,16,0,0,0,13130,0.4289911851126347,34667,0,1,0,0,1,0
443,443,5989,12248,1,1,1,0,1,0,16,0,0,0,18237,0.4889378724793861,0,1,1,0,0,1,1
3306,3389,75099,87189,0,0,1,0,1,0,16,0,0,0,162288,0.8613258401192797,83,0,0,0,0,1,1
30226,443,29630,29519,1,0,1,0,1,0,16,0,0,0,59149,1.0037262872628727,29783,0,1,0,0,1,0
3389,3389,17261,35194,0,1,1,0,1,0,17,0,0,0,52455,0.49043898281005827,0,0,0,0,0,1,1
45628,3306,22119,59909,0,0,1,0,1,0,17,0,0,0,82028,0.36920380570856287,42322,0,0,0,0,1,0
63583,22,20477,36628,0,0,1,0,0,1,17,0,0,0,57105,0.5590379207731578,63561,0,1,1,0,1,0
21,25,15762,23706,0,0,1,0,1,0,17,0,0,0,39468,0.6648669169443624,4,1,1,0,0,1,1
12845,25,50380,203980,0,0,1,0,1,0,17,0,0,0,254360,0.2469837877057177,12820,0,1,0,0,1,0
21,1433,44759,176592,1,0,1,0,1,0,18,0,0,0,221351,0.2534585176082857,1412,1,0,0,0,1,1
53,53,1781,5938,0,0,1,1,0,0,18,0,0,0,7719,0.29988213503956895,0,1,1,0,0,1,1
22,3306,17845,57293,0,0,1,0,1,0,18,0,0,0,75138,0.31146367857018187,3284,1,0,0,0,1,1
9595,3306,1979,711,1,0,1,0,1,0,18,0,0,0,2690,2.779494382022472,6289,0,0,0,0,1,0
22,443,60896,154465,0,0,0,0,0,1,18,0,0,0,215361,0.39423562466821177,421,1,1,0,0,1,1
55845,1433,75227,29595,0,0,1,0,1,0,19,0,0,0,104822,2.5417961886741454,54412,0,0,1,0,1,0
12926,3389,8289,5130,0,0,1,0,1,0,19,0,0,0,13419,1.615474566361333,9537,0,0,0,0,1,0
37863,22,18273,73313,0,0,1,0,0,1,19,0,0,0,91586,0.24924298224077257,37841,0,1,0,0,1,0
11074,53,751,1809,0,0,0,1,0,0,19,0,0,0,2560,0.4149171270718232,11021,0,1,0,0,1,0
58076,80,104449,89975,0,0,0,0,1,0,19,0,0,0,194424,1.160854005512581,57996,0,1,1,0,1,0
10143,21,68560,106457,0,0,0,0,0,1,20,0,0,0,175017,0.6440098442578294,10122,0,1,0,0,1,0
48990,25,138709,514010,0,0,1,0,1,0,20,0,0,0,652719,0.2698560925738943,48965,0,1,0,0,1,0
3389,443,237630,519225,0,0,1,0,1,0,20,0,0,0,756855,0.45766198148782994,2946,0,1,0,0,1,1
55955,22,3107,4084,0,0,1,0,0,1,20,0,0,0,7191,0.7605875152998776,55933,0,1,1,0,1,0
4659,80,91205,39574,0,0,0,1,0,0,21,0,0,0,130779,2.304611497157296,4579,0,1,0,0,1,0
55003,3306,234893,256974,0,0,1,0,1,0,21,0,0,0,491867,0.9140694620099231,51697,0,0,1,0,1,0
38017,53,2015,1803,0,0,1,0,1,0,22,0,0,1,3818,1.1169623059866962,37964,0,1,0,0,1,0
42226,445,16748,22532,0,0,1,0,1,0,22,0,0,1,39280,0.7432654329206053,41781,0,1,0,0,1,0
38331,21,12314,50436,0,0,0,0,1,0,22,0,0,1,62750,0.2441461625394056,38310,0,1,0,0,1,0
30503,80,86572,160217,0,0,0,0,1,0,22,0,0,1,246789,0.540338788400804,30423,0,1,0,0,1,0
52220,21,478,679,0,0,1,0,1,0,23,0,0,1,1157,0.7029411764705882,52199,0,1,1,0,1,0
1433,3306,402532,793153,0,0,1,0,1,0,23,0,0,1,1195685,0.5075079997074969,1873,0,0,0,0,1,1
27425,1433,18396,66834,0,0,0,0,1,0,23,0,0,1,85230,0.27524500635894367,25992,0,0,0,0,1,0
36261,443,95392,121507,1,0,1,0,1,0,23,0,0,1,216899,0.7850676498666754,35818,0,1,0,0,1,0
7226,53,20002,57802,0,0,1,0,0,1,0,1,0,1,77804,0.34603740290296353,7173,0,1,0,0,1,0
22264,443,48407,200854,0,0,0,0,1,0,0,1,0,1,249261,0.24100470488660974,21821,0,1,0,0,1,0
30432,2909,536,584,0,0,1,0,1,0,0,1,0,1,1120,0.9162393162393162,27523,0,0,0,0,0,0
36693,445,11898,8468,0,0,1,0,0,1,0,1,0,1,20366,1.4048884165781084,36248,0,1,0,0,1,0
31073,443,10309216,32751289,0,1,1,0,1,0,1,1,0,1,43060505,0.31477282268881623,30630,0,1,0,0,1,0
13447,80,34960,106645,0,1,1,0,1,0,1,1,0,1,141605,0.327813513868312,13367,0,1,0,0,1,0
30764,3389,1605,3521,0,0,1,0,1,0,1,1,0,1,5126,0.4557069846678024,27375,0,0,0,0,1,0
41405,3389,24301,20640,0,0,1,0,1,0,1,1,0,1,44941,1.1773169904558887,38016,0,0,0,0,1,0
59040,53,5943,10692,0,0,1,0,1,0,1,1,0,1,16635,0.5557841578602825,58987,0,1,1,0,1,0
27925,80,5173,16265,0,0,1,0,1,0,2,1,0,1,21438,0.3180253289069224,27845,0,1,0,0,1,0
57496,53,1933,7461,1,0,1,0,1,0,2,1,0,1,9394,0.2590458322165639,57443,0,1,1,0,1,0
23378,443,59273,105702,0,0,1,0,1,0,2,1,0,1,164975,0.5607504044350681,22935,0,1,0,0,1,0
53,21,130721,150494,0,0,0,0,1,0,2,1,0,1,281215,0.8686069304628061,32,1,1,0,0,1,1
10478,3389,654894,53286,0,0,0,0,1,0,2,1,0,1,708180,12.289939384840581,7089,0,0,0,0,1,0
38947,53,2082,5637,0,0,1,0,0,1,2,1,0,1,7719,0.369279886484569,38894,0,1,0,0,1,0
46037,21,75191,83856,0,0,0,0,1,0,3,1,0,1,159047,0.8966574048678106,46016,0,1,0,0,1,0
6947,31500,83539,94294,1,0,1,0,1,0,3,1,0,1,177833,0.8859324460469802,24553,0,0,0,0,0,0
54766,445,8700,6226,0,0,1,0,1,0,3,1,0,1,14926,1.3971414806487876,54321,0,1,1,0,1,0
28284,25,5073,12595,0,0,0,0,1,0,3,1,0,1,17668,0.4027469037789774,28259,0,1,0,0,1,0
34864,80,3876,2453,0,0,1,0,0,1,3,1,0,1,6329,1.5794621026894866,34784,0,1,0,0,1,0
40981,1433,9473,2332,1,0,1,0,1,0,3,1,0,1,11805,4.060437205315045,39548,0,0,0,0,1,0
17877,3306,30460,31890,0,0,1,0,0,1,4,1,0,1,62350,0.9551284061333919,14571,0,0,0,0,1,0
27640,53,194109,66098,0,0,1,0,1,0,4,1,0,1,260207,2.9366404938047475,27587,0,1,0,0,1,0
39274,22,129125,483805,0,0,1,0,0,1,4,1,0,1,612930,0.2668941683236669,39252,0,1,0,0,1,0
43559,53,1661,3657,0,0,1,0,1,0,4,1,0,1,5318,0.45407326407873155,43506,0,1,0,0,1,0
13010,25,6234,23727,1,0,0,0,1,0,4,1,0,1,29961,0.2627275792312879,12985,0,1,0,0,1,0
22,80,176208,494501,0,0,0,0,1,0,5,1,0,1,670709,0.3563342514287101,58,1,1,0,0,1,1
26260,80,6838,17306,0,0,0,0,1,0,5,1,0,1,24144,0.39510024845438263,26180,0,1,0,0,1,0
54967,3306,20109,78134,0,0,1,0,1,0,6,1,0,0,98243,0.2573622576310232,51661,0,0,1,0,1,0
22,22,1438,3822,0,0,0,0,1,0,6,1,0,0,5260,0.3761443892231232,0,1,1,0,0,1,1
25117,53,139365,18203,0,0,0,0,1,0,6,1,0,0,157568,7.655735003295979,25064,0,1,0,0,1,0
24626,22,1032,3652,0,0,1,0,0,1,7,1,0,0,4684,0.2825075280591295,24604,0,1,0,0,1,0
43823,49397,1590,2370,1,0,0,0,1,0,7,1,0,0,3960,0.6706031210459722,5574,0,0,0,1,0,0
3297,53,118338,78759,0,0,1,0,0,1,7,1,0,0,197097,1.502513966480447,3244,0,1,0,0,1,0
443,21,475488,1023071,0,0,0,0,0,1,8,1,0,0,1498559,0.464764943229802,422,1,1,0,0,1,1
445,80,13835,53085,0,0,0,0,0,1,8,1,0,0,66920,0.2606148513732434,365,1,1,0,0,1,1
29048,445,20435,25287,0,0,0,0,1,0,8,1,0,0,45722,0.808090794052515,28603,0,1,0,0,1,0
24486,80,94206,247058,0,0,1,0,1,0,9,1,0,0,341264,0.3813097276359088,24406,0,1,0,0,1,0
57758,25,35000,94376,0,0,1,0,1,0,9,1,0,0,129376,0.37085306801445267,57733,0,1,1,0,1,0
26795,22,12122,15992,0,0,1,0,1,0,9,1,0,0,28114,0.7579566060151316,26773,0,1,0,0,1,0
443,443,10130,14007,0,1,1,0,1,0,9,1,0,0,24137,0.7231581953169617,0,1,1,0,0,1,1
1433,443,1795,6309,0,0,0,0,0,1,10,1,0,0,8104,0.2844690966719493,990,0,1,0,0,1,1
54975,445,31974,122572,0,0,1,0,1,0,10,1,0,0,154546,0.2608567955422483,54530,0,1,1,0,1,0
38918,21167,19014,27982,0,0,1,0,1,0,10,1,0,0,46996,0.6794839724118215,17751,0,0,0,0,0,0
50425,25,10931,18176,0,0,1,1,0,0,11,1,0,0,29107,0.6013643615558123,50400,0,1,1,0,1,0
17098,53,4434,1000,0,0,0,0,1,0,11,1,0,0,5434,4.42957042957043,17045,0,1,0,0,1,0
57053,53,5214,3437,0,0,1,0,1,0,11,1,0,0,8651,1.5165794066317626,57000,0,1,1,0,1,0
443,443,59243,31271,0,1,1,0,1,0,11,1,0,0,90514,1.8944423126119212,0,1,1,0,0,1,1
14385,3306,90279,335025,0,0,0,0,1,0,12,1,0,0,425304,0.2694686382549414,11079,0,0,0,0,1,0
3389,80,13050,6504,0,0,1,0,1,0,12,1,0,0,19554,2.0061491160645657,3309,0,1,0,0,1,1
63902,80,11026,30644,0,0,1,0,1,0,12,1,0,0,41670,0.35979768314570076,63822,0,1,1,0,1,0
7438,1433,5620,20260,1,0,1,0,0,1,12,1,0,0,25880,0.27738018853955876,6005,0,0,0,0,1,0
37562,22,98608,55662,1,0,0,0,1,0,12,1,0,0,154270,1.771517884411548,37540,0,1,0,0,1,0
35563,53,23146,14487,0,0,0,0,1,0,13,1,0,0,37633,1.5975980121479845,35510,0,1,0,0,1,0
32700,445,39681,145828,0,0,0,0,1,0,14,1,0,0,185509,0.27210637116074304,32255,0,1,0,0,1,0
14927,1433,39087,87558,0,0,0,0,1,0,14,1,0,0,126645,0.4464075651846184,13494,0,0,0,0,1,0
443,21,13462,43455,0,0,1,0,1,0,14,1,0,0,56917,0.30978460972017674,422,1,1,0,0,1,1
47299,22,3413,5910,0,0,1,0,1,0,14,1,0,0,9323,0.5773980713923194,47277,0,1,0,0,1,0
57868,80,4474,4452,0,0,0,0,1,0,14,1,0,0,8926,1.004715921850438,57788,0,1,1,0,1,0
63796,3306,133868,314216,1,0,1,0,1,0,15,1,0,0,448084,0.42603678349675544,60490,0,0,1,0,1,0
52720,3389,6897,27920,0,0,1,0,1,0,15,1,0,0,34817,0.24701837326743312,49331,0,0,1,0,1,0
39008,22,11423,36496,0,0,0,0,1,0,15,1,0,0,47919,0.31298462887360606,38986,0,1,0,0,1,0
49006,326,2170,8230,0,1,0,0,1,0,15,1,0,0,10400,0.2636374681083708,48680,0,1,0,0,0,0
22,22,3147,11336,0,1,1,0,1,0,16,1,0,0,14483,0.2775866631383964,0,1,1,0,0,1,1
53,80,6433,9303,1,0,0,0,1,0,16,1,0,0,15736,0.6914230438521066,27,1,1,0,0,1,1
63811,443,328223,1370327,0,0,1,0,1,0,16,1,0,0,1698550,0.23952148682651161,63368,0,1,1,0,1,0
58295,1433,63124,57461,0,0,0,0,0,1,16,1,0,0,120585,1.098534683791027,56862,0,0,1,0,1,0
11356,3389,9481,1998,0,0,1,0,1,0,16,1,0,0,11479,4.742871435717859,7967,0,0,0,0,1,0
20584,53,124567,27686,0,1,0,0,1,0,16,1,0,0,152253,4.499115108173511,20531,0,1,0,0,1,0
27019,21,17263,2626,0,0,1,0,1,0,16,1,0,0,19889,6.5713741910925005,26998,0,1,0,0,1,0
2439,80,192325,720618,0,0,0,0,1,0,17,1,0,0,912943,0.26688860549055743,2359,0,1,0,0,1,0
33849,443,758250,1045434,0,0,1,0,1,0,17,1,0,0,1803684,0.725296168580543,33406,0,1,0,0,1,0
45099,47782,114126,35177,0,0,1,0,1,0,17,1,0,0,149303,3.244243561316732,2683,0,0,0,0,0,0
13891,3389,25623,105793,0,0,0,0,1,0,17,1,0,0,131416,0.24219710002457606,10502,0,0,0,0,1,0
18632,21,67433,256806,0,0,1,0,1,0,18,1,0,0,324239,0.2625824062428205,18611,0,1,0,0,1,0
13414,25,22564,16866,0,0,0,0,1,0,18,1,0,0,39430,1.337760123317721,13389,0,1,0,0,1,0
53565,53,1167,2743,1,0,0,0,0,1,18,1,0,0,3910,0.42529154518950435,53512,0,1,1,0,1,0
52403,53,7727,20824,0,0,1,0,1,0,18,1,0,0,28551,0.37104441776710684,52350,0,1,1,0,1,0
32771,445,4805,14076,0,0,0,0,1,0,18,1,0,0,18881,0.34133693258506786,32326,0,1,0,0,1,0
24988,1433,7458,8669,0,0,1,1,0,0,19,1,0,0,16127,0.8602076124567474,23555,0,0,0,0,1,0
1433,22,388432,490688,0,0,0,0,0,1,19,1,0,0,879120,0.7916052734012786,1411,0,1,0,0,1,1
56670,3306,132646,10873,1,0,0,0,1,0,19,1,0,0,143519,12.198455030347619,53364,0,0,1,0,1,0
16394,3389,44596,105858,0,0,1,0,1,0,19,1,0,0,150454,0.4212773595065134,13005,0,0,0,0,1,0
59701,22,80801,71747,0,0,1,0,1,0,19,1,0,0,152548,1.1261777331772314,59679,0,1,1,0,1,0
80,3389,1067,1468,0,0,1,0,0,1,19,1,0,0,2535,0.7263444520081688,3309,1,0,0,0,1,1
16077,25,70621,149932,0,0,0,0,1,0,19,1,0,0,220553,0.47101705428424695,16052,0,1,0,0,1,0
42480,1433,99051,366371,0,0,0,0,0,1,20,1,0,0,465422,0.2703563591104124,41047,0,0,0,0,1,0
1433,443,611,2353,0,0,1,0,1,0,20,1,0,0,2964,0.25955819881053527,990,0,1,0,0,1,1
46636,53,74935,313198,0,0,1,0,1,0,20,1,0,0,388133,0.2392568303219359,46583,0,1,0,0,1,0
1433,53,2256,1788,0,0,1,1,0,0,20,1,0,0,4044,1.2610396869759641,1380,0,1,0,0,1,1
14969,445,941,216,0,0,1,0,1,0,20,1,0,0,1157,4.336405529953917,14524,0,1,0,0,1,0
32823,53,183892,634893,0,0,1,0,1,0,21,1,0,0,818785,0.2896420504840178,32770,0,1,0,0,1,0
32355,54979,4397,12634,0,1,0,0,1,0,21,1,0,0,17031,0.34800158290463,22624,0,0,0,1,0,0
27072,443,7005,17427,0,0,1,0,1,0,21,1,0,0,24432,0.4019394078494377,26629,0,1,0,0,1,0
49623,25,107298,306849,0,0,1,0,1,0,22,1,0,1,414147,0.3496757373309435,49598,0,1,1,0,1,0
55736,53,13515,30025,0,0,0,0,1,0,22,1,0,1,43540,0.45010990474921736,55683,0,1,1,0,1,0
64064,37628,16510,44097,0,0,1,0,1,0,22,1,0,1,60607,0.3743933965259195,26436,0,0,1,0,0,0
445,7508,15941,24922,0,0,1,0,1,0,22,1,0,1,40863,0.6396099987962925,7063,1,0,0,0,0,1
19462,80,38413,145771,0,0,1,0,1,0,22,1,0,1,184184,0.26351425513816096,19382,0,1,0,0,1,0
59110,1433,15334,7305,0,0,1,1,0,0,23,1,0,1,22639,2.0988228852997537,57677,0,0,1,0,1,0
53,1433,26439,11171,1,0,1,0,1,0,0,2,0,1,37610,2.3665413533834587,1380,1,0,0,0,1,1
12611,1433,9840,39925,0,0,0,0,1,0,0,2,0,1,49765,0.24645594349546662,11178,0,0,0,0,1,0
7206,1433,38673,45139,0,0,0,0,1,0,0,2,0,1,83812,0.8567346034559149,5773,0,0,0,0,1,0
12471,1433,36393,121904,0,0,1,0,1,0,1,2,0,1,158297,0.29853574504737296,11038,0,0,0,0,1,0
3306,53,458913,1210673,0,0,1,1,0,0,1,2,0,1,1669586,0.379055798670823,3253,0,1,0,0,1,1
17577,22,11968,10581,0,0,1,0,0,1,2,2,0,1,22549,1.130977130977131,17555,0,1,0,0,1,0
38964,3389,16404,39713,0,0,1,0,1,0,2,2,0,1,56117,0.41305333131893035,35575,0,0,0,0,1,0
2308,445,32277,57202,0,0,1,0,1,0,2,2,0,1,89479,0.5642536230617275,1863,0,1,0,0,1,0
5853,25,103063,363081,0,0,1,0,0,1,3,2,0,1,466144,0.28385598845439874,5828,0,1,0,0,1,0
46258,53,3840,9824,0,0,0,0,0,1,3,2,0,1,13664,0.39083969465648855,46205,0,1,0,0,1,0
22,22,25996,24565,0,0,1,1,0,0,3,2,0,1,50561,1.0582105348856143,0,1,1,0,0,1,1
25,443,398,1603,0,0,1,0,1,0,3,2,0,1,2001,0.24812967581047382,418,1,1,0,0,1,1
16314,443,14264,52836,0,0,1,1,0,0,4,2,0,1,67100,0.2699623369986941,15871,0,1,0,0,1,0
22905,24954,122560,254959,0,0,0,0,1,0,4,2,0,1,377519,0.4807028553498588,2049,0,0,0,0,0,0
6830,1433,6892,20177,0,0,1,0,1,0,4,2,0,1,27069,0.3415601149767073,5397,0,0,0,0,1,0
58342,53,29229,94447,0,0,0,0,1,0,4,2,0,1,123676,0.30947187870574283,58289,0,1,1,0,1,0
8964,3389,9449,23196,0,0,1,0,1,0,4,2,0,1,32645,0.40733715566668105,5575,0,0,0,0,1,0
46881,22,5568,5821,0,0,1,0,1,0,4,2,0,1,11389,0.9563723806252147,46859,0,1,0,0,1,0
42551,80,104232,220553,0,0,1,0,0,1,5,2,0,1,324785,0.4725917462390163,42471,0,1,0,0,1,0
23842,443,4136,10545,0,0,0,0,1,0,5,2,0,1,14681,0.39218661103736013,23399,0,1,0,0,1,0
31414,25,35197,86724,0,0,1,0,1,0,5,2,0,1,121921,0.4058460651484578,31389,0,1,0,0,1,0
65195,21,36075,26107,0,0,1,0,1,0,5,2,0,1,62182,1.3817603799601654,65174,0,1,1,0,1,0
21019,21,5637,9247,0,0,1,0,1,0,6,2,0,0,14884,0.6095371972318339,20998,0,1,0,0,1,0
43471,443,28256,87085,0,0,1,0,1,0,6,2,0,0,115341,0.32446087775302573,43028,0,1,0,0,1,0
59835,21,4934,20425,1,0,0,0,0,1,6,2,0,0,25359,0.2415548810339763,59814,0,1,1,0,1,0
15541,445,50760,18388,0,0,1,0,1,0,6,2,0,0,69148,2.7603458589374084,15096,0,1,0,0,1,0
16314,80,2686,268,1,0,1,0,1,0,6,2,0,0,2954,9.985130111524164,16234,0,1,0,0,1,0
57742,21,12792,18517,0,0,0,0,1,0,6,2,0,0,31309,0.6907873420455772,57721,0,1,1,0,1,0
50319,25,14699,30002,0,0,1,0,0,1,6,2,0,0,44701,0.48991767489917676,50294,0,1,1,0,1,0
29279,27800,130708,125566,0,0,1,0,1,0,7,2,0,0,256274,1.040942285791649,1479,0,0,0,0,0,0
39806,25,27558,21766,0,1,1,0,1,0,7,2,0,0,49324,1.2660449303992283,39781,0,1,0,0,1,0
21,3306,101521,307635,0,0,1,0,1,0,7,2,0,0,409156,0.33000364066624194,3285,1,0,0,0,1,1
443,21,53503,198537,0,0,1,0,1,0,8,2,0,0,252040,0.26948493487392844,422,1,1,0,0,1,1
53137,1433,52959,202251,0,0,1,0,0,1,8,2,0,0,255210,0.2618466072028954,51704,0,0,1,0,1,0
56060,445,12950,50619,0,0,0,0,1,0,8,2,0,0,63569,0.25582773607269854,55615,0,1,1,0,1,0
26192,80,112808,311822,1,0,1,0,1,0,8,2,0,0,424630,0.36176933709187586,26112,0,1,0,0,1,0
51096,53,12458,33904,0,0,0,0,0,1,9,2,0,0,46362,0.3674384309098953,51043,0,1,1,0,1,0
12614,80,1383,2371,0,0,0,0,1,0,9,2,0,0,3754,0.5830522765598651,12534,0,1,0,0,1,0
35400,445,15620,12437,0,0,0,0,1,0,9,2,0,0,28057,1.2558289114005468,34955,0,1,0,0,1,0
14951,443,45504,58796,0,0,0,0,1,0,10,2,0,0,104300,0.7739170365834992,14508,0,1,0,0,1,0
16938,80,1684,5938,0,0,1,0,1,0,10,2,0,0,7622,0.28354941909412357,16858,0,1,0,0,1,0
30888,3389,5344,2247,0,0,0,0,1,0,10,2,0,0,7591,2.377224199288256,27499,0,0,0,0,1,0
80,80,3074,2241,0,1,1,0,1,0,11,2,0,0,5315,1.3710972346119537,0,1,1,0,0,1,1
43641,443,77555,64034,1,0,1,0,0,1,11,2,0,0,141589,1.211134535800734,43198,0,1,0,0,1,0
54079,22,320161,986964,0,0,0,0,1,0,11,2,0,0,1307125,0.32438941603805604,54057,0,1,1,0,1,0
20023,1433,15748,4620,0,0,1,0,1,0,11,2,0,0,20368,3.4079203635576714,18590,0,0,0,0,1,0
11789,1433,51557,211668,0,0,0,0,1,0,11,2,0,0,263225,0.24357369288842484,10356,0,0,0,0,1,0
27413,3306,49455,117189,1,0,1,0,1,0,11,2,0,0,166644,0.4220069971840601,24107,0,0,0,0,1,0
15028,3389,264626,511046,0,0,0,0,1,0,12,2,0,0,775672,0.5178114733087172,11639,0,0,0,0,1,0
7627,445,7753,29837,0,0,1,0,1,0,12,2,0,0,37590,0.25983645016422013,7182,0,1,0,0,1,0
33782,22,15493,63488,0,0,1,0,1,0,12,2,0,0,78981,0.24402652427979651,33760,0,1,0,0,1,0
36627,25,12768,46497,0,0,1,0,1,0,12,2,0,0,59265,0.2745924555894877,36602,0,1,0,0,1,0
48046,21,24849,100984,0,0,0,0,1,0,12,2,0,0,125833,0.24606624746249442,48025,0,1,0,0,1,0
60566,445,1210939,520991,0,0,0,0,1,0,13,2,0,0,1731930,2.3242948068300473,60121,0,1,1,0,1,0
445,22,23139,95177,0,0,1,0,1,0,13,2,0,0,118316,0.24311290424257706,423,1,1,0,0,1,1
14324,80,5610,7450,0,0,1,0,1,0,13,2,0,0,13060,0.752919071265602,14244,0,1,0,0,1,0
24224,445,3473,13106,1,0,1,0,1,0,13,2,0,0,16579,0.26497291523613337,23779,0,1,0,0,1,0
42445,3306,163445,588567,0,0,1,0,0,1,13,2,0,0,752012,0.27769943320058177,39139,0,0,0,0,1,0
62372,22,5570,644,0,0,0,0,1,0,13,2,0,0,6214,8.635658914728682,62350,0,1,1,0,1,0
20670,443,63687,103905,0,0,0,0,0,1,14,2,0,0,167592,0.6129289935133678,20227,0,1,0,0,1,0
35165,80,7424,2756,0,0,0,0,1,0,14,2,0,0,10180,2.6927820094305406,35085,0,1,0,0,1,0
51931,3389,2902,3652,0,0,1,0,0,1,14,2,0,0,6554,0.7944155488639474,48542,0,0,1,0,1,0
53,443,58007,235470,0,0,1,0,1,0,15,2,0,0,293477,0.24634456047666167,390,1,1,0,0,1,1
63369,25,8028,11560,1,0,1,0,1,0,15,2,0,0,19588,0.6944035983046449,63344,0,1,1,0,1,0
61822,3306,43507,180401,0,0,1,0,1,0,15,2,0,0,223908,0.24116694936863228,58516,0,0,1,0,1,0
12798,1433,48964,138579,0,0,1,0,1,0,15,2,0,0,187543,0.35332659835474095,11365,0,0,0,0,1,0
41205,3306,52787,128362,0,0,1,0,1,0,16,2,0,0,181149,0.4112322086582582,37899,0,0,0,0,1,0
59802,25,14342,45068,0,0,1,0,1,0,16,2,0,0,59410,0.318223168918769,59777,0,1,1,0,1,0
61634,443,66031,154795,0,0,0,0,0,1,16,2,0,0,220826,0.42656786997080026,61191,0,1,1,0,1,0
62428,3389,5033,14248,0,0,1,0,1,0,16,2,0,0,19281,0.35321776966804685,59039,0,0,1,0,1,0
37425,22,434,666,0,0,1,0,1,0,16,2,0,0,1100,0.6506746626686657,37403,0,1,0,0,1,0
30649,3306,68256,45384,0,0,0,0,1,0,16,2,0,0,113640,1.5039330175168006,27343,0,0,0,0,1,0
45524,445,28708,119012,0,0,0,1,0,0,17,2,0,0,147720,0.24121734600421801,45079,0,1,0,0,1,0
3185,3389,8298,18360,0,0,0,0,0,1,17,2,0,0,26658,0.4519361690539731,204,0,0,0,0,1,0
25632,445,2092,5100,0,0,0,0,0,1,17,2,0,0,7192,0.41011566359537344,25187,0,1,0,0,1,0
18433,3306,846,597,0,0,1,0,1,0,17,2,0,0,1443,1.414715719063545,15127,0,0,0,0,1,0
57867,3306,23927,68847,0,0,0,0,1,0,17,2,0,0,92774,0.34753369742040435,54561,0,0,1,0,1,0
21291,63530,308062,743660,0,0,1,0,1,0,18,2,0,0,1051722,0.4142505792289766,42239,0,0,0,1,0,0
18190,445,17646,42560,0,0,0,0,1,0,18,2,0,0,60206,0.4146049199971805,17745,0,1,0,0,1,0
1433,3389,12355,6111,1,0,1,0,1,0,18,2,0,0,18466,2.021433246073298,1956,0,0,0,0,1,1
33555,443,21184,59797,0,0,1,0,1,0,18,2,0,0,80981,0.35425933977725005,33112,0,1,0,0,1,0
55896,21,719799,497279,0,0,1,0,1,0,19,2,0,0,1217078,1.4474722490347491,55875,0,1,1,0,1,0
3389,25,73353,228200,0,0,0,0,1,0,19,2,0,0,301553,0.321440309201099,3364,0,1,0,0,1,1
3389,3389,4945,9916,0,1,1,0,1,0,19,2,0,0,14861,0.49863870122012705,0,0,0,0,0,1,1
55354,3389,23039,64346,0,0,0,0,0,1,20,2,0,0,87385,0.3580431100128988,51965,0,0,1,0,1,0
52872,21,37492,45810,0,0,1,0,1,0,20,2,0,0,83302,0.8184060596799895,52851,0,1,1,0,1,0
25,3389,4063,638,1,0,0,0,0,1,21,2,0,0,4701,6.358372456964006,3364,1,0,0,0,1,1
1433,445,74207,223826,0,0,0,0,1,0,21,2,0,0,298033,0.33153730336375864,988,0,1,0,0,1,1
17452,3306,5952,17406,0,0,1,0,1,0,21,2,0,0,23358,0.341931406905268,14146,0,0,0,0,1,0
22274,22,1963,672,1,0,1,0,1,0,21,2,0,0,2635,2.916790490341753,22252,0,1,0,0,1,0
27745,3389,24879,102004,0,0,0,0,1,0,21,2,0,0,126883,0.24389980883290036,24356,0,0,0,0,1,0
51405,21,19313,19929,0,0,0,0,1,0,21,2,0,0,39242,0.9690416457601606,51384,0,1,1,0,1,0
53,3306,21990,60583,0,0,1,0,0,1,21,2,0,0,82573,0.3629671200316915,3253,1,0,0,0,1,1
3306,21,6480,24032,0,0,0,0,1,0,22,2,0,1,30512,0.26962925976781926,3285,0,1,0,0,1,1
53,443,8101,7266,0,0,1,0,1,0,22,2,0,1,15367,1.1147653777349662,390,1,1,0,0,1,1
31758,3389,133989,347265,0,0,1,0,1,0,22,2,0,1,481254,0.38583967333398606,28369,0,0,0,0,1,0
1765,80,44611,20715,0,0,1,0,1,0,22,2,0,1,65326,2.153456265688357,1685,0,1,0,0,1,0
59173,443,4765,5127,0,0,1,0,0,1,22,2,0,1,9892,0.9292121684867395,58730,0,1,1,0,1,0
40827,22,971,3140,0,0,0,0,1,0,22,2,0,1,4111,0.30913721744667305,40805,0,1,0,0,1,0
1318,1433,5099,17945,1,0,0,0,1,0,22,2,0,1,23044,0.28413016828262566,115,0,0,0,0,1,0
80,80,28330,84989,1,0,1,0,1,0,22,2,0,1,113319,0.3333333333333333,0,1,1,0,0,1,1
1433,1433,8013,19792,0,0,0,0,0,1,23,2,0,1,27805,0.4048400949830748,0,0,0,0,0,1,1
24256,443,7076,24580,0,0,1,0,1,0,23,2,0,1,31656,0.28786461087832066,23813,0,1,0,0,1,0
60186,80,8581,31881,0,0,0,0,0,1,23,2,0,1,40462,0.26914873596386674,60106,0,1,1,0,1,0
8228,21,19607,38413,0,0,1,0,1,0,0,3,0,1,58020,0.5104128703077003,8207,0,1,0,0,1,0
1719,22,77296,293276,0,0,1,0,0,1,0,3,0,1,370572,0.26355970635269726,1697,0,1,0,0,1,0
45962,3389,22011,60650,0,0,0,0,1,0,0,3,0,1,82661,0.36291240045506257,42573,0,0,0,0,1,0
3306,1433,24321,54292,0,0,1,0,1,0,0,3,0,1,78613,0.4479583003333763,1873,0,0,0,0,1,1
13573,21,15370,27050,0,0,0,0,1,0,0,3,0,1,42420,0.568186019001146,13552,0,1,0,0,1,0
64852,443,9907,2965,0,0,1,0,1,0,0,3,0,1,12872,3.340188806473365,64409,0,1,1,0,1,0
42138,22,92114,366038,0,0,0,0,1,0,0,3,0,1,458152,0.2516507803813255,42116,0,1,0,0,1,0
2073,80,72246,42628,1,0,1,0,1,0,0,3,0,1,114874,1.694761781885571,1993,0,1,0,0,1,0
26753,3306,580966,1994040,0,0,1,0,1,0,1,3,0,1,2575006,0.2913510805444823,23447,0,0,0,0,1,0
80,80,58507,244678,0,0,1,1,0,0,1,3,0,1,303185,0.2391173741923091,0,1,1,0,0,1,1
11011,1433,9922,18264,1,0,1,0,1,0,1,3,0,1,28186,0.5432247467834657,9578,0,0,0,0,1,0
16040,50926,5179,11639,0,0,1,0,1,0,1,3,0,1,16818,0.4449312714776632,34886,0,0,0,1,0,0
1951,53,101185,34189,0,0,1,0,1,0,1,3,0,1,135374,2.9594910792629423,1898,0,1,0,0,1,0
62950,80,5979,7116,0,0,1,0,0,1,2,3,0,1,13095,0.8401011662217226,62870,0,1,1,0,1,0
21222,3389,80465,333916,0,0,1,0,1,0,2,3,0,1,414381,0.2409730561786312,17833,0,0,0,0,1,0
19288,25,6529,15707,0,0,1,0,1,0,2,3,0,1,22236,0.4156480774127833,19263,0,1,0,0,1,0
30703,445,38509,34252,0,0,1,0,1,0,2,3,0,1,72761,1.1242518903453713,30258,0,1,0,0,1,0
39167,3306,4041,12049,0,0,1,0,1,0,3,3,0,1,16090,0.3353526970954357,35861,0,0,0,0,1,0
14314,3306,76712,139673,0,0,1,0,1,0,3,3,0,1,216385,0.5492217592393717,11008,0,0,0,0,1,0
40063,80,3059,1999,0,0,1,0,1,0,3,3,0,1,5058,1.5295,39983,0,1,0,0,1,0
41329,1433,34089,24135,0,0,1,0,1,0,4,3,0,1,58224,1.4123715611534637,39896,0,0,0,0,1,0
48222,445,16049,31983,0,0,1,0,1,0,4,3,0,1,48032,0.5017821410705353,47777,0,1,0,0,1,0
14199,21,25923,47644,0,0,0,0,1,0,4,3,0,1,73567,0.5440864728722846,14178,0,1,0,0,1,0
50609,21,11692,38702,0,0,1,0,1,0,4,3,0,1,50394,0.3020954447975609,50588,0,1,1,0,1,0
21,235,2962,1722,0,1,1,0,1,0,5,3,0,1,4684,1.7190946024376088,214,1,1,0,0,0,1
54425,1433,28216,68779,0,0,1,0,0,1,5,3,0,1,96995,0.4102355335853446,52992,0,0,1,0,1,0
443,21,4431,11189,0,0,1,0,0,1,5,3,0,1,15620,0.3959785522788204,422,1,1,0,0,1,1
52954,3389,4390,11526,0,0,0,0,1,0,5,3,0,1,15916,0.38084497267285505,49565,0,0,1,0,1,0
80,80,12410,18794,0,1,1,0,1,0,6,3,0,0,31204,0.6602819898909285,0,1,1,0,0,1,1
18976,24762,11661,22262,0,0,1,0,1,0,6,3,0,0,33923,0.5237838566230966,5786,0,0,0,0,0,0
65281,445,4408,3028,1,0,0,0,1,0,6,3,0,0,7436,1.4552657642786397,64836,0,1,1,0,1,0
31100,21,96639,116302,0,0,1,0,1,0,6,3,0,0,212941,0.8309243957593527,31079,0,1,0,0,1,0
35231,443,12898,7987,0,0,0,0,1,0,6,3,0,0,20885,1.614672008012018,34788,0,1,0,0,1,0
49128,53,15326,57237,0,0,1,0,0,1,6,3,0,0,72563,0.26775918096369544,49075,0,1,0,0,1,0
80,80,2633,3232,1,1,1,0,0,1,6,3,0,0,5865,0.81441385709867,0,1,1,0,0,1,1
445,445,605989,244055,0,0,0,0,1,0,7,3,0,0,850044,2.482991608483299,0,1,1,0,0,1,1
10666,443,1070148,1393476,0,0,1,0,1,0,7,3,0,0,2463624,0.7679696184436485,10223,0,1,0,0,1,0
54384,21,6319,850,0,0,1,0,0,1,7,3,0,0,7169,7.425381903642773,54363,0,1,1,0,1,0
6674,443,156645,380736,0,0,1,0,0,1,7,3,0,0,537381,0.4114257348248266,6231,0,1,0,0,1,0
22,53,19017,46452,1,0,0,0,0,1,7,3,0,0,65469,0.40938152541278283,31,1,1,0,0,1,1
47265,53,286654,504794,1,0,1,0,1,0,7,3,0,0,791448,0.5678622014877327,47212,0,1,0,0,1,0
48043,3306,37721,10225,0,0,1,0,1,0,7,3,0,0,47946,3.688734598083317,44737,0,0,0,0,1,0
33975,443,25838,99439,0,0,1,0,1,0,8,3,0,0,125277,0.2598350764279968,33532,0,1,0,0,1,0
25078,80,403,249,0,0,1,0,1,0,8,3,0,0,652,1.612,24998,0,1,0,0,1,0
8957,3389,5400,11639,1,0,1,0,1,0,8,3,0,0,17039,0.4639175257731959,5568,0,0,0,0,1,0
10680,1433,22761,7788,0,0,1,0,1,0,8,3,0,0,30549,2.922197971498267,9247,0,0,0,0,1,0
25065,445,30268,44645,0,0,0,0,0,1,8,3,0,0,74913,0.6779554719347758,24620,0,1,0,0,1,0
41726,443,3153,12596,0,0,0,0,0,1,8,3,0,0,15749,0.2502976899261729,41283,0,1,0,0,1,0
32296,3306,6863,24201,0,0,0,0,1,0,8,3,0,0,31064,0.2835716056524254,28990,0,0,0,0,1,0
21551,445,53397,67494,0,0,0,0,0,1,9,3,0,0,120891,0.7911252685384103,21106,0,1,0,0,1,0
51789,80,2408,3567,1,0,1,0,1,0,9,3,0,0,5975,0.6748878923766816,51709,0,1,1,0,1,0
24419,443,27281,55475,1,0,0,0,0,1,9,3,0,0,82756,0.49176220347537675,23976,0,1,0,0,1,0
34717,22,159647,353242,0,0,0,0,1,0,9,3,0,0,512889,0.4519466769334424,34695,0,1,0,0,1,0
3306,25,40812,171268,0,0,1,0,1,0,10,3,0,0,212080,0.2382918099597709,3281,0,1,0,0,1,1
38864,25,37676,5518,1,0,0,0,1,0,12,3,0,0,43194,6.8265990215618775,38839,0,1,0,0,1,0
443,443,869,1046,0,1,1,0,1,0,12,3,0,0,1915,0.8299904489016237,0,1,1,0,0,1,1
25333,53,5913,20669,1,0,1,0,1,0,12,3,0,0,26582,0.286066763425254,25280,0,1,0,0,1,0
13566,22,589319,1962802,0,0,0,0,1,0,13,3,0,0,2552121,0.30024358022684905,13544,0,1,0,0,1,0
3099,53,8445,29825,0,0,1,1,0,0,13,3,0,0,38270,0.2831422249044458,3046,0,1,0,0,1,0
3306,1433,166568,331486,0,0,1,0,1,0,13,3,0,0,498054,0.5024872770274551,1873,0,0,0,0,1,1
15150,443,8288,16814,0,0,0,0,1,0,13,3,0,0,25102,0.4928932500743384,14707,0,1,0,0,1,0
23506,3306,14121,19504,0,0,1,0,1,0,13,3,0,0,33625,0.7239682132786465,20200,0,0,0,0,1,0
38057,80,50258,79239,0,0,1,0,1,0,14,3,0,0,129497,0.6342503785966683,37977,0,1,0,0,1,0
54496,22,25876,56476,0,0,0,0,1,0,14,3,0,0,82352,0.45816881208279475,54474,0,1,1,0,1,0
20921,1433,40555,118307,0,0,1,0,1,0,14,3,0,0,158862,0.3427916962504649,19488,0,0,0,0,1,0
80,3389,5946,7298,1,0,0,0,1,0,14,3,0,0,13244,0.8146321413892315,3309,1,0,0,0,1,1
34205,445,3575,7891,0,0,1,0,1,0,14,3,0,0,11466,0.4529903699949316,33760,0,1,0,0,1,0
43578,1433,5337,8196,0,0,1,0,1,0,14,3,0,0,13533,0.6510918628766622,42145,0,0,0,0,1,0
56152,80,9398,6494,0,0,0,0,1,0,14,3,0,0,15892,1.4469591993841417,56072,0,1,1,0,1,0
25,22,15262,12071,0,0,1,0,1,0,14,3,0,0,27333,1.2642478462557984,3,1,1,0,0,1,1
48367,3306,115802,110334,0,0,1,0,0,1,15,3,0,0,226136,1.0495491004667603,45061,0,0,0,0,1,0
64708,25,25330,14655,0,0,0,0,1,0,15,3,0,0,39985,1.7283024017467248,64683,0,1,1,0,1,0
443,21,47827,26239,0,0,1,0,1,0,15,3,0,0,74066,1.8226753048780489,422,1,1,0,0,1,1
30607,25,27627,90243,0,0,1,0,0,1,15,3,0,0,117870,0.3061366960684367,30582,0,1,0,0,1,0
55845,21,3697,15050,0,0,0,0,1,0,15,3,0,0,18747,0.24563151950036544,55824,0,1,1,0,1,0
53,3389,22643,6365,0,0,0,0,1,0,15,3,0,0,29008,3.5568645931511154,3336,1,0,0,0,1,1
60890,80,27153,56862,1,0,1,1,0,0,15,3,0,0,84015,0.47751613527249703,60810,0,1,1,0,1,0
48143,21,74300,247785,0,0,1,0,1,0,16,3,0,0,322085,0.29985552048945463,48122,0,1,0,0,1,0
36003,1433,3984,9161,0,0,0,0,1,0,16,3,0,0,13145,0.4348395546823838,34570,0,0,0,0,1,0
25,8287,841,834,1,0,1,0,0,1,16,3,0,0,1675,1.007185628742515,8262,1,0,0,0,0,1
57667,250,10191,34980,0,1,1,0,0,1,16,3,0,0,45171,0.29132957891426775,57417,0,1,1,0,0,0
45640,1433,38799,130135,0,0,1,0,1,0,16,3,0,0,168934,0.29814194381262676,44207,0,0,0,0,1,0
53,445,16530,47750,0,0,1,0,1,0,16,3,0,0,64280,0.3461707608217629,392,1,1,0,0,1,1
38448,21,23036,48753,0,0,1,0,0,1,16,3,0,0,71789,0.4724945645485499,38427,0,1,0,0,1,0
2522,22,89862,89712,0,0,1,0,1,0,17,3,0,0,179574,1.0016608518274943,2500,0,1,0,0,1,0
51898,80,10571,35385,1,0,1,0,1,0,17,3,0,0,45956,0.2987339625840728,51818,0,1,1,0,1,0
22219,22,14103,17750,0,0,1,0,1,0,17,3,0,0,31853,0.7944904512421835,22197,0,1,0,0,1,0
20835,3389,24995,35414,0,0,0,0,1,0,17,3,0,0,60409,0.7057743893830298,17446,0,0,0,0,1,0
53114,22,3128,4290,0,0,1,0,0,1,17,3,0,0,7418,0.7289676066185038,53092,0,1,1,0,1,0
40123,1433,17274,33288,1,0,1,0,0,1,17,3,0,0,50562,0.5189101505001652,38690,0,0,0,0,1,0
59936,22,19890,42817,0,0,1,0,0,1,17,3,0,0,62707,0.4645242654958195,59914,0,1,1,0,1,0
6777,445,302327,204759,0,0,1,0,0,1,18,3,0,0,507086,1.476494432506349,6332,0,1,0,0,1,0
21,443,13670,44984,0,0,1,0,1,0,18,3,0,0,58654,0.3038790708013782,422,1,1,0,0,1,1
56284,443,30333,111946,0,0,1,0,1,0,18,3,0,0,142279,0.2709585786130937,55841,0,1,1,0,1,0
39297,3389,95777,79251,0,0,1,0,1,0,18,3,0,0,175028,1.2085120880230151,35908,0,0,0,0,1,0
31019,3306,5767,5457,0,0,0,0,1,0,18,3,0,0,11224,1.056614144375229,27713,0,0,0,0,1,0
7787,445,199024,386953,0,0,0,0,1,0,19,3,0,0,585977,0.5143350372395685,7342,0,1,0,0,1,0
30813,21,370345,1286876,0,0,1,0,1,0,19,3,0,0,1657221,0.2877858567679739,30792,0,1,0,0,1,0
11465,445,21031,8831,0,0,1,0,0,1,19,3,0,0,29862,2.381227355072464,11020,0,1,0,0,1,0
3306,53,9292,26095,1,0,0,0,1,0,20,3,0,0,35387,0.35606989576946657,3253,0,1,0,0,1,1
50366,21,297565,553040,0,0,0,0,1,0,20,3,0,0,850605,0.5380523324672131,50345,0,1,1,0,1,0
12557,3389,78669,221121,1,0,0,0,1,0,20,3,0,0,299790,0.3557719268096345,9168,0,0,0,0,1,0
22,1433,25113,49455,0,0,1,0,1,0,20,3,0,0,74568,0.5077846975088968,1411,1,0,0,0,1,1
61711,25,215981,303013,0,0,1,0,1,0,21,3,0,0,518994,0.7127756473298263,61686,0,1,1,0,1,0
39963,21,182332,665141,0,0,0,0,0,1,21,3,0,0,847473,0.27412492370050306,39942,0,1,0,0,1,0
32162,53,12861,50646,0,0,1,0,1,0,21,3,0,0,63507,0.25393409283866764,32109,0,1,0,0,1,0
17031,22,32792,5700,0,0,0,0,1,0,21,3,0,0,38492,5.751973338010875,17009,0,1,0,0,1,0
1433,445,55429,118463,1,0,0,0,1,0,21,3,0,0,173892,0.46789742031334414,988,0,1,0,0,1,1
30660,3306,23062,20303,0,0,0,0,1,0,21,3,0,0,43365,1.135835303388495,27354,0,0,0,0,1,0
31903,443,2379,9333,1,0,0,0,0,1,21,3,0,0,11712,0.25487465181058494,31460,0,1,0,0,1,0
13509,1433,4908,16026,1,0,0,0,0,1,21,3,0,0,20934,0.3062332314219754,12076,0,0,0,0,1,0
38990,53,2506,5041,0,0,1,0,0,1,22,3,0,1,7547,0.49702499008330026,38937,0,1,0,0,1,0
53,1433,48468,110761,0,0,1,0,1,0,22,3,0,1,159229,0.43758689803362166,1380,1,0,0,0,1,1
65033,3306,3311,10505,0,0,1,0,1,0,22,3,0,1,13816,0.31515324576432513,61727,0,0,1,0,1,0
57276,25,29967,76544,0,0,1,0,1,0,22,3,0,1,106511,0.3914951989026063,57251,0,1,1,0,1,0
17644,445,412935,758454,1,0,0,0,1,0,23,3,0,1,1171389,0.5444423202431258,17199,0,1,0,0,1,0
32431,22,216302,441225,0,0,1,0,0,1,23,3,0,1,657527,0.4902294969018145,32409,0,1,0,0,1,0
65160,3389,1164,1648,0,0,1,0,1,0,23,3,0,1,2812,0.7058823529411765,61771,0,0,1,0,1,0
56554,1433,2847,6069,0,0,0,1,0,0,23,3,0,1,8916,0.46902800658978583,55121,0,0,1,0,1,0
1433,80,6358,25676,0,0,0,0,1,0,0,4,0,1,32034,0.24761459672080072,1353,0,1,0,0,1,1
48406,443,3393,4025,0,0,1,0,1,0,0,4,0,1,7418,0.8427719821162444,47963,0,1,0,0,1,0
445,1433,1562,2420,1,0,1,0,1,0,0,4,0,1,3982,0.6451879388682362,988,1,0,0,0,1,1
21,26475,21647,6851,0,0,1,0,1,0,0,4,0,1,28498,3.159223584354933,26454,1,0,0,0,0,1
20690,3389,68061,255038,0,0,0,0,1,0,0,4,0,1,323099,0.2668650676955289,17301,0,0,0,0,1,0
32775,80,101362,244399,0,0,0,0,1,0,0,4,0,1,345761,0.4147381342062193,32695,0,1,0,0,1,0
3305,443,10309,12827,0,0,1,0,1,0,0,4,0,1,23136,0.8036326785157468,2862,0,1,0,0,1,0
65315,445,14256,40966,0,0,0,0,1,0,1,4,0,1,55222,0.3479874044963019,64870,0,1,1,0,1,0
13707,80,38912,94535,0,0,1,0,1,0,1,4,0,1,133447,0.41161039180841164,13627,0,1,0,0,1,0
9415,22,18516,6653,0,0,0,0,1,0,1,4,0,1,25169,2.7826871055004507,9393,0,1,0,0,1,0
3377,3306,80577,220483,0,0,1,0,1,0,1,4,0,1,301060,0.36545508971172513,71,0,0,0,0,1,0
63939,25,43852,164065,0,0,1,0,1,0,1,4,0,1,207917,0.2672826789218973,63914,0,1,1,0,1,0
445,445,12063,13876,0,0,1,0,1,0,1,4,0,1,25939,0.8692801037688261,0,1,1,0,0,1,1
6840,21,1129,2890,0,0,0,0,1,0,1,4,0,1,4019,0.3905223106191629,6819,0,1,0,0,1,0
25,25,242425,128286,0,0,1,0,1,0,1,4,0,1,370711,1.8897082323228387,0,1,1,0,0,1,1
3306,3389,7348,15832,0,0,1,0,1,0,1,4,0,1,23180,0.46409398092591425,83,0,0,0,0,1,1
14905,21,39030,158173,0,0,1,0,1,0,2,4,0,1,197203,0.24675357517670413,14884,0,1,0,0,1,0
21556,53,1026,194,0,0,0,0,1,0,2,4,0,1,1220,5.2615384615384615,21503,0,1,0,0,1,0
59410,25,21631,77983,0,0,0,0,1,0,2,4,0,1,99614,0.27737741075092326,59385,0,1,1,0,1,0
13585,80,25859,28425,0,0,1,0,0,1,2,4,0,1,54284,0.9096953493280799,13505,0,1,0,0,1,0
25728,53,27938,46106,0,1,0,0,1,0,3,4,0,1,74044,0.6059383607695144,25675,0,1,0,0,1,0
21,25,2736168,6855175,0,0,0,0,1,0,3,4,0,1,9591343,0.3991389863659226,4,1,1,0,0,1,1
33272,22,8024,20033,0,0,1,0,0,1,3,4,0,1,28057,0.4005191175002496,33250,0,1,0,0,1,0
48530,1433,81884,201655,0,0,0,0,1,0,3,4,0,1,283539,0.4060578410758916,47097,0,0,0,0,1,0
45860,445,50877,14725,0,0,1,0,1,0,3,4,0,1,65602,3.4549096835529,45415,0,1,0,0,1,0
63156,22,7436,7747,1,0,1,0,1,0,3,4,0,1,15183,0.959731543624161,63134,0,1,1,0,1,0
9069,25,79943,328082,0,0,0,0,1,0,3,4,0,1,408025,0.24366699889966867,9044,0,1,0,0,1,0
8056,25,16934,50436,0,0,1,0,1,0,3,4,0,1,67370,0.33574558359934176,8031,0,1,0,0,1,0
22945,25,89356,105462,1,0,1,0,1,0,4,4,0,1,194818,0.8472734513526071,22920,0,1,0,0,1,0
29985,443,507646,734551,0,0,1,0,1,0,4,4,0,1,1242197,0.6910960694409654,29542,0,1,0,0,1,0
25,3389,28036,89545,0,0,1,0,1,0,4,4,0,1,117581,0.3130904786366784,3364,1,0,0,0,1,1
58498,3306,14047,57068,0,0,1,0,1,0,5,4,0,1,71115,0.24614063677302914,55192,0,0,1,0,1,0
53,53,118478,150991,0,0,1,0,1,0,5,4,0,1,269469,0.7846640881636113,0,1,1,0,0,1,1
54841,22,205796,697785,1,0,0,0,1,0,5,4,0,1,903581,0.2949270979927944,54819,0,1,1,0,1,0
30521,628,14446,37486,0,1,0,0,0,1,5,4,0,1,51932,0.3853602582228506,29893,0,1,0,0,0,0
17512,21,10670,32571,0,0,1,0,0,1,5,4,0,1,43241,0.32758197224610097,17491,0,1,0,0,1,0
50164,25,64904,208441,0,0,0,0,1,0,5,4,0,1,273345,0.311376785868491,50139,0,1,1,0,1,0
38961,53,17831,41014,1,1,0,1,0,0,6,4,0,0,58845,0.4347433865658905,38908,0,1,0,0,1,0
21140,445,1441956,954517,0,1,1,0,1,0,6,4,0,0,2396473,1.5106640210032707,20695,0,1,0,0,1,0
44053,22,52318,4935,1,0,1,0,1,0,6,4,0,0,57253,10.599270664505672,44031,0,1,0,0,1,0
30676,1433,64497,39215,0,0,0,0,0,1,7,4,0,0,103712,1.6446603427172584,29243,0,0,0,0,1,0
6516,1433,12900,19311,0,0,1,0,1,0,7,4,0,0,32211,0.6679784589892295,5083,0,0,0,0,1,0
5715,1433,24298,84968,0,0,1,0,1,0,7,4,0,0,109266,0.28596311595993834,4282,0,0,0,0,1,0
32011,22,8755,22860,0,0,1,0,1,0,7,4,0,0,31615,0.3829666243821355,31989,0,1,0,0,1,0
25476,21,3818,14922,0,0,0,0,1,0,7,4,0,0,18740,0.2558466796220599,25455,0,1,0,0,1,0
443,21,9943,5907,0,0,1,0,0,1,7,4,0,0,15850,1.682972241029113,422,1,1,0,0,1,1
14164,25,24792,18958,1,0,1,0,1,0,8,4,0,0,43750,1.3076639063241733,14139,0,1,0,0,1,0
31075,3306,2079,7759,0,0,0,0,1,0,8,4,0,0,9838,0.2679123711340206,27769,0,0,0,0,1,0
21602,3389,11176,20527,0,0,1,0,1,0,8,4,0,0,31703,0.5444271239282931,18213,0,0,0,0,1,0
5882,21,25349,43540,0,0,0,0,0,1,8,4,0,0,68889,0.5821869042970993,5861,0,1,0,0,1,0
53,3389,148963,48740,0,0,1,0,1,0,8,4,0,0,197703,3.056215506452473,3336,1,0,0,0,1,1
64199,25,13357,36281,0,0,1,0,1,0,8,4,0,0,49638,0.3681439832423791,64174,0,1,1,0,1,0
3389,53,3000,2222,1,0,0,0,1,0,8,4,0,0,5222,1.349527665317139,3336,0,1,0,0,1,1
47375,445,15749,55160,0,0,1,0,1,0,8,4,0,0,70909,0.2855096898170809,46930,0,1,0,0,1,0
21,21,8897,21717,0,0,1,0,1,0,8,4,0,0,30614,0.40966018970439266,0,1,1,0,0,1,1
60062,25,53289,118275,0,0,1,0,1,0,9,4,0,0,171564,0.4505478710811999,60037,0,1,1,0,1,0
8118,13328,12827,28341,0,0,0,0,1,0,9,4,0,0,41168,0.4525792110648508,5210,0,0,0,0,0,0
37556,22,288,30,1,0,1,0,1,0,9,4,0,0,318,9.290322580645162,37534,0,1,0,0,1,0
45644,3389,8093721,9214301,0,0,0,0,1,0,9,4,0,0,17308022,0.8783867730838429,42255,0,0,0,0,1,0
57866,22,27661,99577,0,0,0,0,1,0,9,4,0,0,127238,0.2777822410572616,57844,0,1,1,0,1,0
1433,1433,25405,95821,0,0,1,0,1,0,9,4,0,0,121226,0.26512700632422614,0,0,0,0,0,1,1
43586,21,1870,1373,1,0,0,0,1,0,10,4,0,0,3243,1.3609898107714702,43565,0,1,0,0,1,0
3306,3306,2114,949,0,0,0,0,1,0,10,4,0,0,3063,2.225263157894737,0,0,0,0,0,1,1
62555,25,19013,36509,0,0,0,0,1,0,10,4,0,0,55522,0.5207614352232265,62530,0,1,1,0,1,0
32388,53,37717,140670,0,0,1,0,1,0,10,4,0,0,178387,0.2681220720688699,32335,0,1,0,0,1,0
50605,53,67736,179683,0,0,1,0,1,0,10,4,0,0,247419,0.376972907994034,50552,0,1,1,0,1,0
28375,53,32205,46613,0,0,1,0,1,0,10,4,0,0,78818,0.6908868580254859,28322,0,1,0,0,1,0
3559,3389,3302,13554,0,0,0,0,0,1,11,4,0,0,16856,0.2436001475470306,170,0,0,0,0,1,0
20967,445,400,80,0,0,1,0,1,0,11,4,0,0,480,4.938271604938271,20522,0,1,0,0,1,0
26030,634,231,479,0,1,0,0,1,0,11,4,0,0,710,0.48125,25396,0,1,0,0,0,0
6973,445,9373,13747,0,0,1,0,0,1,11,4,0,0,23120,0.6817718940936863,6528,0,1,0,0,1,0
42937,22,2921,9660,0,0,0,0,1,0,12,4,0,0,12581,0.3023496532450057,42915,0,1,0,0,1,0
16096,25,82858,298318,0,0,1,0,1,0,12,4,0,0,381176,0.27774965724610234,16071,0,1,0,0,1,0
3306,53,1770,4810,0,0,1,0,1,0,12,4,0,0,6580,0.36790688006651423,3253,0,1,0,0,1,1
44089,1433,59109,117605,1,0,1,0,1,0,12,4,0,0,176714,0.502601908065915,42656,0,0,0,0,1,0
9919,443,2307,1569,0,0,1,0,0,1,13,4,0,0,3876,1.4694267515923567,9476,0,1,0,0,1,0
14506,1433,27297,60469,0,0,1,0,1,0,13,4,0,0,87766,0.45141392425996363,13073,0,0,0,0,1,0
80,80,98160,172046,0,1,1,0,1,0,13,4,0,0,270206,0.5705417705626951,0,1,1,0,0,1,1
11317,3306,12826,4106,1,0,0,0,0,1,13,4,0,0,16932,3.1229607986364742,8011,0,0,0,0,1,0
41200,80,329019,368867,0,0,1,0,0,1,13,4,0,0,697886,0.8919694850190312,41120,0,1,0,0,1,0
3389,25,473836,140495,0,0,1,0,1,0,13,4,0,0,614331,3.372594237558365,3364,0,1,0,0,1,1
20563,443,32192,113574,1,0,1,0,1,0,14,4,0,0,145766,0.2834426590358794,20120,0,1,0,0,1,0
40013,1433,52376,156163,0,0,1,0,1,0,14,4,0,0,208539,0.33539099920596294,38580,0,0,0,0,1,0
53,22,120226,308230,0,0,1,0,0,1,14,4,0,0,428456,0.39005161713130737,31,1,1,0,0,1,1
7758,22,52632,118304,0,0,1,0,1,0,14,4,0,0,170936,0.44488398630658044,7736,0,1,0,0,1,0
12494,1433,44337,183896,1,0,1,0,1,0,14,4,0,0,228233,0.24109691838366043,11061,0,0,0,0,1,0
3306,3389,9523,27362,1,0,0,0,1,0,15,4,0,0,36885,0.34802470489346926,83,0,0,0,0,1,1
11208,53,1480,1624,0,0,1,0,1,0,15,4,0,0,3104,0.9107692307692308,11155,0,1,0,0,1,0
39499,25,2382,5768,1,0,1,0,1,0,15,4,0,0,8150,0.4128965158606344,39474,0,1,0,0,1,0
38989,267,1632,5246,0,1,0,0,1,0,16,4,0,0,6878,0.3110348770726129,38722,0,1,0,0,0,0
1433,10755,36898,52462,1,0,0,0,1,0,16,4,0,0,89360,0.7033147170386749,9322,0,0,0,0,0,1
3389,443,14867,42404,0,0,1,0,1,0,16,4,0,0,57271,0.35059544864992337,2946,0,1,0,0,1,1
25884,53,166262,513703,1,0,0,0,1,0,16,4,0,0,679965,0.32365331007739867,25831,0,1,0,0,1,0
24748,25,6640,10824,0,0,1,0,1,0,17,4,0,0,17464,0.6133949191685912,24723,0,1,0,0,1,0
41279,443,55992,75791,0,0,0,0,1,0,17,4,0,0,131783,0.7387587080430652,40836,0,1,0,0,1,0
27529,3389,24922,43387,0,0,1,0,0,1,17,4,0,0,68309,0.5743984511846594,24140,0,0,0,0,1,0
1433,1433,45983,125375,0,0,1,0,1,0,17,4,0,0,171358,0.36676078356304237,0,0,0,0,0,1,1
40315,53,12858,25078,0,0,1,0,1,0,17,4,0,0,37936,0.5126998684158061,40262,0,1,0,0,1,0
13435,53,4705,15815,0,0,1,0,1,0,18,4,0,0,20520,0.29748356095093575,13382,0,1,0,0,1,0
29513,443,5904,23724,0,0,1,0,1,0,18,4,0,0,29628,0.2488514225500527,29070,0,1,0,0,1,0
21140,3389,6284,17479,0,0,1,0,1,0,18,4,0,0,23763,0.35949656750572084,17751,0,0,0,0,1,0
19662,21,21922,51417,0,0,1,0,1,0,18,4,0,0,73339,0.4263487494651678,19641,0,1,0,0,1,0
1433,3306,1826,4430,0,0,1,0,1,0,18,4,0,0,6256,0.4120965921913789,1873,0,0,0,0,1,1
9711,1433,2993,1793,0,0,1,0,1,0,19,4,0,0,4786,1.6683389074693422,8278,0,0,0,0,1,0
8335,3306,27360,66620,0,0,1,0,1,0,19,4,0,0,93980,0.4106813167019408,5029,0,0,0,0,1,0
15421,3306,17956,15709,0,0,1,0,1,0,19,4,0,0,33665,1.1429662635264164,12115,0,0,0,0,1,0
32671,22,29862,3301,0,0,1,0,0,1,19,4,0,0,33163,9.043609933373713,32649,0,1,0,0,1,0
33359,22,20494,37001,0,0,1,0,1,0,19,4,0,0,57495,0.5538619534079239,33337,0,1,0,0,1,0
80,80,1239626,2793074,0,0,0,0,1,0,19,4,0,0,4032700,0.4438212364508651,0,1,1,0,0,1,1
15769,3306,26978,74896,0,0,1,0,1,0,20,4,0,0,101874,0.36020134317796443,12463,0,0,0,0,1,0
42645,443,12009,7202,0,0,0,0,1,0,20,4,0,0,19211,1.6672219908371513,42202,0,1,0,0,1,0
58612,25,25895,15022,0,0,1,0,0,1,20,4,0,0,40917,1.7236903414764029,58587,0,1,1,0,1,0
40546,25,112637,461650,0,0,1,0,0,1,21,4,0,0,574287,0.24398734108666503,40521,0,1,0,0,1,0
55005,53,20345,27022,0,0,0,0,1,0,21,4,0,0,47367,0.7528771786996262,54952,0,1,1,0,1,0
1938,22,65878,238478,1,1,1,0,1,0,21,4,0,0,304356,0.2762423525761178,1916,0,1,0,0,1,0
50504,21,41509,168146,0,0,1,0,1,0,22,4,0,1,209655,0.24686137724728957,50483,0,1,1,0,1,0
50654,445,13840,8542,0,0,0,0,0,1,22,4,0,1,22382,1.6200397986655741,50209,0,1,1,0,1,0
3299,80,26302,13249,0,0,1,0,1,0,22,4,0,1,39551,1.9850566037735848,3219,0,1,0,0,1,0
3506,53,284439,695847,0,0,1,0,1,0,22,4,0,1,980286,0.4087659948724434,3453,0,1,0,0,1,0
42566,80,32497,15667,0,0,1,0,1,0,22,4,0,1,48164,2.0741000765892266,42486,0,1,0,0,1,0
22228,445,4547,15675,0,0,1,0,1,0,22,4,0,1,20222,0.2900612401122735,21783,0,1,0,0,1,0
37670,443,13210,37469,0,0,1,0,1,0,23,4,0,1,50679,0.3525487056311716,37227,0,1,0,0,1,0
40343,80,747,1196,0,0,1,0,1,0,23,4,0,1,1943,0.6240601503759399,40263,0,1,0,0,1,0
61550,80,27442,13744,0,0,1,0,1,0,0,5,1,1,41186,1.9965078210258276,61470,0,1,1,0,1,0
45491,3306,179745,699303,0,0,0,0,1,0,0,5,1,1,879048,0.2570341367988743,42185,0,0,0,0,1,0
15399,22,2575,3275,0,0,1,0,0,1,0,5,1,1,5850,0.786019536019536,15377,0,1,0,0,1,0
24501,21,27989,82554,0,0,1,0,1,0,0,5,1,1,110543,0.33903458300526923,24480,0,1,0,0,1,0
53542,80,106584,200135,0,0,1,0,0,1,1,5,1,1,306719,0.5325578606547547,53462,0,1,1,0,1,0
30699,443,126225,262364,0,0,1,0,1,0,1,5,1,1,388589,0.48110456806357554,30256,0,1,0,0,1,0
7266,80,170703,89679,0,0,1,0,1,0,1,5,1,1,260382,1.9034678858162355,7186,0,1,0,0,1,0
445,3306,1108,4233,0,0,1,0,1,0,1,5,1,1,5341,0.26169107227208316,2861,1,0,0,0,1,1
21,80,49409,54556,0,0,1,0,1,0,1,5,1,1,103965,0.9056399728724087,59,1,1,0,0,1,1
445,3306,1980,159,0,0,1,0,1,0,2,5,1,1,2139,12.375,2861,1,0,0,0,1,1
57250,3306,4458,8655,0,0,1,0,1,0,2,5,1,1,13113,0.515018484288355,53944,0,0,1,0,1,0
34290,3306,81944,188128,0,0,1,0,1,0,2,5,1,1,270072,0.4355734628898256,30984,0,0,0,0,1,0
56427,22,28363,66741,0,0,0,1,0,0,2,5,1,1,95104,0.4249647897875401,56405,0,1,1,0,1,0
63129,445,70413,51070,0,1,0,0,1,0,2,5,1,1,121483,1.3787276536586321,62684,0,1,1,0,1,0
1802,80,4981,10245,0,0,1,0,1,0,2,5,1,1,15226,0.48614093304704276,1722,0,1,0,0,1,0
59880,53,232760,33617,0,0,0,0,1,0,3,5,1,1,266377,6.923671842465346,59827,0,1,1,0,1,0
54864,443,66259,17994,0,0,0,0,1,0,3,5,1,1,84253,3.6820783550986387,54421,0,1,1,0,1,0
29133,21,91388,299295,0,0,1,0,1,0,3,5,1,1,390683,0.30534320538864534,29112,0,1,0,0,1,0
18686,53,3911,12999,1,0,1,0,1,0,3,5,1,1,16910,0.3008461538461538,18633,0,1,0,0,1,0
12110,21,143521,585905,0,0,0,0,0,1,3,5,1,1,729426,0.24495567548378067,12089,0,1,0,0,1,0
58932,1433,13281,39282,0,0,1,0,1,0,3,5,1,1,52563,0.33808517679403305,57499,0,0,1,0,1,0
55775,1433,8283,13502,0,0,1,0,1,0,3,5,1,1,21785,0.6134192401688514,54342,0,0,1,0,1,0
46629,1433,59918,135074,0,0,0,0,1,0,3,5,1,1,194992,0.4435905978160281,45196,0,0,0,0,1,0
56271,443,56001,198856,0,0,1,0,0,1,4,5,1,1,254857,0.28161442644714546,55828,0,1,1,0,1,0
47151,21,5682,11503,0,0,0,0,0,1,4,5,1,1,17185,0.4939151599443672,47130,0,1,0,0,1,0
8517,22,591301,453608,0,0,1,0,1,0,4,5,1,1,1044909,1.3035477691139286,8495,0,1,0,0,1,0
3765,53,401499,952348,0,0,0,0,1,0,5,5,1,1,1353847,0.4215880942805631,3712,0,1,0,0,1,0
45766,3389,57991,155490,0,0,1,0,1,0,5,5,1,1,213481,0.3729540616498704,42377,0,0,0,0,1,0
43323,9796,43855,125202,0,0,0,0,1,0,5,5,1,1,169057,0.35027115963674993,33527,0,0,0,0,0,0
24660,3306,37333,40327,0,0,1,0,0,1,5,5,1,1,77660,0.9257339813529062,21354,0,0,0,0,1,0
1433,445,1844,1470,0,0,1,0,1,0,5,5,1,1,3314,1.2535690006798097,988,0,1,0,0,1,1
29466,443,26383,19106,0,0,1,0,1,0,6,5,1,0,45489,1.3808028471240907,29023,0,1,0,0,1,0
47902,25,25829,88589,0,0,1,0,1,0,6,5,1,0,114418,0.29155660909809233,47877,0,1,0,0,1,0
62420,60862,8763,24722,0,0,1,0,1,0,6,5,1,0,33485,0.35444727581604174,1558,0,0,1,1,0,0
36350,21,13427,1353,0,0,1,0,1,0,7,5,1,0,14780,9.916543574593796,36329,0,1,0,0,1,0
12670,3389,487,839,0,0,0,0,1,0,7,5,1,0,1326,0.5797619047619048,9281,0,0,0,0,1,0
29494,22,3806,9225,0,0,1,0,1,0,7,5,1,0,13031,0.4125298070669846,29472,0,1,0,0,1,0
15389,80,96270,211202,0,0,0,1,0,0,8,5,1,0,307472,0.4558173889575432,15309,0,1,0,0,1,0
49969,53,351482,1449562,0,0,0,0,1,0,8,5,1,0,1801044,0.2424744560946989,49916,0,1,1,0,1,0
52799,53,4868,17111,0,0,1,0,1,0,9,5,1,0,21979,0.2844787283777466,52746,0,1,1,0,1,0
6127,80,29512,91966,0,0,0,0,1,0,9,5,1,0,121478,0.3208977133102091,6047,0,1,0,0,1,0
57524,443,127696,474490,0,0,1,0,1,0,10,5,1,0,602186,0.26912206975474773,57081,0,1,1,0,1,0
44516,1433,9582,27887,0,0,0,0,1,0,10,5,1,0,37469,0.34358864027538727,43083,0,0,0,0,1,0
36382,1433,64990,261273,1,0,0,0,1,0,10,5,1,0,326263,0.24874269923528555,34949,0,0,0,0,1,0
53976,46225,20867,35453,0,0,0,0,1,0,11,5,1,0,56320,0.5885654651097196,7751,0,0,1,0,0,0
8993,445,147952,330188,1,0,1,0,1,0,11,5,1,0,478140,0.4480827647196,8548,0,1,0,0,1,0
38505,53,2830,485,1,0,1,0,1,0,11,5,1,0,3315,5.823045267489712,38452,0,1,0,0,1,0
14010,80,3761,13347,0,0,1,0,1,0,12,5,1,0,17108,0.2817650584357207,13930,0,1,0,0,1,0
34712,3389,34449,106028,0,0,1,0,1,0,12,5,1,0,140477,0.3249016778428543,31323,0,0,0,0,1,0
29552,15225,25691,5078,0,0,1,1,0,0,12,5,1,0,30769,5.058279188816696,14327,0,0,0,0,0,0
30271,80,20128,30043,0,0,1,0,1,0,12,5,1,0,50171,0.6699507389162561,30191,0,1,0,0,1,0
22,22,55344,46453,0,0,1,0,1,0,12,5,1,0,101797,1.1913721100443448,0,1,1,0,0,1,1
17809,443,4968,19274,0,0,1,0,1,0,13,5,1,0,24242,0.2577431906614786,17366,0,1,0,0,1,0
53948,21,2462,9051,0,0,0,0,0,1,13,5,1,0,11513,0.2719840919133893,53927,0,1,1,0,1,0
27002,80,9895,24908,0,0,1,0,1,0,13,5,1,0,34803,0.397245975350275,26922,0,1,0,0,1,0
20223,21902,11834,26111,0,0,1,0,1,0,13,5,1,0,37945,0.4532015931372549,1679,0,0,0,0,0,0
51350,3306,13988,53285,0,0,0,0,0,1,13,5,1,0,67273,0.26250797582854785,48044,0,0,1,0,1,0
4630,3389,167790,565308,0,0,1,0,0,1,13,5,1,0,733098,0.29681112453543107,1241,0,0,0,0,1,0
29776,3306,75558,137983,0,0,0,0,1,0,13,5,1,0,213541,0.5475852272727273,26470,0,0,0,0,1,0
20587,22,51698,82053,0,0,0,0,1,0,14,5,1,0,133751,0.6300485046432837,20565,0,1,0,0,1,0
32149,53,31419,111571,0,0,1,0,1,0,14,5,1,0,142990,0.2816029111246549,32096,0,1,0,0,1,0
50265,53,10996,11956,1,0,0,0,1,0,15,5,1,0,22952,0.9196286693986786,50212,0,1,1,0,1,0
11217,25,5617,17450,0,0,1,0,1,0,15,5,1,0,23067,0.3218726720531775,11192,0,1,0,0,1,0
22640,445,3243,9477,1,0,0,0,1,0,15,5,1,0,12720,0.34216079341633254,22195,0,1,0,0,1,0
23372,22,7250,22107,0,0,1,0,1,0,15,5,1,0,29357,0.32793558892708524,23350,0,1,0,0,1,0
43486,443,20564,81630,0,0,0,0,1,0,16,5,1,0,102194,0.2519141012605505,43043,0,1,0,0,1,0
25954,3306,3470,9953,0,0,0,0,1,0,16,5,1,0,13423,0.3486035764516777,22648,0,0,0,0,1,0
27918,80,28889,62377,0,0,0,0,1,0,16,5,1,0,91266,0.46312802590656965,27838,0,1,0,0,1,0
32875,443,16137,15019,0,0,1,0,1,0,16,5,1,0,31156,1.0743675099866845,32432,0,1,0,0,1,0
20729,1433,11664,10450,0,0,1,0,1,0,16,5,1,0,22114,1.116065448282461,19296,0,0,0,0,1,0
23352,22,141273,188617,0,0,1,0,1,0,16,5,1,0,329890,0.7489900221611935,23330,0,1,0,0,1,0
30774,1433,429,740,0,0,0,0,1,0,16,5,1,0,1169,0.5789473684210527,29341,0,0,0,0,1,0
37499,30460,11920,29959,1,0,1,0,1,0,17,5,1,0,41879,0.3978638184245661,7039,0,0,0,0,0,0
27611,80,510,700,0,0,1,0,1,0,17,5,1,0,1210,0.7275320970042796,27531,0,1,0,0,1,0
22,25,32263,30750,0,0,1,0,1,0,17,5,1,0,63013,1.0491691327111314,3,1,1,0,0,1,1
10890,3389,74569,57606,0,0,0,0,1,0,17,5,1,0,132175,1.2944433836165743,7501,0,0,0,0,1,0
21,21,2535,4154,0,0,1,0,1,0,17,5,1,0,6689,0.6101083032490975,0,1,1,0,0,1,1
445,3389,3112,8600,0,0,1,0,1,0,18,5,1,0,11712,0.36181839321009185,2944,1,0,0,0,1,1
6979,1433,1454,3497,0,0,0,0,1,0,18,5,1,0,4951,0.4156660949113779,5546,0,0,0,0,1,0
11892,53,24387,13198,0,0,0,1,0,0,18,5,1,0,37585,1.8476399727252064,11839,0,1,0,0,1,0
22,21,12768,47269,0,0,0,0,1,0,18,5,1,0,60037,0.27010789083985615,1,1,1,0,0,1,1
9779,44662,14103,44013,0,0,0,0,0,1,19,5,1,0,58116,0.3204207752078884,34883,0,0,0,0,0,0
13119,80,12225,40795,0,0,0,0,0,1,19,5,1,0,53020,0.2996617315423081,13039,0,1,0,0,1,0
29095,80,4638,13923,1,0,1,0,1,0,19,5,1,0,18561,0.3330939385234128,29015,0,1,0,0,1,0
7603,25,134726,57212,0,0,1,0,1,0,20,5,1,0,191938,2.354814465243913,7578,0,1,0,0,1,0
443,445,34055,103396,0,0,1,0,1,0,20,5,1,0,137451,0.32936158689323675,2,1,1,0,0,1,1
54332,443,3309,3679,0,0,1,0,1,0,20,5,1,0,6988,0.8991847826086956,53889,0,1,1,0,1,0
60277,22,7180,26705,0,0,0,0,1,0,20,5,1,0,33885,0.26885344117426796,60255,0,1,1,0,1,0
56307,38178,5457,6741,0,0,1,0,0,1,20,5,1,0,12198,0.809403737763275,18129,0,0,1,0,0,0
12291,1433,208873,61493,0,0,1,0,1,0,20,5,1,0,270366,3.3966403226331026,10858,0,0,0,0,1,0
18047,1433,68730,72647,0,0,1,0,1,0,20,5,1,0,141377,0.9460687148992402,16614,0,0,0,0,1,0
443,21,17990,18232,0,0,1,0,1,0,21,5,1,0,36222,0.986672516865025,422,1,1,0,0,1,1
4219,25,338254,710632,0,0,0,0,0,1,21,5,1,0,1048886,0.4759897162107586,4194,0,1,0,0,1,0
58833,3389,224868,280864,0,0,1,0,1,0,22,5,1,1,505732,0.80062663557225,55444,0,0,1,0,1,0
61829,1433,15227,48652,1,0,1,0,1,0,22,5,1,1,63879,0.3129714508868929,60396,0,0,1,0,1,0
22,443,11419,9812,0,0,0,0,1,0,22,5,1,1,21231,1.1636604504229084,421,1,1,0,0,1,1
44869,80,12335,32368,1,0,1,0,1,0,22,5,1,1,44703,0.3810744848466125,44789,0,1,0,0,1,0
6702,80,4796,17822,0,0,0,0,1,0,22,5,1,1,22618,0.26909050103798465,6622,0,1,0,0,1,0
16737,53,353047,897637,0,0,1,0,0,1,22,5,1,1,1250684,0.39330665591251707,16684,0,1,0,0,1,0
18005,21,4401,3746,0,0,1,0,1,0,22,5,1,1,8147,1.1745396317053642,17984,0,1,0,0,1,0
11462,1433,88369,34142,0,0,0,0,0,1,22,5,1,1,122511,2.5882025598219256,10029,0,0,0,0,1,0
22741,445,66494,69215,0,0,0,0,1,0,22,5,1,1,135709,0.9606738326398521,22296,0,1,0,0,1,0
15697,80,13523,38714,0,0,0,0,0,1,23,5,1,1,52237,0.34929613844763013,15617,0,1,0,0,1,0
40584,3306,398742,827277,0,0,0,0,1,0,23,5,1,1,1226019,0.48199275213410725,37278,0,0,0,0,1,0
45549,21,1817,4111,0,0,1,0,1,0,23,5,1,1,5928,0.44187743190661477,45528,0,1,0,0,1,0
3389,21,19389,43673,0,0,1,0,0,1,23,5,1,1,63062,0.44394834455282317,3368,0,1,0,0,1,1
61209,22,10072,30323,0,0,0,0,1,0,23,5,1,1,40395,0.3321461548608363,61187,0,1,1,0,1,0
44524,3306,102431,218858,0,0,1,0,1,0,0,6,1,1,321289,0.4680227909293198,41218,0,0,0,0,1,0
19903,25,38781,152594,0,0,0,0,1,0,0,6,1,1,191375,0.25414332055440875,19878,0,1,0,0,1,0
47440,1433,1388,5619,0,0,0,0,1,0,0,6,1,1,7007,0.24697508896797152,46007,0,0,0,0,1,0
32142,152,1550,2762,0,1,1,0,1,0,1,6,1,1,4312,0.5609844372059356,31990,0,1,0,0,0,0
80,1433,47893,9133,0,0,0,0,1,0,1,6,1,1,57026,5.243376395883512,1353,1,0,0,0,1,1
22,80,4201,5469,0,0,0,0,1,0,1,6,1,1,9670,0.7680073126142596,58,1,1,0,0,1,1
41851,21,12588,40811,0,0,0,0,1,0,1,6,1,1,53399,0.30843869450161715,41830,0,1,0,0,1,0
58339,21,2752,6332,0,0,0,0,1,0,1,6,1,1,9084,0.4345491867993052,58318,0,1,1,0,1,0
40099,443,16758,5587,0,0,1,0,1,0,2,6,1,1,22345,2.998926270579814,39656,0,1,0,0,1,0
51446,22,28006,31826,0,0,1,0,1,0,2,6,1,1,59832,0.8799447010399974,51424,0,1,1,0,1,0
3389,21,12894,6682,0,0,0,0,0,1,2,6,1,1,19576,1.929373036061649,3368,0,1,0,0,1,1
49612,1433,10713,34426,0,0,1,0,1,0,2,6,1,1,45139,0.31118017834838935,48179,0,0,1,0,1,0
64576,445,1668,3216,0,0,1,0,1,0,2,6,1,1,4884,0.5184954926950575,64131,0,1,1,0,1,0
56266,445,37781,50649,1,0,1,0,0,1,3,6,1,1,88430,0.7459230009871668,55821,0,1,1,0,1,0
33892,53,1013,2573,0,0,1,0,1,0,3,6,1,1,3586,0.39355089355089357,33839,0,1,0,0,1,0
26300,445,23149,27335,0,0,0,0,1,0,3,6,1,1,50484,0.846832016388645,25855,0,1,0,0,1,0
53,443,1238,351,0,0,1,0,1,0,3,6,1,1,1589,3.5170454545454546,390,1,1,0,0,1,1
49196,53,23880,42907,0,0,1,0,1,0,3,6,1,1,66787,0.5565395730399926,49143,0,1,1,0,1,0
63114,53,21811,64015,0,0,1,0,1,0,3,6,1,1,85826,0.34071169707573107,63061,0,1,1,0,1,0
14387,22,41996,57404,0,0,1,0,1,0,4,6,1,1,99400,0.7315739047121331,14365,0,1,0,0,1,0
21,445,87523,119633,0,0,1,0,1,0,4,6,1,1,207156,0.7315896818630155,424,1,1,0,0,1,1
15971,22,117729,180775,0,0,1,0,1,0,4,6,1,1,298504,0.6512424215603841,15949,0,1,0,0,1,0
443,34073,1675,2150,0,0,0,0,1,0,4,6,1,1,3825,0.7787075778707578,33630,1,0,0,0,0,1
33289,3306,20067,23218,0,0,0,0,1,0,4,6,1,1,43285,0.8642491063353288,29983,0,0,0,0,1,0
46853,443,549907,1869064,0,0,0,0,1,0,4,6,1,1,2418971,0.2942150219494774,46410,0,1,0,0,1,0
3494,443,26650,108611,1,0,0,0,1,0,5,6,1,1,135261,0.24536883585607483,3051,0,1,0,0,1,0
12168,21,5824,2761,0,0,1,0,1,0,5,6,1,1,8585,2.108616944243302,12147,0,1,0,0,1,0
17156,25,19389,19152,0,0,1,0,1,0,5,6,1,1,38541,1.0123218294784107,17131,0,1,0,0,1,0
62662,3389,11921,39279,0,0,0,0,1,0,5,6,1,1,51200,0.3034877800407332,59273,0,0,1,0,1,0
19483,25,3353,10961,1,0,1,0,0,1,5,6,1,1,14314,0.305874840357599,19458,0,1,0,0,1,0
6333,53,88483,203401,0,0,0,0,0,1,5,6,1,1,291884,0.4350153882459366,6280,0,1,0,0,1,0
50081,53,56104,110242,0,0,0,0,1,0,6,6,1,0,166346,0.5089121304754043,50028,0,1,1,0,1,0
12871,22,2603,9719,0,0,1,0,1,0,6,6,1,0,12322,0.26779835390946505,12849,0,1,0,0,1,0
20575,445,18972,5932,1,0,0,0,1,0,6,6,1,0,24904,3.1977077363896846,20130,0,1,0,0,1,0
23529,21,8898,11198,0,0,1,0,0,1,6,6,1,0,20096,0.7945352263594964,23508,0,1,0,0,1,0
47177,22,1698,3966,0,0,0,0,1,0,7,6,1,0,5664,0.4280312578774893,47155,0,1,0,0,1,0
80,445,2289,8708,0,0,1,0,1,0,7,6,1,0,10997,0.2628315535652773,365,1,1,0,0,1,1
7288,22,2905,4073,0,0,1,0,1,0,7,6,1,0,6978,0.7130584192439863,7266,0,1,0,0,1,0
14971,445,20060,48464,0,0,0,0,1,0,7,6,1,0,68524,0.41390694315485405,14526,0,1,0,0,1,0
22,1433,10585,17833,0,0,1,0,1,0,8,6,1,0,28418,0.5935292138611641,1411,1,0,0,0,1,1
65135,22,4747,9562,1,0,1,0,1,0,8,6,1,0,14309,0.4963923454982746,65113,0,1,1,0,1,0
27891,3389,11766,38556,1,0,0,0,1,0,8,6,1,0,50322,0.305158596363825,24502,0,0,0,0,1,0
40377,1433,72842,9033,0,0,1,0,1,0,9,6,1,0,81875,8.063094974540624,38944,0,0,0,0,1,0
28084,3306,38976,55679,0,0,0,0,1,0,9,6,1,0,94655,0.7,24778,0,0,0,0,1,0
25,21,109424,319377,0,0,1,0,1,0,9,6,1,0,428801,0.3426159597718064,4,1,1,0,0,1,1
40193,22,15286,14733,0,0,0,0,1,0,10,6,1,0,30019,1.037464368128139,40171,0,1,0,0,1,0
53,80,286098,429487,0,0,1,0,0,1,10,6,1,0,715585,0.6661373542450546,27,1,1,0,0,1,1
12633,21,38442,143461,1,0,0,0,1,0,10,6,1,0,181903,0.267959459647851,12612,0,1,0,0,1,0
22,3389,10074,11347,0,0,0,0,1,0,10,6,1,0,21421,0.8877335213253437,3367,1,0,0,0,1,1
19781,21,25558,5949,1,0,0,0,1,0,11,6,1,0,31507,4.29546218487395,19760,0,1,0,0,1,0
63774,3306,2990,10125,1,0,0,0,1,0,11,6,1,0,13115,0.2952794785700178,60468,0,0,1,0,1,0
445,3306,13495,30179,1,0,0,0,1,0,11,6,1,0,43674,0.4471504307488403,2861,1,0,0,0,1,1
56002,22,43824,168875,0,0,1,0,1,0,11,6,1,0,212699,0.25950401478007534,55980,0,1,1,0,1,0
48002,445,58610,219556,1,0,1,0,1,0,11,6,1,0,278166,0.2669466243390099,47557,0,1,0,0,1,0
32313,25,11427,42242,1,0,0,0,1,0,11,6,1,0,53669,0.2705063560826646,32288,0,1,0,0,1,0
16607,25,1748422,4837834,0,0,1,0,1,0,12,6,1,0,6586256,0.36140587680233,16582,0,1,0,0,1,0
24403,445,16721,70144,0,0,1,0,1,0,12,6,1,0,86865,0.2383776463040844,23958,0,1,0,0,1,0
25,3306,1502,2046,0,0,1,0,1,0,12,6,1,0,3548,0.7337567171470445,3281,1,0,0,0,1,1
37688,1433,153464,110408,0,0,0,0,1,0,12,6,1,0,263872,1.3899591518807344,36255,0,0,0,0,1,0
37376,1433,58186,176186,1,0,0,0,1,0,12,6,1,0,234372,0.33025138063534765,35943,0,0,0,0,1,0
42462,3306,31910,45729,0,0,1,0,1,0,12,6,1,0,77639,0.6977913842116772,39156,0,0,0,0,1,0
39044,1433,10468,24340,0,0,0,0,1,0,12,6,1,0,34808,0.43005628363666243,37611,0,0,0,0,1,0
33916,445,41330,171617,0,0,1,0,1,0,13,6,1,0,212947,0.2408255544290226,33471,0,1,0,0,1,0
28337,723,3472,3186,0,1,1,0,1,0,13,6,1,0,6658,1.0894257922811421,27614,0,1,0,0,0,0
38554,22,30412,52939,0,0,0,0,0,1,13,6,1,0,83351,0.5744616547034379,38532,0,1,0,0,1,0
42243,25,2096,336,1,0,1,0,0,1,14,6,1,0,2432,6.2195845697329375,42218,0,1,0,0,1,0
41489,53,87,348,0,0,1,0,1,0,14,6,1,0,435,0.2492836676217765,41436,0,1,0,0,1,0
47960,21,40753,21953,1,0,1,0,1,0,15,6,1,0,62706,1.8562904254350006,47939,0,1,0,0,1,0
445,21,4548,5024,0,0,0,0,1,0,15,6,1,0,9572,0.9050746268656716,424,1,1,0,0,1,1
22,22,18778,74378,0,1,0,0,1,0,15,6,1,0,93156,0.2524637330429288,0,1,1,0,0,1,1
48515,3389,6035,4555,0,0,0,0,1,0,15,6,1,0,10590,1.3246268656716418,45126,0,0,0,0,1,0
27522,3389,5380,9924,0,0,1,0,1,0,16,6,1,0,15304,0.5420654911838791,24133,0,0,0,0,1,0
1693,443,6474,17733,0,0,1,0,0,1,16,6,1,0,24207,0.3650614638547423,1250,0,1,0,0,1,0
21,53,7481,21295,0,0,1,0,1,0,17,6,1,0,28776,0.35128662659654397,32,1,1,0,0,1,1
62192,22,76265,37343,0,0,0,0,1,0,17,6,1,0,113608,2.042229005998286,62170,0,1,1,0,1,0
17575,22,55150,116448,0,0,1,0,0,1,17,6,1,0,171598,0.47359788405224607,17553,0,1,0,0,1,0
80,80,3188,12924,0,1,1,0,1,0,18,6,1,0,16112,0.24665377176015474,0,1,1,0,0,1,1
3306,22,3964,1399,0,0,0,0,0,1,18,6,1,0,5363,2.8314285714285714,3284,0,1,0,0,1,1
25596,445,40400,120215,0,0,1,0,1,0,18,6,1,0,160615,0.3360617555067545,25151,0,1,0,0,1,0
3389,53,118658,46919,0,0,1,0,1,0,18,6,1,0,165577,2.5289428815004262,3336,0,1,0,0,1,1
3389,53,115777,412247,0,0,0,0,1,0,18,6,1,0,528024,0.2808430847451049,3336,0,1,0,0,1,1
47982,80,4426,4801,0,0,1,0,1,0,18,6,1,0,9227,0.9216992919616827,47902,0,1,0,0,1,0
39697,1433,107247,61102,1,0,1,0,1,0,18,6,1,0,168349,1.7551838698590905,38264,0,0,0,0,1,0
46880,3306,1284,154,0,0,1,0,1,0,19,6,1,0,1438,8.283870967741935,43574,0,0,0,0,1,0
62434,21,15920,57747,0,0,1,0,1,0,19,6,1,0,73667,0.27568054304910994,62413,0,1,1,0,1,0
53,445,48013,96800,0,0,1,0,1,0,19,6,1,0,144813,0.4959969421803494,392,1,1,0,0,1,1
31199,25261,791,1976,0,0,1,0,1,0,19,6,1,0,2767,0.40010116337885687,5938,0,0,0,0,0,0
35968,80,626918,1889839,0,0,0,0,1,0,19,6,1,0,2516757,0.33173072852728275,35888,0,1,0,0,1,0
24261,80,184003,71974,0,0,1,0,0,1,19,6,1,0,255977,2.5564848905870092,24181,0,1,0,0,1,0
4834,443,62019,230946,0,0,1,0,1,0,20,6,1,0,292965,0.26854213304351215,4391,0,1,0,0,1,0
56716,1433,4702,16088,0,0,1,0,1,0,20,6,1,0,20790,0.29224936291876435,55283,0,0,1,0,1,0
30943,443,19752,11107,0,0,0,1,0,0,20,6,1,0,30859,1.7781778898091465,30500,0,1,0,0,1,0
44155,53,78016,106840,1,0,1,0,0,1,20,6,1,0,184856,0.73020656863938,44102,0,1,0,0,1,0
9136,53,3654,1143,1,0,1,0,1,0,20,6,1,0,4797,3.194055944055944,9083,0,1,0,0,1,0
14655,3306,16502,9363,0,0,0,0,1,0,20,6,1,0,25865,1.7622810764630499,11349,0,0,0,0,1,0
44724,25,94524,122403,0,0,1,0,1,0,20,6,1,0,216927,0.7722296656971994,44699,0,1,0,0,1,0
64693,19761,2015,1401,0,0,1,0,1,0,20,6,1,0,3416,1.4372325249643367,44932,0,0,1,0,0,0
37195,21,37491,108816,1,0,0,0,1,0,21,6,1,0,146307,0.3445325638457226,37174,0,1,0,0,1,0
39674,3389,1329,631,0,0,1,0,1,0,21,6,1,0,1960,2.1028481012658227,36285,0,0,0,0,1,0
3340,3389,4865,2621,0,0,1,0,0,1,21,6,1,0,7486,1.8554538520213577,49,0,0,0,0,1,0
30811,22,9824,34369,0,0,1,0,1,0,21,6,1,0,44193,0.28583066627873144,30789,0,1,0,0,1,0
63621,53,50095,57503,1,0,1,1,0,0,21,6,1,0,107598,0.8711567890929327,63568,0,1,1,0,1,0
443,80,7177,17146,0,0,1,0,1,0,21,6,1,0,24323,0.41855718201434655,363,1,1,0,0,1,1
49696,53,26926,29783,0,0,1,0,1,0,21,6,1,0,56709,0.9040424388933656,49643,0,1,1,0,1,0
8629,445,7335,5256,0,1,1,0,1,0,22,6,1,1,12591,1.3952824805021875,8184,0,1,0,0,1,0
58946,25,9423,35171,0,0,0,1,0,0,22,6,1,1,44594,0.2679119754350051,58921,0,1,1,0,1,0
15892,80,162927,221800,0,0,0,0,1,0,22,6,1,1,384727,0.7345638658076383,15812,0,1,0,0,1,0
29689,1433,3496,11558,0,0,1,0,1,0,22,6,1,1,15054,0.3024483086772212,28256,0,0,0,0,1,0
51337,22,74209,297742,0,0,1,0,0,1,22,6,1,1,371951,0.24923843717568506,51315,0,1,1,0,1,0
47250,22,21989,51944,1,1,1,0,1,0,23,6,1,1,73933,0.42331311964577917,47228,0,1,0,0,1,0
1433,445,8770,34189,0,0,0,0,1,0,23,6,1,1,42959,0.25650775080432875,988,0,1,0,0,1,1
30220,443,3139,12465,0,0,1,0,0,1,0,0,0,1,15604,0.25180490935344135,29777,0,1,0,0,1,0
10142,445,3519,11713,0,0,1,0,0,1,0,0,0,1,15232,0.3004097660918559,9697,0,1,0,0,1,0
41343,53,6755,967,0,0,1,0,1,0,0,0,0,1,7722,6.978305785123967,41290,0,1,0,0,1,0
11638,22,17325,3861,0,0,0,0,1,0,0,0,0,1,21186,4.486017607457276,11616,0,1,0,0,1,0
16587,21,57850,231845,0,0,1,0,1,0,0,0,0,1,289695,0.2495190773185649,16566,0,1,0,0,1,0
37553,25,13624,56377,0,0,0,0,1,0,0,0,0,1,70001,0.24165454609954237,37528,0,1,0,0,1,0
445,53,15164,21525,0,0,1,0,1,0,1,0,0,1,36689,0.7044504320356778,392,1,1,0,0,1,1
80,80,19256,41491,0,0,1,0,1,0,1,0,0,1,60747,0.46408946302901766,0,1,1,0,0,1,1
25,22,47232,34243,0,0,1,0,1,0,1,0,0,1,81475,1.379278121714753,3,1,1,0,0,1,1
9795,445,61801,37074,0,0,0,0,1,0,1,0,0,1,98875,1.666918408631153,9350,0,1,0,0,1,0
63435,445,2394,5280,1,0,1,0,1,0,1,0,0,1,7674,0.4533232342359402,62990,0,1,1,0,1,0
21335,3306,14026,57777,0,0,0,0,1,0,1,0,0,1,71803,0.24275675862785143,18029,0,0,0,0,1,0
445,3389,156975,58242,0,0,1,0,1,0,1,0,0,1,215217,2.6951736689387564,2944,1,0,0,0,1,1
22,80,2681,9807,1,0,0,0,1,0,2,0,0,1,12488,0.27334828711256115,58,1,1,0,0,1,1
16709,46784,24807,44005,0,0,1,0,1,0,2,0,0,1,68812,0.5637185838294778,30075,0,0,0,0,0,0
53101,445,16758,59209,0,0,0,0,1,0,2,0,0,1,75967,0.2830265157912515,52656,0,1,1,0,1,0
19191,3389,8895,6291,1,0,1,0,1,0,3,0,0,1,15186,1.4136999364272091,15802,0,0,0,0,1,0
443,3306,280759,916779,0,0,1,0,1,0,3,0,0,1,1197538,0.3062446824756212,2863,1,0,0,0,1,1
12045,105,8351,32499,0,1,0,0,0,1,3,0,0,1,40850,0.25695384615384614,11940,0,1,0,0,0,0
22416,3306,247170,794342,0,0,1,0,1,0,3,0,0,1,1041512,0.31116281002035645,19110,0,0,0,0,1,0
50947,443,22225,53770,0,0,1,0,1,0,3,0,0,1,75995,0.4133268862397947,50504,0,1,1,0,1,0
42452,53,46000,52436,1,0,1,0,1,0,4,0,0,1,98436,0.8772431679920667,42399,0,1,0,0,1,0
6959,445,8746,8944,1,0,1,0,1,0,4,0,0,1,17690,0.9777529346003354,6514,0,1,0,0,1,0
28163,1433,8903,22443,0,0,1,0,0,1,5,0,0,1,31346,0.3966761718053823,26730,0,0,0,0,1,0
43274,443,42402,21221,0,0,1,0,1,0,5,0,0,1,63623,1.9980209216850437,42831,0,1,0,0,1,0
60429,445,43665,49719,0,0,0,0,1,0,5,0,0,1,93384,0.878218020917136,59984,0,1,1,0,1,0
12979,445,57341,230376,1,0,0,0,1,0,5,0,0,1,287717,0.2489007149151174,12534,0,1,0,0,1,0
45897,25,40242,71472,0,0,1,0,1,0,6,0,0,0,111714,0.5630377904943126,45872,0,1,0,0,1,0
5490,22,2595,9278,0,0,1,0,1,0,6,0,0,0,11873,0.2796637568703524,5468,0,1,0,0,1,0
47572,443,6062,17210,0,0,1,0,1,0,6,0,0,0,23272,0.35221660565917146,47129,0,1,0,0,1,0
1433,443,85811,84222,0,0,0,0,1,0,6,0,0,0,170033,1.018854707146504,990,0,1,0,0,1,1
65173,445,959,3684,1,0,0,0,1,0,6,0,0,0,4643,0.26024423337856173,64728,0,1,1,0,1,0
53,443,35177,89448,0,0,1,0,1,0,6,0,0,0,124625,0.3932632002593657,390,1,1,0,0,1,1
14363,21,18416,70501,0,0,1,0,1,0,7,0,0,0,88917,0.2612124478738192,14342,0,1,0,0,1,0
56997,80,85761,68802,0,0,0,0,1,0,7,0,0,0,154563,1.2464718108222026,56917,0,1,1,0,1,0
53,445,42898,113475,0,0,1,0,1,0,7,0,0,0,156373,0.37803588423983925,392,1,1,0,0,1,1
4341,443,7613,8375,0,0,0,0,1,0,7,0,0,0,15988,0.9089063992359121,3898,0,1,0,0,1,0
13495,25,7080,16315,0,0,1,0,1,0,8,0,0,0,23395,0.43392988477568034,13470,0,1,0,0,1,0
22695,25,9542,14761,0,0,1,0,1,0,8,0,0,0,24303,0.6463893781330443,22670,0,1,0,0,1,0
39558,53,55720,134614,0,0,0,1,0,0,8,0,0,0,190334,0.4139211826319504,39505,0,1,0,0,1,0
18640,53,553,208,0,0,1,0,1,0,8,0,0,0,761,2.645933014354067,18587,0,1,0,0,1,0
20763,22,28333,17277,0,0,1,0,1,0,8,0,0,0,45610,1.6398309989582127,20741,0,1,0,0,1,0
22998,22,5362,9740,0,0,1,0,1,0,8,0,0,0,15102,0.5504568319474387,22976,0,1,0,0,1,0
65512,53,29891,6659,0,0,0,0,1,0,9,0,0,0,36550,4.4881381381381384,65459,0,1,1,0,1,0
35954,22,38223,152785,0,0,1,0,1,0,9,0,0,0,191008,0.25017344521094864,35932,0,1,0,0,1,0
1433,758,102,73,0,1,0,0,0,1,9,0,0,0,175,1.3783783783783783,675,0,1,0,0,0,1
46927,21,15321,37699,1,0,1,0,0,1,9,0,0,0,53020,0.4063925729442971,46906,0,1,0,0,1,0
19260,42796,28251,3400,0,0,1,0,1,0,9,0,0,0,31651,8.306674507497794,23536,0,0,0,0,0,0
37421,3389,25354,64504,0,0,1,0,1,0,9,0,0,0,89858,0.393054801953337,34032,0,0,0,0,1,0
40835,21,18114,20318,0,0,1,0,1,0,10,0,0,0,38432,0.8914808799645652,40814,0,1,0,0,1,0
64617,445,3123,540,0,0,0,0,1,0,10,0,0,0,3663,5.77264325323475,64172,0,1,1,0,1,0
56061,53,3984,2196,0,0,1,0,1,0,10,0,0,0,6180,1.8133818843878016,56008,0,1,1,0,1,0
445,25,2428,7039,0,0,1,0,1,0,10,0,0,0,9467,0.34488636363636366,420,1,1,0,0,1,1
31781,80,53448,134725,0,0,1,0,1,0,10,0,0,0,188173,0.39671629826462596,31701,0,1,0,0,1,0
3389,3389,18307,21567,0,1,1,0,1,0,10,0,0,0,39874,0.8488037833827893,0,0,0,0,0,1,1
18108,80,20276,13059,0,0,0,0,0,1,11,0,0,0,33335,1.5525267993874425,18028,0,1,0,0,1,0
64402,3306,1438,5572,0,0,1,0,1,0,11,0,0,0,7010,0.2580297864704827,61096,0,0,1,0,1,0
21745,21,20873,58901,0,0,0,0,1,0,11,0,0,0,79774,0.3543682727241859,21724,0,1,0,0,1,0
50583,21,60707,42090,0,0,1,0,1,0,12,0,0,0,102797,1.4422798222898006,50562,0,1,1,0,1,0
47734,1433,1156,3978,0,0,0,0,0,1,12,0,0,0,5134,0.29052525760241266,46301,0,0,0,0,1,0
38392,174,752,685,0,1,1,0,1,0,12,0,0,0,1437,1.096209912536443,38218,0,1,0,0,0,0
54924,80,1785,6961,0,0,1,0,0,1,12,0,0,0,8746,0.2563918414248779,54844,0,1,1,0,1,0
53570,443,11243,17111,0,0,0,0,1,0,12,0,0,0,28354,0.6570243104254324,53127,0,1,1,0,1,0
23892,80,5210,18349,0,0,1,0,1,0,12,0,0,0,23559,0.2839237057220708,23812,0,1,0,0,1,0
62608,21,40516,88060,0,0,1,0,1,0,13,0,0,0,128576,0.4600901647721466,62587,0,1,1,0,1,0
80,443,28876,91384,0,0,0,0,0,1,13,0,0,0,120260,0.31598183509328664,363,1,1,0,0,1,1
39971,80,173929,663839,0,0,1,0,1,0,13,0,0,0,837768,0.2620043986502772,39891,0,1,0,0,1,0
23797,445,20200,10600,0,0,1,0,1,0,13,0,0,0,30800,1.9054806150363173,23352,0,1,0,0,1,0
9193,445,37857,35605,1,0,1,0,1,0,13,0,0,0,73462,1.0632196820760547,8748,0,1,0,0,1,0
35727,25,9024,32336,0,0,1,0,0,1,14,0,0,0,41360,0.27906113739679006,35702,0,1,0,0,1,0
21,80,3771,6314,0,0,1,0,0,1,14,0,0,0,10085,0.5971496437054632,59,1,1,0,0,1,1
55681,3389,83752,25984,0,0,0,1,0,0,14,0,0,0,109736,3.223090244371753,52292,0,0,1,0,1,0
8350,25,161007,22423,0,0,1,0,0,1,14,0,0,0,183430,7.180119514805566,8325,0,1,0,0,1,0
14816,22,68121,111522,0,0,1,0,1,0,15,0,0,0,179643,0.6108246729374209,14794,0,1,0,0,1,0
51326,1433,27172,86795,1,0,0,0,1,0,15,0,0,0,113967,0.3130559011936034,49893,0,0,1,0,1,0
3713,22,4635,14436,0,0,1,0,1,0,15,0,0,0,19071,0.32105007965643834,3691,0,1,0,0,1,0
20428,3389,136845,348979,0,0,1,0,1,0,15,0,0,0,485824,0.39212848873860967,17039,0,0,0,0,1,0
61718,3389,55671,225983,0,0,0,0,0,1,15,0,0,0,281654,0.24634929906542055,58329,0,0,1,0,1,0
443,25,562308,847145,0,0,0,0,0,1,15,0,0,0,1409453,0.6637675205926723,418,1,1,0,0,1,1
443,445,3473,10277,0,0,0,0,1,0,15,0,0,0,13750,0.3379062074333528,2,1,1,0,0,1,1
8997,443,87562,22811,0,0,1,0,1,0,16,0,0,0,110373,3.838418376293179,8554,0,1,0,0,1,0
12545,22,53027,37100,0,0,0,0,0,1,16,0,0,0,90127,1.4292606668283874,12523,0,1,0,0,1,0
60640,3306,12743,21001,0,0,1,0,1,0,17,0,0,0,33744,0.6067517379297209,57334,0,0,1,0,1,0
18180,443,195269,335694,0,0,0,0,1,0,17,0,0,0,530963,0.5816857564157941,17737,0,1,0,0,1,0
1433,25,41929,36548,1,0,1,0,1,0,17,0,0,0,78477,1.14719964978522,1408,0,1,0,0,1,1
445,22,4919,10379,0,0,1,0,1,0,17,0,0,0,15298,0.47389210019267825,423,1,1,0,0,1,1
10392,445,18226,19680,0,0,0,0,1,0,17,0,0,0,37906,0.9260708297342615,9947,0,1,0,0,1,0
12280,22,4826,2499,1,0,1,0,1,0,17,0,0,0,7325,1.9304,12258,0,1,0,0,1,0
38488,22,10408,36685,0,0,1,0,1,0,17,0,0,0,47093,0.28370495556888187,38466,0,1,0,0,1,0
23437,1433,67922,139047,0,0,0,1,0,0,18,0,0,0,206969,0.48847879868822275,22004,0,0,0,0,1,0
4970,53,107241,144756,0,0,1,0,1,0,18,0,0,0,251997,0.7408346401210304,4917,0,1,0,0,1,0
64144,80,31380,37820,0,0,1,0,1,0,18,0,0,0,69200,0.8296977869437614,64064,0,1,1,0,1,0
53816,53,6633,4422,0,0,1,0,0,1,18,0,0,0,11055,1.4996608636671942,53763,0,1,1,0,1,0
51898,3306,40561,92047,0,0,1,0,1,0,19,0,0,0,132608,0.44065053015817834,48592,0,0,1,0,1,0
22545,3389,70083,88791,0,0,1,0,1,0,19,0,0,0,158874,0.7892940805477971,19156,0,0,0,0,1,0
80,3389,938,2272,0,0,0,0,0,1,19,0,0,0,3210,0.4126704795424549,3309,1,0,0,0,1,1
41771,21,26538,94539,0,0,0,0,1,0,19,0,0,0,121077,0.28070657922572456,41750,0,1,0,0,1,0
30710,80,16247,23707,0,0,1,0,0,1,19,0,0,0,39954,0.6852961025814072,30630,0,1,0,0,1,0
62443,21,101309,386227,0,0,1,0,1,0,20,0,0,0,487536,0.2623036134096958,62422,0,1,1,0,1,0
27854,445,40827,24978,0,0,1,0,1,0,21,0,0,0,65805,1.6344529404699948,27409,0,1,0,0,1,0
35309,80,47808,8875,0,0,0,0,1,0,21,0,0,0,56683,5.386210004506535,35229,0,1,0,0,1,0
25643,3389,10187,42713,0,0,1,0,1,0,21,0,0,0,52900,0.2384932340684553,22254,0,0,0,0,1,0
38038,3306,22084,22320,1,0,0,0,1,0,21,0,0,0,44404,0.9893821961381658,34732,0,0,0,0,1,0
30085,445,99697,196170,0,0,0,0,1,0,22,0,0,1,295867,0.5082147718062303,29640,0,1,0,0,1,0
61103,3306,19854,59470,0,0,1,0,0,1,22,0,0,1,79324,0.33384338585192785,57797,0,0,1,0,1,0
17929,53,29128,53017,1,0,1,0,0,1,22,0,0,1,82145,0.5493983175525293,17876,0,1,0,0,1,0
50656,3306,1886,1565,0,0,1,0,1,0,23,0,0,1,3451,1.2043422733077906,47350,0,0,1,0,1,0
53,53,19738,36003,0,0,1,0,0,1,23,0,0,1,55741,0.5482168647928009,0,1,1,0,0,1,1
16631,21,880,3248,0,0,1,0,1,0,23,0,0,1,4128,0.2708525700215451,16610,0,1,0,0,1,0
49574,80,9644,11863,0,0,0,0,1,0,23,0,0,1,21507,0.8128792987188133,49494,0,1,1,0,1,0
61407,25,24382,70205,0,0,0,0,0,1,23,0,0,1,94587,0.34729225422328575,61382,0,1,1,0,1,0
1727,25,75150,82796,0,0,0,0,1,0,23,0,0,1,157946,0.9076415812167108,1702,0,1,0,0,1,0
445,21,4453,5897,1,0,1,0,1,0,23,0,0,1,10350,0.7550016954899966,424,1,1,0,0,1,1
18757,3389,40050,141434,0,0,1,0,1,0,0,1,0,1,181484,0.28316894686605154,15368,0,0,0,0,1,0
22,22,230865,421304,0,1,0,0,1,0,1,1,0,1,652169,0.547975931925802,0,1,1,0,0,1,1
53,25,7901,10580,0,0,1,0,1,0,1,1,0,1,18481,0.7467158113599849,28,1,1,0,0,1,1
51874,445,1853,3244,0,0,1,0,1,0,1,1,0,1,5097,0.5710323574730355,51429,0,1,1,0,1,0
3306,25,35022,39843,0,0,1,0,1,0,2,1,0,1,74865,0.8789780142555969,3281,0,1,0,0,1,1
445,80,3270,3456,0,0,1,0,1,0,2,1,0,1,6726,0.9459068556551924,365,1,1,0,0,1,1
21,3389,5940,12081,0,0,0,0,1,0,2,1,0,1,18021,0.49164045687800034,3368,1,0,0,0,1,1
48148,443,96503,378123,1,0,0,0,1,0,2,1,0,1,474626,0.25521522040388867,47705,0,1,0,0,1,0
445,21,443759,1397409,0,0,0,0,1,0,2,1,0,1,1841168,0.3175581969500719,424,1,1,0,0,1,1
29800,53,4442,18561,0,0,1,0,1,0,3,1,0,1,23003,0.23930610925546816,29747,0,1,0,0,1,0
25,3306,6769,26178,0,0,0,0,1,0,3,1,0,1,32947,0.2585660262042095,3281,1,0,0,0,1,1
21987,443,10896,22802,0,0,0,0,1,0,3,1,0,1,33698,0.477831864228391,21544,0,1,0,0,1,0
3389,1433,9168,6215,0,0,0,0,1,0,4,1,0,1,15383,1.4749034749034748,1956,0,0,0,0,1,1
50259,445,485661,1953621,0,0,1,0,1,0,4,1,0,1,2439282,0.24859517347777615,49814,0,1,1,0,1,0
60268,445,9424,10908,0,0,0,0,1,0,4,1,0,1,20332,0.8638738656155468,59823,0,1,1,0,1,0
58789,53,11844,7645,0,0,0,0,0,1,4,1,0,1,19489,1.5490452524195657,58736,0,1,1,0,1,0
29350,21,292401,398401,0,0,1,0,0,1,4,1,0,1,690802,0.7339345686015633,29329,0,1,0,0,1,0
10407,53,55419,136707,0,0,1,0,0,1,4,1,0,1,192126,0.40538227462913656,10354,0,1,0,0,1,0
45598,3389,106663,30220,0,0,1,0,0,1,4,1,0,1,136883,3.5294331756063664,42209,0,0,0,0,1,0
34154,3306,5167,17977,0,0,0,0,1,0,5,1,0,1,23144,0.28740683057069755,30848,0,0,0,0,1,0
59345,175,471,1722,0,1,1,0,1,0,6,1,0,0,2193,0.273360417875798,59170,0,1,1,0,0,0
3306,52508,4173,9697,0,0,1,0,1,0,6,1,0,0,13870,0.43029490616621985,49202,0,0,0,1,0,1
17319,3306,79381,26204,0,0,0,0,1,0,6,1,0,0,105585,3.02923106277428,14013,0,0,0,0,1,0
59928,443,156433,131464,1,0,1,0,0,1,6,1,0,0,287897,1.1899212718213974,59485,0,1,1,0,1,0
29676,1433,8436,28520,1,0,1,0,1,0,6,1,0,0,36956,0.2957820553276533,28243,0,0,0,0,1,0
4224,53,12298,40503,0,0,1,1,0,0,6,1,0,0,52801,0.30362433339917044,4171,0,1,0,0,1,0
3306,1433,13190,11319,0,1,1,0,1,0,7,1,0,0,24509,1.1651943462897527,1873,0,0,0,0,1,1
1061,53,1852,5951,0,0,0,0,0,1,7,1,0,0,7803,0.3111559139784946,1008,0,1,0,0,1,0
9224,21,7494,17569,1,0,1,0,1,0,7,1,0,0,25063,0.42652248150256117,9203,0,1,0,0,1,0
16569,3389,75904,173592,1,0,0,0,1,0,7,1,0,0,249496,0.4372526541968858,13180,0,0,0,0,1,0
23597,443,5428,15142,0,0,1,0,1,0,7,1,0,0,20570,0.35844944859010763,23154,0,1,0,0,1,0
39152,80,25559,87583,1,0,1,0,0,1,7,1,0,0,113142,0.2918227073438071,39072,0,1,0,0,1,0
59903,3306,2716,700,0,0,1,0,0,1,8,1,0,0,3416,3.8744650499286735,56597,0,0,1,0,1,0
34657,80,17493,29431,0,0,1,0,1,0,8,1,0,0,46924,0.5943530850774666,34577,0,1,0,0,1,0
7970,80,8943,8134,0,0,0,0,1,0,9,1,0,0,17077,1.0993239090350337,7890,0,1,0,0,1,0
7704,80,3119,1933,1,0,1,0,1,0,9,1,0,0,5052,1.6127197518097207,7624,0,1,0,0,1,0
18065,3306,78011,317217,0,0,0,1,0,0,9,1,0,0,395228,0.24592236253932626,14759,0,0,0,0,1,0
7267,3306,85357,244049,1,0,1,0,1,0,9,1,0,0,329406,0.3497520999795124,3961,0,0,0,0,1,0
49864,443,4669,16257,0,0,1,0,1,0,9,1,0,0,20926,0.287181695165457,49421,0,1,1,0,1,0
18448,1433,15585,60893,0,0,1,0,1,0,9,1,0,0,76478,0.25593654547246036,17015,0,0,0,0,1,0
29418,1433,23645,22182,0,0,1,0,1,0,10,1,0,0,45827,1.0659063246630303,27985,0,0,0,0,1,0
54034,1433,1207,2714,0,0,1,0,1,0,10,1,0,0,3921,0.4445672191528545,52601,0,0,1,0,1,0
47743,3306,2355,6197,0,0,1,0,1,0,10,1,0,0,8552,0.3799612778315586,44437,0,0,0,0,1,0
22742,445,172483,602904,0,0,1,0,0,1,10,1,0,0,775387,0.2860865310455213,22297,0,1,0,0,1,0
25,3306,4006,7215,0,0,1,0,0,1,10,1,0,0,11221,0.5551552106430155,3281,1,0,0,0,1,1
38351,21,164899,104969,0,0,0,0,1,0,10,1,0,0,269868,1.5709154996665713,38330,0,1,0,0,1,0
40705,80,2558,7557,0,0,1,1,0,0,11,1,0,0,10115,0.3384493252183117,40625,0,1,0,0,1,0
25,22,63204,246210,0,0,1,0,1,0,11,1,0,0,309414,0.2567066459256491,3,1,1,0,0,1,1
61398,25,13385,9728,0,0,0,0,1,0,11,1,0,0,23113,1.3757837393360057,61373,0,1,1,0,1,0
62104,25,16760,56554,0,0,1,0,1,0,12,1,0,0,73314,0.29634868711873397,62079,0,1,1,0,1,0
20142,22,429122,1083748,0,0,1,0,1,0,12,1,0,0,1512870,0.3959606883143606,20120,0,1,0,0,1,0
9916,53,2961,8470,0,0,1,0,0,1,12,1,0,0,11431,0.3495455082044623,9863,0,1,0,0,1,0
3306,445,57049,124230,0,0,1,0,1,0,12,1,0,0,181279,0.45921710362147933,2861,0,1,0,0,1,1
31198,3389,53400,53341,0,0,1,0,1,0,12,1,0,0,106741,1.0010873233099622,27809,0,0,0,0,1,0
18517,3389,4719990,11801928,1,0,1,0,1,0,12,1,0,0,16521918,0.3999337735382072,15128,0,0,0,0,1,0
54597,42625,3930,3597,0,0,1,0,1,0,13,1,0,0,7527,1.0922734852695941,11972,0,0,1,0,0,0
38855,22,8090,32116,0,0,0,0,0,1,13,1,0,0,40206,0.25189152162406203,38833,0,1,0,0,1,0
64194,445,81265,258550,0,0,1,0,1,0,13,1,0,0,339815,0.3143093625628986,63749,0,1,1,0,1,0
24743,21,15987,41297,0,0,1,0,1,0,14,1,0,0,57284,0.38711317739357837,24722,0,1,0,0,1,0
30572,53,10499,38422,0,0,1,0,0,1,14,1,0,0,48921,0.27324779428987844,30519,0,1,0,0,1,0
56890,445,101927,343777,1,0,1,0,1,0,14,1,0,0,445704,0.2964907585709382,56445,0,1,1,0,1,0
27534,21,14378,59208,0,0,1,0,1,0,14,1,0,0,73586,0.24283470418348563,27513,0,1,0,0,1,0
32689,25,5287,3573,1,0,1,0,1,0,14,1,0,0,8860,1.47929490766648,32664,0,1,0,0,1,0
38056,443,70399,36558,0,0,1,0,1,0,14,1,0,0,106957,1.9256270685740857,37613,0,1,0,0,1,0
57870,3389,40153,22242,0,0,1,1,0,0,14,1,0,0,62395,1.8051971406734704,54481,0,0,1,0,1,0
6307,80,13352,52239,0,0,1,0,1,0,15,1,0,0,65591,0.2555895865237366,6227,0,1,0,0,1,0
34786,1433,12376,28890,0,1,1,0,1,0,15,1,0,0,41266,0.42836869613374406,33353,0,0,0,0,1,0
45273,1433,5095,7091,0,0,1,0,0,1,16,1,0,0,12186,0.7184151156232375,43840,0,0,0,0,1,0
25,22,70273,97531,1,0,1,0,1,0,16,1,0,0,167804,0.7205122421359144,3,1,1,0,0,1,1
445,22,12379,41373,0,0,1,0,1,0,17,1,0,0,53752,0.29919756368733985,423,1,1,0,0,1,1
7097,3389,6426,20146,0,0,1,0,1,0,17,1,0,0,26572,0.318955675782995,3708,0,0,0,0,1,0
443,53,2816,779,0,0,1,0,0,1,17,1,0,0,3595,3.6102564102564103,390,1,1,0,0,1,1
3802,443,41251,122197,0,0,1,0,1,0,17,1,0,0,163448,0.3375750830619159,3359,0,1,0,0,1,0
7215,53,9762,21589,0,0,0,0,1,0,17,1,0,0,31351,0.45215377489578507,7162,0,1,0,0,1,0
50475,80,879,2139,0,0,0,0,1,0,17,1,0,0,3018,0.41074766355140185,50395,0,1,1,0,1,0
43740,53,3212,7990,1,0,0,0,1,0,17,1,0,0,11202,0.40195219622074835,43687,0,1,0,0,1,0
56646,53,15157,35120,0,0,1,0,1,0,17,1,0,0,50277,0.4315651604453176,56593,0,1,1,0,1,0
39758,3306,15853,23508,0,0,1,0,1,0,18,1,0,0,39361,0.6743374877706411,36452,0,0,0,0,1,0
53,22,14918,7666,1,0,1,0,1,0,18,1,0,0,22584,1.9457414895004566,31,1,1,0,0,1,1
50902,445,11939,38338,0,0,1,0,1,0,18,1,0,0,50277,0.3114061399619187,50457,0,1,1,0,1,0
60518,3306,2076,7346,0,0,0,0,1,0,18,1,0,0,9422,0.28256431196406695,57212,0,0,1,0,1,0
32811,53,5435,15475,0,0,0,0,0,1,18,1,0,0,20910,0.3511889377100026,32758,0,1,0,0,1,0
23257,443,146391,413597,1,0,1,0,1,0,18,1,0,0,559988,0.3539451351312144,22814,0,1,0,0,1,0
53181,3389,115608,62928,0,0,1,0,1,0,18,1,0,0,178536,1.8371180218976941,49792,0,0,1,0,1,0
49388,80,55532,161281,0,0,0,0,1,0,18,1,0,0,216813,0.34431616671420245,49308,0,1,1,0,1,0
5466,80,48204,178683,0,0,0,0,1,0,19,1,0,0,226887,0.2697723355196884,5386,0,1,0,0,1,0
45512,3306,93677,302998,0,0,0,0,1,0,19,1,0,0,396675,0.30916603685160676,42206,0,0,0,0,1,0
5368,443,3665,6139,0,0,0,0,1,0,19,1,0,0,9804,0.5969055374592834,4925,0,1,0,0,1,0
3306,1433,23218,38562,0,0,1,0,1,0,19,1,0,0,61780,0.6020797137152193,1873,0,0,0,0,1,1
21,29056,3668,1767,0,0,1,0,0,1,19,1,0,0,5435,2.074660633484163,29035,1,0,0,0,0,1
39010,1433,3771,6677,0,0,1,0,1,0,20,1,0,0,10448,0.5646900269541779,37577,0,0,0,0,1,0
53,443,39691,20605,0,0,1,0,1,0,20,1,0,0,60296,1.9261865476074929,390,1,1,0,0,1,1
65345,80,100187,95811,0,0,1,0,1,0,20,1,0,0,195998,1.0456623387467123,65265,0,1,1,0,1,0
22,445,16152,13241,0,0,0,0,0,1,22,1,0,1,29393,1.219755323969189,423,1,1,0,0,1,1
62021,445,308168,1134063,0,0,1,0,1,0,22,1,0,1,1442231,0.2717377502504268,61576,0,1,1,0,1,0
3226,53,30910,53809,0,0,0,0,1,0,22,1,0,1,84719,0.5744285448801338,3173,0,1,0,0,1,0
28503,1433,6355,20432,0,0,0,0,0,1,22,1,0,1,26787,0.3110164929281065,27070,0,0,0,0,1,0
31600,3306,3870,11271,0,0,1,0,1,0,22,1,0,1,15141,0.34332860184528036,28294,0,0,0,0,1,0
53499,53,112309,27419,0,0,1,0,1,0,22,1,0,1,139728,4.095878920495989,53446,0,1,1,0,1,0
3306,1433,27052,62930,0,0,1,0,1,0,23,1,0,1,89982,0.42986763280418233,1873,0,0,0,0,1,1
32367,443,64969,168764,0,0,0,0,0,1,23,1,0,1,233733,0.38496726216928867,31924,0,1,0,0,1,0
29727,53,313,305,0,0,1,0,1,0,23,1,0,1,618,1.022875816993464,29674,0,1,0,0,1,0
44938,53,32580,125243,0,0,1,0,0,1,23,1,0,1,157823,0.26013222190284563,44885,0,1,0,0,1,0
62746,80,9712,29217,0,0,0,0,1,0,0,2,0,1,38929,0.33239783694982544,62666,0,1,1,0,1,0
48839,445,2368,6420,0,0,1,0,1,0,0,2,0,1,8788,0.3687899081140009,48394,0,1,0,0,1,0
44549,1433,19924,38795,0,0,1,0,1,0,0,2,0,1,58719,0.5135580987730693,43116,0,0,0,0,1,0
1162,443,126361,91084,0,0,1,0,1,0,1,2,0,1,217445,1.3872866004281714,719,0,1,0,0,1,0
1433,80,827335,1235137,0,0,0,0,1,0,1,2,0,1,2062472,0.6698320349628948,1353,0,1,0,0,1,1
31476,53,32449,89003,0,0,1,0,1,0,1,2,0,1,121452,0.3645791200395488,31423,0,1,0,0,1,0
13568,3306,7082,14657,0,0,0,0,1,0,1,2,0,1,21739,0.483149133578933,10262,0,0,0,0,1,0
60427,25,6430,14341,0,0,1,0,1,0,1,2,0,1,20771,0.4483335657509413,60402,0,1,1,0,1,0
8121,443,102848,330939,0,0,0,0,1,0,1,2,0,1,433787,0.31077536713603676,7678,0,1,0,0,1,0
17489,445,4469,1453,0,0,1,0,0,1,1,2,0,1,5922,3.0735900962861074,17044,0,1,0,0,1,0
44054,443,59628,18823,0,0,1,0,1,0,1,2,0,1,78451,3.1676583085422862,43611,0,1,0,0,1,0
27922,80,35238,51442,0,0,1,0,0,1,2,2,0,1,86680,0.6849911552592189,27842,0,1,0,0,1,0
7327,21,29524,92445,0,0,1,0,1,0,2,2,0,1,121969,0.31936481838045994,7306,0,1,0,0,1,0
63766,443,1791,1368,0,1,1,0,0,1,2,2,0,1,3159,1.308254200146092,63323,0,1,1,0,1,0
34597,22,12442,43814,0,0,1,0,1,0,2,2,0,1,56256,0.2839666780782837,34575,0,1,0,0,1,0
21,22,2136,6509,0,0,0,0,1,0,2,2,0,1,8645,0.328110599078341,1,1,1,0,0,1,1
11298,22,8593,31020,1,0,1,0,0,1,2,2,0,1,39613,0.27700589922955415,11276,0,1,0,0,1,0
2105,80,95551,386025,0,0,0,0,0,1,2,2,0,1,481576,0.24752477812375331,2025,0,1,0,0,1,0
41720,21,157896,444784,0,0,0,0,1,0,3,2,0,1,602680,0.354993985858336,41699,0,1,0,0,1,0
3389,21,31017,53150,0,0,1,0,1,0,3,2,0,1,84167,0.5835638087712367,3368,0,1,0,0,1,1
51681,3389,8843,12133,0,0,0,0,1,0,4,2,0,1,20976,0.7287786385363442,48292,0,0,1,0,1,0
33880,21,279556,1154381,0,0,1,0,1,0,4,2,0,1,1433937,0.24216940319582253,33859,0,1,0,0,1,0
57677,53,8658,7625,0,0,1,0,0,1,4,2,0,1,16283,1.135326514555468,57624,0,1,1,0,1,0
3306,443,3579,10448,1,0,1,0,1,0,4,2,0,1,14027,0.34252081538903245,2863,0,1,0,0,1,1
40282,21,67129,19809,0,0,1,0,0,1,5,2,0,1,86938,3.3886420999495206,40261,0,1,0,0,1,0
4799,445,45815,153912,0,0,1,0,1,0,5,2,0,1,199727,0.29766816318309697,4354,0,1,0,0,1,0
22,445,9245,21977,0,0,0,0,0,1,5,2,0,1,31222,0.42064792064792067,423,1,1,0,0,1,1
22,80,25857,12694,0,0,1,0,0,1,5,2,0,1,38551,2.0367861362741237,58,1,1,0,0,1,1
29147,3389,44687,121100,0,0,1,0,1,0,6,2,0,0,165787,0.36900603628376316,25758,0,0,0,0,1,0
12878,1433,30512,61155,1,0,1,0,1,0,6,2,0,0,91667,0.49892079272679707,11445,0,0,0,0,1,0
31075,3389,45903,139237,0,0,0,0,0,1,6,2,0,0,185140,0.329672934112814,27686,0,0,0,0,1,0
22,445,9807,35898,0,0,0,0,1,0,6,2,0,0,45705,0.27318309702220117,423,1,1,0,0,1,1
64391,3389,51123,44183,0,0,1,0,1,0,6,2,0,0,95306,1.1570478001086366,61002,0,0,1,0,1,0
47124,53,22654,75545,0,0,0,0,1,0,6,2,0,0,98199,0.2998702777115929,47071,0,1,0,0,1,0
52615,1433,10353,7415,0,0,1,0,1,0,6,2,0,0,17768,1.3960355987055015,51182,0,0,1,0,1,0
27945,443,14862,5041,0,0,1,0,0,1,6,2,0,0,19903,2.947639825466085,27502,0,1,0,0,1,0
35710,53,18832,56576,0,0,1,0,1,0,7,2,0,0,75408,0.3328561076055641,35657,0,1,0,0,1,0
31287,25,2180,6216,0,0,0,0,0,1,7,2,0,0,8396,0.3506514396010938,31262,0,1,0,0,1,0
65189,443,7953,28915,0,0,1,0,1,0,7,2,0,0,36868,0.2750380412228524,64746,0,1,1,0,1,0
15307,21,24436,26573,0,0,1,0,1,0,7,2,0,0,51009,0.9195454203356664,15286,0,1,0,0,1,0
53814,41374,2536,5511,0,0,1,0,1,0,8,2,0,0,8047,0.46008708272859217,12440,0,0,1,0,0,0
9176,53,8169,20589,0,0,1,0,1,0,8,2,0,0,28758,0.3967459932005828,9123,0,1,0,0,1,0
22,39477,999921,2469911,0,0,1,0,1,0,8,2,0,0,3469832,0.4048407392652046,39455,1,0,0,0,0,1
3306,20117,3616,3177,0,1,1,0,1,0,8,2,0,0,6793,1.1378225298930145,16811,0,0,0,0,0,1
8447,25,11919,19578,0,0,0,0,1,0,8,2,0,0,31497,0.6087644925685683,8422,0,1,0,0,1,0
1433,25,5802,5351,0,0,1,0,0,1,8,2,0,0,11153,1.0840807174887892,1408,0,1,0,0,1,1
19189,21,18269,41909,1,0,0,0,1,0,9,2,0,0,60178,0.43591028394178,19168,0,1,0,0,1,0
36857,25,5979,14888,1,0,1,0,1,0,9,2,0,0,20867,0.4015716300624622,36832,0,1,0,0,1,0
48170,20718,14925,9026,0,0,1,0,1,0,9,2,0,0,23951,1.6533732136922565,27452,0,0,0,0,0,0
41604,443,6976,19271,0,0,1,0,1,0,9,2,0,0,26247,0.3619759236197592,41161,0,1,0,0,1,0
4175,443,119157,153323,0,0,0,0,1,0,10,2,0,0,272480,0.7771581748454254,3732,0,1,0,0,1,0
36610,22,25099,83824,0,0,0,0,1,0,11,2,0,0,108923,0.2994214136594095,36588,0,1,0,0,1,0
45381,22,4425,17932,0,0,1,0,1,0,11,2,0,0,22357,0.24675179836056432,45359,0,1,0,0,1,0
34095,3389,84564,192959,0,0,1,0,1,0,11,2,0,0,277523,0.4382462686567164,30706,0,0,0,0,1,0
25494,3389,4754,11218,0,0,0,0,1,0,11,2,0,0,15972,0.42374543185667174,22105,0,0,0,0,1,0
45448,21,1803,2149,0,0,0,0,1,0,11,2,0,0,3952,0.8386046511627907,45427,0,1,0,0,1,0
22,247,16298,36222,0,1,0,0,1,0,12,2,0,0,52520,0.4499351240924275,225,1,1,0,0,0,1
32775,25,465851,974232,0,0,1,0,0,1,13,2,0,0,1440083,0.47817205945600283,32750,0,1,0,0,1,0
28114,443,1182,113,0,0,1,0,1,0,13,2,0,0,1295,10.368421052631579,27671,0,1,0,0,1,0
61255,1433,2618,8055,0,1,1,0,1,0,13,2,0,0,10673,0.32497517378351537,59822,0,0,1,0,1,0
22532,80,73426,132912,0,0,1,0,1,0,13,2,0,0,206338,0.5524365562435578,22452,0,1,0,0,1,0
45239,3306,7881,3847,0,0,0,0,0,1,13,2,0,0,11728,2.048076923076923,41933,0,0,0,0,1,0
32976,80,58636,143344,0,0,0,0,1,0,13,2,0,0,201980,0.40905507691234433,32896,0,1,0,0,1,0
22137,3389,5767,9661,0,0,1,0,1,0,13,2,0,0,15428,0.5968743531359967,18748,0,0,0,0,1,0
44525,53,27643,24915,1,1,0,1,0,0,14,2,0,0,52558,1.1094477444212554,44472,0,1,0,0,1,0
6730,21,359028,209716,0,0,1,0,1,0,14,2,0,0,568744,1.711964218446764,6709,0,1,0,0,1,0
3306,22,3257,11424,1,0,0,0,1,0,14,2,0,0,14681,0.2850765864332604,3284,0,1,0,0,1,1
22,1433,113325,194034,0,0,1,0,1,0,14,2,0,0,307359,0.5840441157523127,1411,1,0,0,0,1,1
52454,1433,65351,127381,0,0,0,0,1,0,14,2,0,0,192732,0.5130316685245954,51021,0,0,1,0,1,0
15212,3389,2032,6368,0,0,1,0,0,1,15,2,0,0,8400,0.3190453760401947,11823,0,0,0,0,1,0
39783,3389,53865,206770,0,0,1,0,1,0,15,2,0,0,260635,0.26050558347157,36394,0,0,0,0,1,0
7674,443,24747,14604,1,0,0,0,1,0,15,2,0,0,39351,1.6944197192742212,7231,0,1,0,0,1,0
3543,80,25482,105526,0,0,1,0,1,0,15,2,0,0,131008,0.24147374605551186,3463,0,1,0,0,1,0
445,3389,37738,120223,0,0,1,0,0,1,15,2,0,0,157961,0.3138973915357998,2944,1,0,0,0,1,1
38709,443,12574,32661,0,0,1,0,1,0,15,2,0,0,45235,0.38497336354173045,38266,0,1,0,0,1,0
55202,80,24640,18834,1,0,1,0,1,0,16,2,0,0,43474,1.3082028139102735,55122,0,1,1,0,1,0
48532,14257,32413,88543,0,0,0,0,1,0,16,2,0,0,120956,0.36606658836284783,34275,0,0,0,0,0,0
47686,3306,72670,136983,1,0,0,0,1,0,16,2,0,0,209653,0.5304999123985283,44380,0,0,0,0,1,0
80,53,1913,6562,0,0,1,0,1,0,17,2,0,0,8475,0.2914825537101935,27,1,1,0,0,1,1
56563,53,173757,441784,0,0,1,0,1,0,17,2,0,0,615541,0.39330669895990134,56510,0,1,1,0,1,0
18636,443,3468,12530,0,0,1,0,1,0,18,2,0,0,15998,0.2767536509456548,18193,0,1,0,0,1,0
53070,25,2110469,385173,0,1,1,0,1,0,18,2,0,0,2495642,5.479261320857587,53045,0,1,1,0,1,0
9062,25,25012,65482,1,0,1,0,1,0,18,2,0,0,90494,0.3819617305254799,9037,0,1,0,0,1,0
25,22,2835,905,0,0,1,0,1,0,18,2,0,0,3740,3.129139072847682,3,1,1,0,0,1,1
12105,80,51278,26486,0,0,0,0,1,0,18,2,0,0,77764,1.9359685883641031,12025,0,1,0,0,1,0
5837,443,4852,19933,0,0,1,1,0,0,19,2,0,0,24785,0.2434032306611819,5394,0,1,0,0,1,0
32982,443,121792,64622,0,0,0,0,1,0,19,2,0,0,186414,1.8846540705321635,32539,0,1,0,0,1,0
42306,22,7063,7706,0,0,1,0,1,0,19,2,0,0,14769,0.9164396003633061,42284,0,1,0,0,1,0
49197,1006,969,906,0,1,1,0,1,0,20,2,0,0,1875,1.0683572216097024,48191,0,1,1,0,0,0
9462,21,256312,166404,0,0,0,0,0,1,20,2,0,0,422716,1.5402902557014513,9441,0,1,0,0,1,0
50933,80,29440,64542,0,0,1,0,1,0,20,2,0,0,93982,0.4561300218459012,50853,0,1,1,0,1,0
49092,3306,88212,27848,0,0,0,0,1,0,20,2,0,0,116060,3.1675105030701283,45786,0,0,0,0,1,0
1433,445,5640,3807,0,0,1,0,1,0,21,2,0,0,9447,1.48109243697479,988,0,1,0,0,1,1
4436,3306,1067,754,0,0,1,0,1,0,21,2,0,0,1821,1.4132450331125828,1130,0,0,0,0,1,0
28329,80,321362,517726,0,0,1,0,0,1,21,2,0,0,839088,0.620717096075731,28249,0,1,0,0,1,0
29007,61338,21801,3961,1,0,1,0,1,0,22,2,0,1,25762,5.502523977788996,32331,0,0,0,1,0,0
11262,1433,48347,71919,0,0,1,0,1,0,22,2,0,1,120266,0.6722330367074527,9829,0,0,0,0,1,0
53,1433,62978,235858,0,0,1,0,0,1,22,2,0,1,298836,0.2670154626280956,1380,1,0,0,0,1,1
49396,443,12879,4339,0,0,0,0,1,0,22,2,0,1,17218,2.967511520737327,48953,0,1,1,0,1,0
8950,445,31633,11527,0,0,0,0,0,1,22,2,0,1,43160,2.7440145732130463,8505,0,1,0,0,1,0
22174,53,282186,877258,0,0,1,0,1,0,23,2,0,1,1159444,0.32166783127901794,22121,0,1,0,0,1,0
17073,3389,20912,70183,0,0,1,0,1,0,23,2,0,1,91095,0.2979596489228314,13684,0,0,0,0,1,0
7645,1433,99445,218053,0,0,1,0,0,1,23,2,0,1,317498,0.4560567565832317,6212,0,0,0,0,1,0
4283,21,910,2208,0,0,1,0,1,0,0,3,0,1,3118,0.4119511090991399,4262,0,1,0,0,1,0
9583,53,132988,104210,0,0,0,0,1,0,0,3,0,1,237198,1.2761416741035017,9530,0,1,0,0,1,0
63368,3306,1929,4351,1,0,0,0,1,0,0,3,0,1,6280,0.44324448529411764,60062,0,0,1,0,1,0
3306,22,110752,40075,0,0,0,0,1,0,0,3,0,1,150827,2.7635492564128157,3284,0,1,0,0,1,1
25233,1433,41151,18580,1,0,1,0,1,0,1,3,0,1,59731,2.214681664065443,23800,0,0,0,0,1,0
2881,25,18892,34880,0,0,1,0,1,0,1,3,0,1,53772,0.5416129124738396,2856,0,1,0,0,1,0
44801,22,18782,34926,0,0,1,0,1,0,1,3,0,1,53708,0.5377501646290835,44779,0,1,0,0,1,0
40007,443,14700,50273,0,0,1,0,1,0,1,3,0,1,64973,0.29239766081871343,39564,0,1,0,0,1,0
6706,25,5924,23284,0,0,1,0,0,1,1,3,0,1,29208,0.2544127120463818,6681,0,1,0,0,1,0
443,443,15842,15925,0,1,1,0,1,0,2,3,0,1,31767,0.9947256059274143,0,1,1,0,0,1,1
9362,42415,753809,251487,0,0,0,0,1,0,2,3,0,1,1005296,2.997395501972261,33053,0,0,0,0,0,0
80,21,176962,440513,0,0,0,0,1,0,2,3,0,1,617475,0.40171708504156506,59,1,1,0,0,1,1
3306,3306,5466,14506,0,0,1,0,1,0,2,3,0,1,19972,0.376783621699869,0,0,0,0,0,1,1
41500,3389,33802,22141,0,0,1,0,1,0,3,3,0,1,55943,1.5266010297172794,38111,0,0,0,0,1,0
28821,3306,25682,36495,0,0,1,0,1,0,3,3,0,1,62177,0.7036935554581324,25515,0,0,0,0,1,0
22224,80,17541,72483,0,0,0,0,0,1,3,3,0,1,90024,0.24199823409304122,22144,0,1,0,0,1,0
11160,80,4427,14116,0,0,1,0,0,1,3,3,0,1,18543,0.3135935397039031,11080,0,1,0,0,1,0
53177,80,44955,167000,0,0,0,0,1,0,3,3,0,1,211955,0.26919000485027034,53097,0,1,1,0,1,0
46816,53,85281,302141,0,0,0,0,1,0,3,3,0,1,387422,0.2822547014317771,46763,0,1,0,0,1,0
22609,80,5800,4075,0,0,1,0,1,0,3,3,0,1,9875,1.422963689892051,22529,0,1,0,0,1,0
36949,3306,503262,1767731,0,0,0,0,1,0,4,3,0,1,2270993,0.284693607402027,33643,0,0,0,0,1,0
3306,22,251501,433755,0,0,1,0,1,0,4,3,0,1,685256,0.5798213742288291,3284,0,1,0,0,1,1
52403,25,52947,53796,0,0,1,0,1,0,4,3,0,1,106743,0.9841998624458613,52378,0,1,1,0,1,0
65171,1433,3069,9377,0,0,1,0,1,0,4,3,0,1,12446,0.3272552783109405,63738,0,0,1,0,1,0
6665,25,41867,27277,0,0,1,0,1,0,4,3,0,1,69144,1.5348266001906299,6640,0,1,0,0,1,0
20227,53,34584,86861,0,0,1,0,0,1,5,3,0,1,121445,0.398148787732265,20174,0,1,0,0,1,0
52518,13589,50063,195809,0,0,0,0,1,0,5,3,0,1,245872,0.2556713140289056,38929,0,0,1,0,0,0
25,25,280616,875848,0,0,1,0,1,0,5,3,0,1,1156464,0.32039312712579454,0,1,1,0,0,1,1
64988,3389,16621,44599,0,0,1,0,1,0,6,3,0,0,61220,0.37266816143497755,61599,0,0,1,0,1,0
4345,25,583338,1840662,0,0,1,0,0,1,6,3,0,0,2424000,0.3169173281583864,4320,0,1,0,0,1,0
29792,443,42209,43257,0,0,1,0,0,1,6,3,0,0,85466,0.9757501502612234,29349,0,1,0,0,1,0
17086,3389,13839,52058,1,0,1,0,1,0,6,3,0,0,65897,0.2658329971762808,13697,0,0,0,0,1,0
3389,3389,1023771,262587,0,0,0,0,1,0,6,3,0,0,1286358,3.89877298277149,0,0,0,0,0,1,1
22,25,83102,295808,0,0,1,0,0,1,6,3,0,0,378910,0.28093127660077954,3,1,1,0,0,1,1
22516,53,10640,27337,0,0,1,0,1,0,6,3,0,0,37977,0.3892018435876802,22463,0,1,0,0,1,0
64757,443,25203,90959,0,0,1,0,0,1,7,3,0,0,116162,0.2770778364116095,64314,0,1,1,0,1,0
3389,22,60862,6082,0,0,1,0,1,0,7,3,0,0,66944,10.005260562222588,3367,0,1,0,0,1,1
3306,22,17302,18032,0,0,1,0,1,0,7,3,0,0,35334,0.959463206343925,3284,0,1,0,0,1,1
2253,80,27289,58891,0,0,0,0,1,0,8,3,0,0,86180,0.463373633091082,2173,0,1,0,0,1,0
445,22,5957,3755,0,0,1,0,1,0,8,3,0,0,9712,1.5859957401490947,423,1,1,0,0,1,1
18432,443,1485,1999,1,0,1,0,1,0,8,3,0,0,3484,0.7425,17989,0,1,0,0,1,0
34111,21,26115,42731,0,0,0,0,1,0,8,3,0,0,68846,0.6111345127773098,34090,0,1,0,0,1,0
48971,445,27557,92316,0,0,1,0,0,1,9,3,0,0,119873,0.2985040675065264,48526,0,1,0,0,1,0
43766,3306,51194,116898,0,0,1,0,1,0,9,3,0,0,168092,0.4379336008006912,40460,0,0,0,0,1,0
42838,3389,8761,17274,1,0,1,0,1,0,9,3,0,0,26035,0.5071490593342981,39449,0,0,0,0,1,0
6296,80,2578,3438,0,0,1,0,1,0,10,3,0,0,6016,0.7496365222448386,6216,0,1,0,0,1,0
34841,53,4700,4304,0,0,1,0,1,0,10,3,0,0,9004,1.0917537746806039,34788,0,1,0,0,1,0
31179,22,119254,298842,0,0,1,0,1,0,10,3,0,0,418096,0.3990523452113652,31157,0,1,0,0,1,0
22168,53,7581,31577,1,0,0,0,1,0,10,3,0,0,39158,0.24007220216606498,22115,0,1,0,0,1,0
37997,3389,10858,11026,0,0,1,0,1,0,10,3,0,0,21884,0.9846739820440736,34608,0,0,0,0,1,0
53352,21,13361,45094,0,0,0,0,1,0,11,3,0,0,58455,0.2962856192482537,53331,0,1,1,0,1,0
16046,21,8177,16493,0,0,0,1,0,0,11,3,0,0,24670,0.49575603249666544,16025,0,1,0,0,1,0
5897,80,7265,14771,0,0,1,0,1,0,11,3,0,0,22036,0.4918088275115083,5817,0,1,0,0,1,0
47448,3389,5465,1181,0,0,1,0,0,1,11,3,0,0,6646,4.623519458544839,44059,0,0,0,0,1,0
3306,53,207119,767505,0,0,1,0,1,0,12,3,0,0,974624,0.2698597795978142,3253,0,1,0,0,1,1
32268,53,65392,28077,1,0,0,0,1,0,12,3,0,0,93469,2.3289408077498397,32215,0,1,0,0,1,0
43454,3306,162188,554658,0,0,0,0,0,1,12,3,0,0,716846,0.2924102917287919,40148,0,0,0,0,1,0
14831,25,223897,27224,1,0,0,0,1,0,13,3,0,0,251121,8.22394857667585,14806,0,1,0,0,1,0
49084,3389,512,177,0,0,1,0,1,0,13,3,0,0,689,2.8764044943820224,45695,0,0,0,0,1,0
21593,1433,38159,103760,0,0,0,0,1,0,13,3,0,0,141919,0.36775859908828945,20160,0,0,0,0,1,0
48225,3389,8622,9215,0,0,0,0,1,0,13,3,0,0,17837,0.935546875,44836,0,0,0,0,1,0
3281,21,131517,390330,1,0,1,0,1,0,13,3,0,0,521847,0.33693711234823776,3260,0,1,0,0,1,0
56069,3306,6725,15466,0,0,1,0,0,1,13,3,0,0,22191,0.43479666386500293,52763,0,0,1,0,1,0
49103,22,4077,3397,0,0,1,0,1,0,13,3,0,0,7474,1.199823425544438,49081,0,1,0,0,1,0
26652,3306,2220,6222,0,0,1,0,1,0,14,3,0,0,8442,0.3567411216455086,23346,0,0,0,0,1,0
38444,3306,13571,56057,1,0,1,0,0,1,14,3,0,0,69628,0.24208855114345856,35138,0,0,0,0,1,0
22420,22,95216,41782,1,0,1,0,1,0,14,3,0,0,136998,2.2788215302874373,22398,0,1,0,0,1,0
21968,3306,33185,44599,0,0,1,0,1,0,14,3,0,0,77784,0.7440582959641255,18662,0,0,0,0,1,0
34649,25,3215,4321,0,0,1,0,1,0,14,3,0,0,7536,0.7438685793614067,34624,0,1,0,0,1,0
5217,53,689867,1476371,0,0,1,0,1,0,14,3,0,0,2166238,0.46727179870655905,5164,0,1,0,0,1,0
19368,53,62271,114519,1,0,0,0,1,0,14,3,0,0,176790,0.5437565490743975,19315,0,1,0,0,1,0
48993,1433,76409,169802,0,0,0,0,1,0,14,3,0,0,246211,0.44998616043297235,47560,0,0,0,0,1,0
80,445,172137,683528,0,0,0,0,1,0,15,3,0,0,855665,0.251835693876924,365,1,1,0,0,1,1
41077,25,1596,3952,0,0,1,0,1,0,15,3,0,0,5548,0.40374399190488236,41052,0,1,0,0,1,0
60574,21,5124,6289,0,0,1,0,1,0,16,3,0,0,11413,0.8146263910969793,60553,0,1,1,0,1,0
49773,80,82192,303857,1,0,1,0,1,0,16,3,0,0,386049,0.27049477058362786,49693,0,1,1,0,1,0
52513,3389,6019,14151,1,0,1,0,1,0,17,3,0,0,20170,0.42531091011871114,49124,0,0,1,0,1,0
41701,445,14185,5920,1,0,1,0,1,0,17,3,0,0,20105,2.3957101840905253,41256,0,1,0,0,1,0
50798,445,19450,45998,0,0,1,0,1,0,17,3,0,0,65448,0.42283527902780493,50353,0,1,1,0,1,0
9937,22,2853,4480,1,0,1,0,0,1,17,3,0,0,7333,0.6366882392323142,9915,0,1,0,0,1,0
13613,445,12365,19820,0,0,0,0,1,0,17,3,0,0,32185,0.6238333081075627,13168,0,1,0,0,1,0
53,21,95149,104411,0,0,1,0,1,0,18,3,0,0,199560,0.9112841435850285,32,1,1,0,0,1,1
47283,3389,70765,218348,0,0,1,0,1,0,18,3,0,0,289113,0.3240912484142359,43894,0,0,0,0,1,0
1947,445,130721,388978,0,0,1,0,1,0,18,3,0,0,519699,0.3360618439555863,1502,0,1,0,0,1,0
22954,443,110835,415589,0,0,1,0,1,0,18,3,0,0,526424,0.2666931350609976,22511,0,1,0,0,1,0
22,53,42167,65003,0,0,0,0,0,1,18,3,0,0,107170,0.6486831579595101,31,1,1,0,0,1,1
59228,443,37148,77255,1,0,0,0,0,1,18,3,0,0,114403,0.48084291187739464,58785,0,1,1,0,1,0
47264,25,33035,55329,0,0,0,0,0,1,19,3,0,0,88364,0.5970540393999638,47239,0,1,0,0,1,0
21,22,8076,2826,0,0,1,0,0,1,19,3,0,0,10902,2.8567385921471526,1,1,1,0,0,1,1
54645,443,4239,11620,0,0,1,0,0,1,19,3,0,0,15859,0.36477067378022543,54202,0,1,1,0,1,0
58864,80,7307,29408,0,0,1,0,1,0,19,3,0,0,36715,0.24846135536740455,58784,0,1,1,0,1,0
1283,3389,13073,31545,0,0,0,0,1,0,19,3,0,0,44618,0.414410701832245,2106,0,0,0,0,1,0
59780,21,7713,4522,0,0,1,0,0,1,19,3,0,0,12235,1.7052841034711474,59759,0,1,1,0,1,0
14762,25,42707,56404,0,0,0,0,1,0,19,3,0,0,99111,0.7571491889016931,14737,0,1,0,0,1,0
21,80,30425,120815,0,0,0,0,1,0,20,3,0,0,151240,0.2518292279168322,59,1,1,0,0,1,1
21923,80,36131,60377,1,0,0,0,1,0,20,3,0,0,96508,0.5984133293583755,21843,0,1,0,0,1,0
35129,1433,38648,42276,0,0,1,0,1,0,20,3,0,0,80924,0.9141613643352178,33696,0,0,0,0,1,0
54726,3389,149202,234442,0,0,1,0,1,0,20,3,0,0,383644,0.6364105560839949,51337,0,0,1,0,1,0
19954,22,21726,87371,0,0,1,0,1,0,20,3,0,0,109097,0.24866089822826534,19932,0,1,0,0,1,0
48776,22,110568,141657,0,0,0,0,1,0,20,3,0,0,252225,0.780527749932937,48754,0,1,0,0,1,0
21,1433,50339,141080,0,0,0,0,0,1,20,3,0,0,191419,0.3568092088941814,1412,1,0,0,0,1,1
8925,443,134243,55919,1,0,0,0,1,0,21,3,0,0,190162,2.400625894134478,8482,0,1,0,0,1,0
63699,443,291678,624463,0,0,0,0,0,1,21,3,0,0,916141,0.46708537241538345,63256,0,1,1,0,1,0
42128,443,55416,107900,0,0,1,0,1,0,21,3,0,0,163316,0.5135818945144159,41685,0,1,0,0,1,0
3389,3389,26004,73221,0,1,1,0,1,0,21,3,0,0,99225,0.35513916582447896,0,0,0,0,0,1,1
47275,3389,25737,104795,1,0,0,0,1,0,21,3,0,0,130532,0.24559143478758733,43886,0,0,0,0,1,0
61267,443,10381,28858,0,0,0,0,1,0,21,3,0,0,39239,0.3597144738209917,60824,0,1,1,0,1,0
31548,80,9837,30218,0,0,1,0,1,0,21,3,0,0,40055,0.3255236771567557,31468,0,1,0,0,1,0
47283,21,93282,150656,0,0,0,0,0,1,21,3,0,0,243938,0.6191680439674226,47262,0,1,0,0,1,0
30113,22,4713,14374,0,0,1,0,1,0,21,3,0,0,19087,0.32786086956521737,30091,0,1,0,0,1,0
21,445,291745,482764,1,0,1,0,0,1,22,3,0,1,774509,0.6043209429018259,424,1,1,0,0,1,1
59919,445,17278,21005,0,0,0,0,1,0,22,3,0,1,38283,0.8225268970770256,59474,0,1,1,0,1,0
43840,445,2146447,7108168,0,0,1,0,1,0,22,3,0,1,9254615,0.30196904434883304,43395,0,1,0,0,1,0
58652,53,7266,15118,0,0,1,0,1,0,22,3,0,1,22384,0.4805873404325683,58599,0,1,1,0,1,0
14814,21,32869,39590,0,0,1,0,1,0,23,3,0,1,72459,0.8302139375110504,14793,0,1,0,0,1,0
33282,443,12544,2801,1,0,1,0,1,0,23,3,0,1,15345,4.476802284082798,32839,0,1,0,0,1,0
48795,22,6192,22971,0,0,1,0,1,0,0,4,0,1,29163,0.26954553369319173,48773,0,1,0,0,1,0
40142,443,120822,476462,0,0,0,0,1,0,0,4,0,1,597284,0.2535810755504625,39699,0,1,0,0,1,0
17161,1433,3756,9947,0,0,0,0,1,0,0,4,0,1,13703,0.3775633293124246,15728,0,0,0,0,1,0
1433,3306,7467,12683,0,0,1,0,1,0,0,4,0,1,20150,0.5886944181646169,1873,0,0,0,0,1,1
445,80,56280,152955,0,0,1,0,1,0,0,4,0,1,209235,0.3679489526399749,365,1,1,0,0,1,1
9984,443,72543,210978,0,0,1,0,1,0,1,4,0,1,283521,0.3438399082373127,9541,0,1,0,0,1,0
19101,25,2375,2830,1,0,1,0,1,0,1,4,0,1,5205,0.8389261744966443,19076,0,1,0,0,1,0
16686,3389,55864,112853,0,0,1,0,1,0,1,4,0,1,168717,0.49501125347794495,13297,0,0,0,0,1,0
37084,3306,27071,38983,0,0,1,0,1,0,1,4,0,1,66054,0.6944130925507901,33778,0,0,0,0,1,0
44108,53,5072,17273,0,0,1,0,1,0,1,4,0,1,22345,0.29362047007062636,44055,0,1,0,0,1,0
16914,22,6234,1544,0,0,1,0,1,0,1,4,0,1,7778,4.034951456310679,16892,0,1,0,0,1,0
38711,445,851,3413,0,0,1,0,0,1,2,4,0,1,4264,0.24926772114821324,38266,0,1,0,0,1,0
2050,21,343832,569641,0,0,1,0,1,0,2,4,0,1,913473,0.6035931339332423,2029,0,1,0,0,1,0
53,25,111823,439227,0,0,1,0,1,0,2,4,0,1,551050,0.2545898713196791,28,1,1,0,0,1,1
56571,443,2799,11601,0,0,1,0,1,0,2,4,0,1,14400,0.24125150836062748,56128,0,1,1,0,1,0
60602,21,79082,298843,0,0,1,0,0,1,2,4,0,1,377925,0.2646263602414638,60581,0,1,1,0,1,0
30245,53,8791,33605,1,0,1,0,1,0,2,4,0,1,42396,0.2615901922275784,30192,0,1,0,0,1,0
7377,53,95196,282846,0,0,1,0,0,1,2,4,0,1,378042,0.33656358384568336,7324,0,1,0,0,1,0
25,21,9959,39630,1,0,1,0,1,0,3,4,0,1,49589,0.25129317958164066,4,1,1,0,0,1,1
9483,25,12315,28042,0,0,0,0,1,0,3,4,0,1,40357,0.43914702421281604,9458,0,1,0,0,1,0
60657,22,13886,34633,0,0,0,0,0,1,3,4,0,1,48519,0.4009354969105503,60635,0,1,1,0,1,0
37747,445,7694,3289,0,0,1,0,1,0,4,4,0,1,10983,2.3386018237082067,37302,0,1,0,0,1,0
61965,53,206660,57134,0,0,0,0,1,0,4,4,0,1,263794,3.6170473440098014,61912,0,1,1,0,1,0
3028,25,92748,255501,0,0,0,0,1,0,5,4,0,1,348249,0.3630030293304945,3003,0,1,0,0,1,0
46178,6734,26263,42282,1,0,0,0,1,0,5,4,0,1,68545,0.6211243289265189,39444,0,0,0,0,0,0
33547,53,113471,252900,0,0,1,0,1,0,5,4,0,1,366371,0.4486775457590124,33494,0,1,0,0,1,0
10064,1433,1630,4481,0,0,0,0,1,0,5,4,0,1,6111,0.3636769299419902,8631,0,0,0,0,1,0
443,443,3085,8385,0,1,1,0,1,0,6,4,0,0,11470,0.36787502981159076,0,1,1,0,0,1,1
36807,445,47065,105979,0,0,0,0,0,1,6,4,0,0,153044,0.44409322513681826,36362,0,1,0,0,1,0
19990,53,71457,112935,0,0,0,0,1,0,6,4,0,0,184392,0.632721187221081,19937,0,1,0,0,1,0
44287,21,34442,120496,0,0,0,0,1,0,8,4,0,0,154938,0.28583284231142686,44266,0,1,0,0,1,0
30874,53,1083,2023,0,0,1,0,1,0,8,4,0,0,3106,0.5350790513833992,30821,0,1,0,0,1,0
53,22,4024,15762,0,0,0,1,0,0,8,4,0,0,19786,0.25528135507200406,31,1,1,0,0,1,1
50379,80,42896,60127,0,0,0,0,1,0,8,4,0,0,103023,0.7134113890367216,50299,0,1,1,0,1,0
33623,22,1069129,1842344,1,0,0,0,1,0,8,4,0,0,2911473,0.580308791241597,33601,0,1,0,0,1,0
43753,3306,154609,69672,0,0,1,0,0,1,9,4,0,0,224281,2.219066209291978,40447,0,0,0,0,1,0
60502,80,274769,1029426,0,0,1,0,0,1,9,4,0,0,1304195,0.26691450680815637,60422,0,1,1,0,1,0
6402,25,37932,77924,0,0,1,0,1,0,9,4,0,0,115856,0.4867757459095284,6377,0,1,0,0,1,0
11882,22,37495,117298,1,0,1,0,1,0,9,4,0,0,154793,0.3196531939743732,11860,0,1,0,0,1,0
5376,22,4215,14227,0,0,1,0,1,0,10,4,0,0,18442,0.29624683722237843,5354,0,1,0,0,1,0
14466,25,101003,273635,0,0,1,0,1,0,10,4,0,0,374638,0.36911444400590565,14441,0,1,0,0,1,0
443,53,19592,35976,0,0,0,0,0,1,10,4,0,0,55568,0.5445701420351892,390,1,1,0,0,1,1
57654,45814,66727,113263,0,0,1,0,0,1,10,4,0,0,179990,0.5891280548100014,11840,0,0,1,0,0,0
80,53,23134,9092,1,0,1,0,1,0,11,4,0,0,32226,2.5441548443857913,27,1,1,0,0,1,1
443,1433,34426,51764,0,0,1,0,1,0,11,4,0,0,86190,0.6650439486139283,990,1,0,0,0,1,1
5482,3306,19141,4157,0,0,0,0,1,0,12,4,0,0,23298,4.603415103415103,2176,0,0,0,0,1,0
28219,22,31552,13494,0,0,1,1,0,0,12,4,0,0,45046,2.338051130048166,28197,0,1,0,0,1,0
65159,1433,109111,163938,0,0,0,0,1,0,12,4,0,0,273049,0.6655585309169875,63726,0,0,1,0,1,0
3389,25,2904,9924,0,0,0,0,1,0,12,4,0,0,12828,0.29259445843828713,3364,0,1,0,0,1,1
21,3389,2020,4363,1,0,0,0,1,0,12,4,0,0,6383,0.462878093492209,3368,1,0,0,0,1,1
32803,53,43537,39035,0,0,0,0,1,0,12,4,0,0,82572,1.1153038221129215,32750,0,1,0,0,1,0
8820,445,220779,558677,0,0,1,0,1,0,13,4,0,0,779456,0.3951811240106108,8375,0,1,0,0,1,0
80,80,330509,31013,1,1,0,0,0,1,13,4,0,0,361522,10.656767911265879,0,1,1,0,0,1,1
38211,443,3105,5402,1,0,0,0,1,0,13,4,0,0,8507,0.5746807329261522,37768,0,1,0,0,1,0
57371,22,11561,31230,0,0,0,0,1,0,13,4,0,0,42791,0.37017706765713554,57349,0,1,1,0,1,0
9658,25,2065,7033,0,0,1,0,1,0,13,4,0,0,9098,0.29357406880864373,9633,0,1,0,0,1,0
27908,25,9127,15226,0,0,1,0,0,1,13,4,0,0,24353,0.5993958100742103,27883,0,1,0,0,1,0
46519,25,132794,189005,0,0,1,0,1,0,13,4,0,0,321799,0.7025914521232131,46494,0,1,0,0,1,0
32892,443,21576,6957,0,0,0,0,1,0,13,4,0,0,28533,3.100891060649612,32449,0,1,0,0,1,0
17508,3389,12110,19698,0,0,1,0,0,1,14,4,0,0,31808,0.6147520178689273,14119,0,0,0,0,1,0
27353,80,52687,24401,1,0,1,0,0,1,14,4,0,0,77088,2.1591263011228587,27273,0,1,0,0,1,0
21070,22,6172,24361,0,0,1,0,0,1,14,4,0,0,30533,0.25334537394302603,21048,0,1,0,0,1,0
23349,80,281747,765173,0,0,1,0,1,0,15,4,0,0,1046920,0.3682129816224806,23269,0,1,0,0,1,0
22,443,22284,37732,0,0,1,0,1,0,15,4,0,0,60016,0.5905705880794,421,1,1,0,0,1,1
24429,3306,11581,16056,0,0,0,0,1,0,16,4,0,0,27637,0.7212430715575762,21123,0,0,0,0,1,0
43762,21,56328,154526,0,0,1,0,1,0,16,4,0,0,210854,0.36451882195344504,43741,0,1,0,0,1,0
51714,1433,98998,42138,0,0,0,0,1,0,16,4,0,0,141136,2.3493201072640546,50281,0,0,1,0,1,0
53151,443,283101,345912,0,0,1,0,1,0,16,4,0,0,629013,0.8184167695345361,52708,0,1,1,0,1,0
42776,443,15741,12819,1,0,1,0,1,0,17,4,0,0,28560,1.2278471138845555,42333,0,1,0,0,1,0
55389,22,125202,247503,1,0,0,0,1,0,17,4,0,0,372705,0.5058584911759002,55367,0,1,1,0,1,0
39275,445,25898,11402,0,0,1,0,1,0,17,4,0,0,37300,2.2711567131456634,38830,0,1,0,0,1,0
7563,53,8281,9853,0,0,1,1,0,0,17,4,0,0,18134,0.8403693931398417,7510,0,1,0,0,1,0
49394,3306,6355,7927,0,0,1,0,1,0,17,4,0,0,14282,0.8015893037336024,46088,0,0,1,0,1,0
3306,21,3807,6205,0,0,0,0,1,0,18,4,0,0,10012,0.6134386077989042,3285,0,1,0,0,1,1
17107,25,6722,20540,0,0,1,0,1,0,18,4,0,0,27262,0.327247943138114,17082,0,1,0,0,1,0
3306,53,131285,517859,1,0,0,0,1,0,19,4,0,0,649144,0.253514463368478,3253,0,1,0,0,1,1
54322,25,68236,238768,0,0,1,0,1,0,19,4,0,0,307004,0.28578249270215145,54297,0,1,1,0,1,0
45454,21,3023,8277,0,0,1,0,1,0,19,4,0,0,11300,0.36518482725295964,45433,0,1,0,0,1,0
23274,3306,1347,840,0,0,1,0,1,0,19,4,0,0,2187,1.6016646848989298,19968,0,0,0,0,1,0
12114,25,3715,4678,0,0,1,0,0,1,19,4,0,0,8393,0.7939730711690532,12089,0,1,0,0,1,0
46262,22,6356,8728,0,0,1,0,1,0,19,4,0,0,15084,0.7281475541299118,46240,0,1,0,0,1,0
24292,25,13558,16166,0,0,1,0,1,0,19,4,0,0,29724,0.8386218840848643,24267,0,1,0,0,1,0
6431,3306,143857,411486,1,0,1,0,1,0,19,4,0,0,555343,0.3496027821049025,3125,0,0,0,0,1,0
23385,2063,9169,33988,0,0,1,0,1,0,20,4,0,0,43157,0.2697637470946483,21322,0,0,0,0,0,0
64932,21,324097,93073,0,0,0,0,1,0,20,4,0,0,417170,3.4821432408621096,64911,0,1,1,0,1,0
50897,443,1497,3333,0,1,0,0,1,0,20,4,0,0,4830,0.4490101979604079,50454,0,1,1,0,1,0
22769,445,12609,33541,0,0,0,0,1,0,20,4,0,0,46150,0.37591676107566635,22324,0,1,0,0,1,0
14472,80,77410,291276,0,0,1,0,0,1,20,4,0,0,368686,0.26576077067533654,14392,0,1,0,0,1,0
43923,3306,85436,64451,0,0,1,0,0,1,20,4,0,0,149887,1.3255756221684354,40617,0,0,0,0,1,0
17910,80,12872,47647,1,0,1,0,0,1,20,4,0,0,60519,0.27014775016789794,17830,0,1,0,0,1,0
37767,25,109404,221092,0,0,1,0,1,0,20,4,0,0,330496,0.49483249130456414,37742,0,1,0,0,1,0
24522,21,80782,222117,0,0,0,0,1,0,21,4,0,0,302899,0.3636895704085216,24501,0,1,0,0,1,0
3285,1433,7395,27969,0,0,1,0,0,1,21,4,0,0,35364,0.2643904183053271,1852,0,0,0,0,1,0
64994,25,36456,29696,0,0,1,0,1,0,21,4,0,0,66152,1.227598747348217,64969,0,1,1,0,1,0
1433,53,67899,188014,0,0,1,0,0,1,22,4,0,1,255913,0.36113607956811955,1380,0,1,0,0,1,1
6144,3306,8292,13110,0,0,1,0,1,0,22,4,0,1,21402,0.6324460376782854,2838,0,0,0,0,1,0
23716,42436,331346,336452,0,0,0,0,1,0,22,4,0,1,667798,0.9848210597022466,18720,0,0,0,0,0,0
62409,22,5787,9784,0,0,1,0,1,0,22,4,0,1,15571,0.5914154317833419,62387,0,1,1,0,1,0
45005,3306,27737,33369,1,0,1,0,1,0,22,4,0,1,61106,0.8311956847467785,41699,0,0,0,0,1,0
22,22,2982,3530,0,0,0,0,0,1,22,4,0,1,6512,0.8445199660152931,0,1,1,0,0,1,1
10506,1433,25987,104580,0,0,1,0,0,1,23,4,0,1,130567,0.24848681882942408,9073,0,0,0,0,1,0
41512,1433,3994,13903,0,0,1,0,1,0,0,5,1,1,17897,0.2872554660529344,40079,0,0,0,0,1,0
53,53,13758,5032,1,0,1,0,1,0,0,5,1,1,18790,2.7335585138088616,0,1,1,0,0,1,1
15589,3306,1739,4277,0,0,1,0,0,1,0,5,1,1,6016,0.4064983637213651,12283,0,0,0,0,1,0
61528,80,79197,256534,0,0,1,0,1,0,0,5,1,1,335731,0.3087181086401466,61448,0,1,1,0,1,0
56721,1433,38950,92548,0,0,1,0,1,0,0,5,1,1,131498,0.4208581400123178,55288,0,0,1,0,1,0
1312,22,125474,485248,0,0,0,0,1,0,0,5,1,1,610722,0.25857652462962316,1290,0,1,0,0,1,0
43429,3306,12625,25644,0,0,1,0,1,0,0,5,1,1,38269,0.49229869370247614,40123,0,0,0,0,1,0
22,1433,135152,396222,0,0,1,0,1,0,1,5,1,1,531374,0.34110084472632834,1411,1,0,0,0,1,1
57858,1433,23455,13734,0,0,1,0,1,0,1,5,1,1,37189,1.707681106661813,56425,0,0,1,0,1,0
14226,22,26398,24225,0,0,1,0,0,1,1,5,1,1,50623,1.0896557417650459,14204,0,1,0,0,1,0
5017,22,648544,604519,0,0,0,0,1,0,1,5,1,1,1253063,1.0728247204393568,4995,0,1,0,0,1,0
22820,3306,10142,9483,0,0,1,0,1,0,1,5,1,1,19625,1.0693800084352594,19514,0,0,0,0,1,0
59760,445,156989,259980,0,0,0,0,1,0,1,5,1,1,416969,0.6038479735057561,59315,0,1,1,0,1,0
33321,53,47453,81737,0,0,1,0,1,0,1,5,1,1,129190,0.5805500501602682,33268,0,1,0,0,1,0
6396,22,8821,7706,0,0,1,0,1,0,1,5,1,1,16527,1.1445439211106787,6374,0,1,0,0,1,0
1433,445,2683,9016,0,0,0,0,1,0,2,5,1,1,11699,0.29754907397138736,988,0,1,0,0,1,1
13125,80,4217,959,0,0,1,0,1,0,2,5,1,1,5176,4.392708333333333,13045,0,1,0,0,1,0
17848,1433,134467,252160,0,0,1,0,1,0,2,5,1,1,386627,0.5332585134100832,16415,0,0,0,0,1,0
51653,25,353288,1220565,0,0,1,0,1,0,2,5,1,1,1573853,0.28944604388455847,51628,0,1,1,0,1,0
7556,22,25496,94167,0,0,1,0,1,0,3,5,1,1,119663,0.2707501486704613,7534,0,1,0,0,1,0
27869,25,27728,70690,1,0,1,0,1,0,3,5,1,1,98418,0.39224229392709115,27844,0,1,0,0,1,0
55055,9868,76292,182743,0,0,0,0,1,0,3,5,1,1,259035,0.4174801908680996,45187,0,0,1,0,0,0
33068,21,24767,91356,0,0,0,0,1,0,3,5,1,1,116123,0.2711012839738608,33047,0,1,0,0,1,0
41130,22,127966,49974,0,0,0,0,1,0,3,5,1,1,177940,2.560600300150075,41108,0,1,0,0,1,0
7878,445,35122,17731,0,0,0,0,0,1,3,5,1,1,52853,1.9807128355515453,7433,0,1,0,0,1,0
7935,36710,27360,39879,0,0,1,0,1,0,3,5,1,1,67239,0.6860581745235708,28775,0,0,0,0,0,0
2440,53,7195,9706,0,0,1,0,0,1,4,5,1,1,16901,0.7412176779643557,2387,0,1,0,0,1,0
15836,1433,4854,15836,0,0,1,0,1,0,4,5,1,1,20690,0.3064974426974806,14403,0,0,0,0,1,0
17695,53,140,314,0,0,1,0,0,1,4,5,1,1,454,0.4444444444444444,17642,0,1,0,0,1,0
445,31929,158670,472926,0,0,0,0,1,0,4,5,1,1,631596,0.3355063255005529,31484,1,0,0,0,0,1
25717,31003,17420,72220,0,0,0,0,1,0,4,5,1,1,89640,0.2412040819152324,5286,0,0,0,0,0,0
58465,445,11607,20128,1,0,0,0,1,0,4,5,1,1,31735,0.5766307317800189,58020,0,1,1,0,1,0
48421,21,969,3987,1,0,0,0,1,0,5,5,1,1,4956,0.24297893681043128,48400,0,1,0,0,1,0
80,1433,7909,26649,1,0,1,0,1,0,5,5,1,1,34558,0.29677298311444655,1353,1,0,0,0,1,1
11395,443,6407,23853,0,0,1,0,1,0,5,5,1,1,30260,0.2685922696403119,10952,0,1,0,0,1,0
49654,80,6175,9967,0,0,1,0,1,0,5,5,1,1,16142,0.6194823434991974,49574,0,1,1,0,1,0
5230,443,37516,36096,1,0,0,0,1,0,5,5,1,1,73612,1.0393107460453777,4787,0,1,0,0,1,0
8495,3306,26785,44305,1,0,0,0,0,1,5,5,1,1,71090,0.6045456597300591,5189,0,0,0,0,1,0
1433,1433,2494,7756,0,0,1,0,1,0,6,5,1,0,10250,0.32151605001933736,0,0,0,0,0,1,1
35569,3389,2761,9050,0,0,1,0,1,0,6,5,1,0,11811,0.30504916583802894,32180,0,0,0,0,1,0
1433,443,2753,5495,1,0,1,0,1,0,6,5,1,0,8248,0.5009097525473072,990,0,1,0,0,1,1
5035,3389,399049,1459042,0,0,0,0,1,0,6,5,1,0,1858091,0.2735005068390719,1646,0,0,0,0,1,0
1433,443,239990,249689,0,0,1,0,1,0,6,5,1,0,489679,0.9611518282670511,990,0,1,0,0,1,1
11814,25,5632,4332,0,0,1,0,1,0,6,5,1,0,9964,1.2997922917147473,11789,0,1,0,0,1,0
59006,53,932,663,0,0,1,0,0,1,7,5,1,0,1595,1.4036144578313252,58953,0,1,1,0,1,0
43762,21,27034,21235,0,0,1,0,0,1,7,5,1,0,48269,1.2730269353927293,43741,0,1,0,0,1,0
43403,25,23744,59185,0,0,1,0,1,0,7,5,1,0,82929,0.4011759537728517,43378,0,1,0,0,1,0
42295,21,36573,85912,0,0,1,0,1,0,7,5,1,0,122485,0.42569808992818314,42274,0,1,0,0,1,0
22,21,72128,234167,0,0,1,0,1,0,8,5,1,0,306295,0.3080181749854805,1,1,1,0,0,1,1
46626,445,45375,148224,0,0,1,0,1,0,8,5,1,0,193599,0.30612244897959184,46181,0,1,0,0,1,0
445,3306,3691,5109,0,0,1,0,1,0,8,5,1,0,8800,0.7223091976516635,2861,1,0,0,0,1,1
4914,22,35258,115468,1,0,1,0,1,0,8,5,1,0,150726,0.30534602360806795,4892,0,1,0,0,1,0
8912,25,86345,48898,0,0,0,0,1,0,8,5,1,0,135243,1.7657825313401092,8887,0,1,0,0,1,0
3306,25,6916,5693,0,0,1,0,1,0,8,5,1,0,12609,1.2146118721461188,3281,0,1,0,0,1,1
47255,44423,35593,37965,0,0,1,0,1,0,8,5,1,0,73558,0.9374967075804668,2832,0,0,0,0,0,0
15329,53,9095,19007,0,0,0,0,0,1,8,5,1,0,28102,0.4784827441077441,15276,0,1,0,0,1,0
39361,80,537063,804411,0,0,0,0,1,0,8,5,1,0,1341474,0.6676466785676991,39281,0,1,0,0,1,0
52601,25,2636,4974,0,0,1,0,1,0,9,5,1,0,7610,0.5298492462311558,52576,0,1,1,0,1,0
10294,445,140016,368572,0,0,1,0,1,0,9,5,1,0,508588,0.37988675242082304,9849,0,1,0,0,1,0
5345,22,1520,3704,0,0,0,0,1,0,9,5,1,0,5224,0.41025641025641024,5323,0,1,0,0,1,0
23573,21,388047,1270171,0,0,1,0,1,0,9,5,1,0,1658218,0.3055074430864481,23552,0,1,0,0,1,0
26694,21,3545,12561,0,0,0,0,1,0,10,5,1,0,16106,0.28220028657857027,26673,0,1,0,0,1,0
53130,22,29836,26458,0,0,1,0,1,0,10,5,1,0,56294,1.1276314297592502,53108,0,1,1,0,1,0
49438,1433,1625,4220,0,0,1,0,1,0,10,5,1,0,5845,0.3849798625918029,48005,0,0,1,0,1,0
445,3389,2540,9266,0,0,1,0,0,1,10,5,1,0,11806,0.27409086004100575,2944,1,0,0,0,1,1
1535,80,92632,213271,1,0,1,0,1,0,10,5,1,0,305903,0.4343373719944484,1455,0,1,0,0,1,0
13215,445,114126,77670,0,0,1,0,1,0,10,5,1,0,191796,1.4693514954101274,12770,0,1,0,0,1,0
36133,25,32304,40797,0,0,1,0,0,1,10,5,1,0,73101,0.7918035197803814,36108,0,1,0,0,1,0
60025,3306,72094,83568,0,0,1,0,0,1,11,5,1,0,155662,0.8626883174382846,56719,0,0,1,0,1,0
11392,1433,117219,490439,0,0,0,0,1,0,11,5,1,0,607658,0.23900782970393933,9959,0,0,0,0,1,0
13293,1433,7371,27741,0,0,1,0,1,0,11,5,1,0,35112,0.26569821930646675,11860,0,0,0,0,1,0
3389,1433,2348,1218,0,0,1,0,1,0,11,5,1,0,3566,1.92616899097621,1956,0,0,0,0,1,1
62003,25,21548,15557,0,0,1,0,1,0,12,5,1,0,37105,1.3850109268543516,61978,0,1,1,0,1,0
65259,21,8747,15887,0,0,0,0,1,0,12,5,1,0,24634,0.5505412890231621,65238,0,1,1,0,1,0
3182,35158,41019,125250,0,0,1,0,1,0,13,5,1,0,166269,0.3274943912623452,31976,0,0,0,0,0,0
9904,3389,52936,151035,0,0,1,0,1,0,13,5,1,0,203971,0.35048597685320054,6515,0,0,0,0,1,0
10913,53,7400,2028,0,0,1,0,1,0,13,5,1,0,9428,3.647116806308526,10860,0,1,0,0,1,0
2721,21,67953,38831,0,0,1,0,1,0,13,5,1,0,106784,1.7499227441285539,2700,0,1,0,0,1,0
22,21,62731,125773,0,0,0,0,1,0,13,5,1,0,188504,0.4987596800610619,1,1,1,0,0,1,1
53584,53,70074,272198,0,0,1,0,1,0,13,5,1,0,342272,0.2574366548003483,53531,0,1,1,0,1,0
13051,53,11470,40497,1,0,1,0,1,0,14,5,1,0,51967,0.28322386290681023,12998,0,1,0,0,1,0
32210,445,76716,247730,0,0,0,0,1,0,15,5,1,0,324446,0.3096746067306877,31765,0,1,0,0,1,0
15197,21,50615,177570,0,0,1,0,1,0,15,5,1,0,228185,0.2850409132121799,15176,0,1,0,0,1,0
20270,53,61346,142339,0,0,1,0,1,0,15,5,1,0,203685,0.43098215540255724,20217,0,1,0,0,1,0
18822,22,322694,1069299,0,0,1,0,1,0,15,5,1,0,1391993,0.3017806041335453,18800,0,1,0,0,1,0
58933,3389,37213,91003,0,0,1,0,1,0,15,5,1,0,128216,0.40891609160036924,55544,0,0,1,0,1,0
7875,3306,8340,17093,0,0,1,0,0,1,15,5,1,0,25433,0.4878904878904879,4569,0,0,0,0,1,0
62992,25,3726,11235,1,0,0,1,0,0,16,5,1,0,14961,0.3316126735493058,62967,0,1,1,0,1,0
28966,445,133879,105760,0,1,0,0,1,0,16,5,1,0,239639,1.265863598112726,28521,0,1,0,0,1,0
48314,22,39014,81040,0,0,1,0,0,1,16,5,1,0,120054,0.4814106439950149,48292,0,1,0,0,1,0
62726,53,318709,438236,1,0,0,0,1,0,16,5,1,0,756945,0.7272526053254289,62673,0,1,1,0,1,0
44481,53,856,1218,0,0,1,0,1,0,16,5,1,0,2074,0.7022149302707137,44428,0,1,0,0,1,0
7446,1433,94567,35364,0,0,1,1,0,0,17,5,1,0,129931,2.67402799377916,6013,0,0,0,0,1,0
42013,3389,14504,3780,0,0,1,0,1,0,17,5,1,0,18284,3.8360222163448823,38624,0,0,0,0,1,0
18074,25,12511,12577,0,0,0,0,1,0,17,5,1,0,25088,0.9946732389887104,18049,0,1,0,0,1,0
443,443,6478,23756,0,1,0,0,1,0,17,5,1,0,30234,0.27267752662373196,0,1,1,0,0,1,1
21,80,92903,253424,1,0,1,0,1,0,17,5,1,0,346327,0.3665897208247016,59,1,1,0,0,1,1
19501,21,58785,148349,1,1,1,0,1,0,17,5,1,0,207134,0.3962588473205258,19480,0,1,0,0,1,0
12291,21,3541,6662,0,0,1,0,1,0,17,5,1,0,10203,0.5314422932612937,12270,0,1,0,0,1,0
13126,53,28677,18712,0,0,1,0,1,0,17,5,1,0,47389,1.5324640624165018,13073,0,1,0,0,1,0
23084,80,68171,116612,0,0,1,0,1,0,18,5,1,0,184783,0.5845917693567613,23004,0,1,0,0,1,0
11165,21,29284,105024,0,0,1,0,1,0,18,5,1,0,134308,0.2788288502737443,11144,0,1,0,0,1,0
40679,3306,129643,317341,0,0,1,0,0,1,18,5,1,0,446984,0.4085277082768748,37373,0,0,0,0,1,0
8521,3306,13848,33942,0,0,1,0,0,1,18,5,1,0,47790,0.4079780809003329,5215,0,0,0,0,1,0
6930,53,597,1239,0,0,1,0,1,0,18,5,1,0,1836,0.4814516129032258,6877,0,1,0,0,1,0
2601,3306,29695,11471,0,0,0,0,1,0,18,5,1,0,41166,2.588476290097629,705,0,0,0,0,1,0
22,3306,29407,93207,0,0,1,0,0,1,18,5,1,0,122614,0.31549866964209083,3284,1,0,0,0,1,1
4897,443,36239,94347,0,0,1,0,1,0,19,5,1,0,130586,0.3840992919828719,4454,0,1,0,0,1,0
51064,3389,129465,354537,0,0,1,0,1,0,19,5,1,0,484002,0.36516537014367995,47675,0,0,1,0,1,0
25,445,968,3461,1,0,1,0,1,0,20,5,1,0,4429,0.2796071634893125,420,1,1,0,0,1,1
17480,53,15039,8807,0,0,1,0,0,1,20,5,1,0,23846,1.707425068119891,17427,0,1,0,0,1,0
43815,3389,5032,5238,0,0,1,0,1,0,20,5,1,0,10270,0.9604886428707768,40426,0,0,0,0,1,0
2049,443,3188,5456,0,0,1,0,1,0,20,5,1,0,8644,0.5842037749679311,1606,0,1,0,0,1,0
61384,80,19620,45942,0,0,0,0,1,0,20,5,1,0,65562,0.42705091091134667,61304,0,1,1,0,1,0
10199,1433,67704,237494,1,0,0,0,1,0,20,5,1,0,305198,0.2850754752731636,8766,0,0,0,0,1,0
7907,3306,35650,57657,0,0,1,0,1,0,21,5,1,0,93307,0.6183010163377155,4601,0,0,0,0,1,0
19519,445,7331,15074,0,0,1,0,1,0,22,5,1,1,22405,0.48630182421227197,19074,0,1,0,0,1,0
10679,21,17452,22413,0,0,1,0,1,0,22,5,1,1,39865,0.7786205050414919,10658,0,1,0,0,1,0
63741,3306,97522,286196,1,0,0,0,1,0,23,5,1,1,383718,0.34075130067750536,60435,0,0,1,0,1,0
59577,21,65710,255815,0,0,1,0,1,0,23,5,1,1,321525,0.25686430872189386,59556,0,1,1,0,1,0
52900,3389,9095,21616,0,0,1,0,0,1,23,5,1,1,30711,0.42073368182449,49511,0,0,1,0,1,0
1082,1433,8200,14773,0,0,1,0,0,1,23,5,1,1,22973,0.5550291051847841,351,0,0,0,0,1,0
42205,445,1413,1212,0,0,1,0,1,0,23,5,1,1,2625,1.1648804616652926,41760,0,1,0,0,1,0
59664,1433,11080,17030,0,0,1,0,1,0,23,5,1,1,28110,0.6505783571134989,58231,0,0,1,0,1,0
40963,25887,1370,4902,0,0,1,0,1,0,0,6,1,1,6272,0.27942076279828676,15076,0,0,0,0,0,0
3389,80,601578,1896519,0,0,0,0,1,0,0,6,1,1,2498097,0.3172009786345517,3309,0,1,0,0,1,1
17878,21,5607,14522,0,0,1,0,1,0,0,6,1,1,20129,0.38607725676513116,17857,0,1,0,0,1,0
47833,25,129880,449550,1,0,0,0,1,0,0,6,1,1,579430,0.2889104906895992,47808,0,1,0,0,1,0
50065,3389,403919,1531927,1,0,1,0,1,0,0,6,1,1,1935846,0.26366709140377353,46676,0,0,1,0,1,0
22,3306,31129,18130,1,0,1,0,1,0,1,6,1,1,49259,1.7168937179416468,3284,1,0,0,0,1,1
443,1433,18769,62246,0,0,0,0,0,1,1,6,1,1,81015,0.3015245714652915,990,1,0,0,0,1,1
443,80,2655,7052,0,0,0,0,1,0,1,6,1,1,9707,0.37643555933645256,363,1,1,0,0,1,1
2655,3306,9824,32110,0,0,1,0,1,0,1,6,1,1,41934,0.30593877487465354,651,0,0,0,0,1,0
64154,443,286743,756137,0,0,1,0,1,0,1,6,1,1,1042880,0.37922045975734586,63711,0,1,1,0,1,0
59722,80,38638,145668,0,0,1,0,0,1,1,6,1,1,184306,0.2652451791390069,59642,0,1,1,0,1,0
33868,22,23048,87239,0,0,1,0,0,1,1,6,1,1,110287,0.2641907381934892,33846,0,1,0,0,1,0
42150,1433,179763,221955,0,1,1,0,1,0,1,6,1,1,401718,0.8099037647101227,40717,0,0,0,0,1,0
12797,445,67108,180476,0,0,1,0,1,0,2,6,1,1,247584,0.3718368545576445,12352,0,1,0,0,1,0
22,3306,17385,29357,0,0,0,0,1,0,3,6,1,1,46742,0.5921724913141222,3284,1,0,0,0,1,1
9688,80,31132,99852,0,0,0,0,1,0,3,6,1,1,130984,0.311778314121759,9608,0,1,0,0,1,0
22,1433,6445,4488,1,0,0,0,1,0,3,6,1,1,10933,1.4357317888171084,1411,1,0,0,0,1,1
61928,1433,8976,6701,0,0,0,0,1,0,3,6,1,1,15677,1.3393017009847807,60495,0,0,1,0,1,0
3389,22,15834,44025,0,0,1,0,1,0,4,6,1,1,59859,0.3596511152500795,3367,0,1,0,0,1,1
53,1433,53742,153066,0,0,1,0,1,0,4,6,1,1,206808,0.35110115178320606,1380,1,0,0,0,1,1
1497,25,2993,6763,0,0,0,0,1,0,4,6,1,1,9756,0.4424896510940272,1472,0,1,0,0,1,0
21666,25,24884,97101,0,0,0,0,1,0,4,6,1,1,121985,0.25626660624909886,21641,0,1,0,0,1,0
22,445,11804,29348,0,0,1,0,1,0,4,6,1,1,41152,0.4021942825990664,423,1,1,0,0,1,1
32557,3306,5210,6406,0,0,1,0,0,1,4,6,1,1,11616,0.8131730919307008,29251,0,0,0,0,1,0
53,53,11906,29214,0,0,1,0,1,0,5,6,1,1,41120,0.4075303782303611,0,1,1,0,0,1,1
38993,3306,536,563,0,0,1,0,0,1,5,6,1,1,1099,0.950354609929078,35687,0,0,0,0,1,0
37804,21,6554,22846,0,0,1,0,1,0,5,6,1,1,29400,0.28686479625333744,37783,0,1,0,0,1,0
7407,1433,3792,6733,0,0,1,0,0,1,5,6,1,1,10525,0.5631125631125631,5974,0,0,0,0,1,0
7980,443,14074,50070,0,0,0,0,0,1,5,6,1,1,64144,0.28108086517145653,7537,0,1,0,0,1,0
443,53,573,124,0,0,1,0,1,0,6,6,1,0,697,4.584,390,1,1,0,0,1,1
9449,25,29894,91766,1,0,1,0,0,1,6,6,1,0,121660,0.32575980472283067,9424,0,1,0,0,1,0
43110,80,94379,157538,1,0,1,0,1,0,6,6,1,0,251917,0.5990834015704047,43030,0,1,0,0,1,0
53,80,18257,5669,1,0,0,0,1,0,6,6,1,0,23926,3.2199294532627865,27,1,1,0,0,1,1
41726,53,48926,118093,0,0,1,0,1,0,6,6,1,0,167019,0.41429708537266924,41673,0,1,0,0,1,0
1655,21,9697,37844,0,0,1,0,1,0,6,6,1,0,47541,0.25622935658607476,1634,0,1,0,0,1,0
45302,22,1830,7311,0,0,1,0,1,0,7,6,1,0,9141,0.25027352297593,45280,0,1,0,0,1,0
22,22,22086,36078,0,1,1,0,1,0,7,6,1,0,58164,0.6121566562266139,0,1,1,0,0,1,1
38912,25,65421,274746,0,0,1,0,1,0,7,6,1,0,340167,0.23811360997572312,38887,0,1,0,0,1,0
39073,8953,2646,521,0,0,0,0,1,0,8,6,1,0,3167,5.068965517241379,30120,0,0,0,0,0,0
3389,1433,10463,28468,0,0,0,0,1,0,8,6,1,0,38931,0.3675225684077418,1956,0,0,0,0,1,1
48442,3389,14833,46382,0,0,0,0,1,0,8,6,1,0,61215,0.3197938900028027,45053,0,0,0,0,1,0
55945,21,2110113,5784563,0,0,0,0,1,0,8,6,1,0,7894676,0.36478341323563884,55924,0,1,1,0,1,0
8231,3389,31489,71217,0,0,1,0,0,1,8,6,1,0,102706,0.44214945659805105,4842,0,0,0,0,1,0
40653,445,1044,4218,0,0,1,0,1,0,8,6,1,0,5262,0.2474520028442759,40208,0,1,0,0,1,0
33448,21,703,420,0,0,0,0,1,0,9,6,1,0,1123,1.669833729216152,33427,0,1,0,0,1,0
39960,3389,70883,239640,1,0,1,0,0,1,9,6,1,0,310523,0.29578828330711354,36571,0,0,0,0,1,0
38555,21,1174145,2660472,1,0,1,0,1,0,9,6,1,0,3834617,0.44132941773887574,38534,0,1,0,0,1,0
1433,21,14050,15448,1,0,0,0,1,0,9,6,1,0,29498,0.9094439769564373,1412,0,1,0,0,1,1
53449,1433,12767,39099,0,0,0,0,1,0,9,6,1,0,51866,0.3265217391304348,52016,0,0,1,0,1,0
45952,22,43881,96651,0,0,1,0,1,0,9,6,1,0,140532,0.45401026362620533,45930,0,1,0,0,1,0
3389,3389,6140,11900,0,1,0,1,0,0,9,6,1,0,18040,0.5159230316780102,0,0,0,0,0,1,1
22,3306,375,1404,1,0,1,0,1,0,9,6,1,0,1779,0.2669039145907473,3284,1,0,0,0,1,1
48111,445,115800,423628,0,0,1,0,1,0,9,6,1,0,539428,0.2733523908891979,47666,0,1,0,0,1,0
55189,25,8257,29080,0,0,1,0,1,0,9,6,1,0,37337,0.2839310890271999,55164,0,1,1,0,1,0
60810,80,118206,495338,0,0,0,0,1,0,10,6,1,0,613544,0.2386365701065331,60730,0,1,1,0,1,0
54395,25,6518,14244,0,0,1,0,0,1,10,6,1,0,20762,0.45756405756405755,54370,0,1,1,0,1,0
59006,1433,26764,43382,0,0,1,0,0,1,10,6,1,0,70146,0.6169236797824033,57573,0,0,1,0,1,0
1692,53,86485,102543,0,0,0,0,0,1,10,6,1,0,189028,0.843394055234826,1639,0,1,0,0,1,0
53,80,122095,389247,0,0,1,0,1,0,10,6,1,0,511342,0.3136689205853338,27,1,1,0,0,1,1
55686,21,31977,81582,0,0,1,0,1,0,10,6,1,0,113559,0.3919566576370077,55665,0,1,1,0,1,0
20529,3389,29530,119756,0,0,1,0,1,0,10,6,1,0,149286,0.24658266322636674,17140,0,0,0,0,1,0
28267,25,59369,107804,0,0,0,0,1,0,10,6,1,0,167173,0.5507072955799823,28242,0,1,0,0,1,0
57920,443,46289,52004,0,0,1,0,1,0,11,6,1,0,98293,0.8900874915873473,57477,0,1,1,0,1,0
49788,22,2790,4675,0,0,1,0,1,0,11,6,1,0,7465,0.5966638152266894,49766,0,1,1,0,1,0
3389,443,2877,5898,0,0,0,0,0,1,11,6,1,0,8775,0.4877097813188676,2946,0,1,0,0,1,1
59975,16994,754,92,0,0,1,0,1,0,11,6,1,0,846,8.10752688172043,42981,0,0,1,0,0,0
43137,21,75087,206143,0,0,0,0,1,0,12,6,1,0,281230,0.3642453818689848,43116,0,1,0,0,1,0
15687,443,11694,34961,0,0,1,0,1,0,12,6,1,0,46655,0.33447743264115326,15244,0,1,0,0,1,0
443,443,81823,200330,0,0,0,0,1,0,12,6,1,0,282153,0.4084390333997235,0,1,1,0,0,1,1
32881,22,42021,35474,0,0,1,0,1,0,12,6,1,0,77495,1.184524312896406,32859,0,1,0,0,1,0
59481,3306,4429,3082,0,0,1,0,1,0,13,6,1,0,7511,1.4365877392150503,56175,0,0,1,0,1,0
1571,3306,18172,54660,0,0,1,0,1,0,13,6,1,0,72832,0.33244909533305284,1735,0,0,0,0,1,0
30359,443,10639,16258,0,0,1,0,1,0,13,6,1,0,26897,0.6543452856879267,29916,0,1,0,0,1,0
34472,22,8310,20646,0,0,0,0,1,0,13,6,1,0,28956,0.4024797791446699,34450,0,1,0,0,1,0
13019,3389,95268,101275,0,0,1,0,1,0,13,6,1,0,196543,0.9406769619653225,9630,0,0,0,0,1,0
45976,22,1223455,4572270,0,0,0,0,1,0,13,6,1,0,5795725,0.2675814710020469,45954,0,1,0,0,1,0
28332,53,131390,46954,0,0,0,0,1,0,14,6,1,0,178344,2.798211053135981,28279,0,1,0,0,1,0
37822,80,21096,52052,0,0,0,0,1,0,14,6,1,0,73148,0.4052792346262463,37742,0,1,0,0,1,0
12788,21,165249,69391,0,0,0,0,0,1,14,6,1,0,234640,2.38138402121282,12767,0,1,0,0,1,0
36834,53,341343,133735,0,0,1,0,1,0,14,6,1,0,475078,2.5523643596339056,36781,0,1,0,0,1,0
6417,80,2373,6482,0,0,1,0,1,0,14,6,1,0,8855,0.36603424340583063,6337,0,1,0,0,1,0
13289,1433,156336,627127,0,0,1,0,0,1,14,6,1,0,783463,0.24928882142082637,11856,0,0,0,0,1,0
52797,3306,75470,190108,0,0,1,0,1,0,14,6,1,0,265578,0.39698278356100974,49491,0,0,1,0,1,0
80,80,147412,223105,0,1,1,0,1,0,14,6,1,0,370517,0.6607262915385512,0,1,1,0,0,1,1
35121,25,80923,316220,0,0,1,0,1,0,14,6,1,0,397143,0.2559064704747629,35096,0,1,0,0,1,0
58138,53,15300,7337,0,0,1,0,1,0,14,6,1,0,22637,2.0850367947669666,58085,0,1,1,0,1,0
11059,1433,569544,1461834,0,0,0,0,0,1,15,6,1,0,2031378,0.38960895039453836,9626,0,0,0,0,1,0
22,22,37924,90989,0,1,1,0,1,0,15,6,1,0,128913,0.4167930541817782,0,1,1,0,0,1,1
23173,445,10993,24262,0,0,1,0,1,0,16,6,1,0,35255,0.453076701149899,22728,0,1,0,0,1,0
5473,21,49491,109326,0,0,0,0,1,0,16,6,1,0,158817,0.45268780813522735,5452,0,1,0,0,1,0
63914,21,104384,89401,0,0,1,0,1,0,16,6,1,0,193785,1.167580143620948,63893,0,1,1,0,1,0
15379,22,25632,73995,1,0,1,0,1,0,17,6,1,0,99627,0.3463971025460836,15357,0,1,0,0,1,0
36051,53,41316,97292,0,1,1,0,1,0,17,6,1,0,138608,0.4246554222811508,35998,0,1,0,0,1,0
15559,21,25371,82896,1,0,1,0,1,0,17,6,1,0,108267,0.30605450136916895,15538,0,1,0,0,1,0
53,21,7660,11405,0,0,1,0,1,0,17,6,1,0,19065,0.6715763633175522,32,1,1,0,0,1,1
3698,3389,5914,14463,0,0,1,0,0,1,17,6,1,0,20377,0.4088772123893805,309,0,0,0,0,1,0
18182,443,2334,3732,0,0,1,0,1,0,17,6,1,0,6066,0.6252343959282078,17739,0,1,0,0,1,0
18808,3389,249903,24899,0,0,1,0,1,0,17,6,1,0,274802,10.036265060240964,15419,0,0,0,0,1,0
80,3306,15406,24196,0,0,1,0,1,0,17,6,1,0,39602,0.636690498822168,3226,1,0,0,0,1,1
7266,22,91,67,0,0,0,0,0,1,17,6,1,0,158,1.338235294117647,7244,0,1,0,0,1,0
22,445,41541,129151,0,0,1,0,1,0,17,6,1,0,170692,0.32164426412289393,423,1,1,0,0,1,1
1433,21,40187,161903,0,0,0,0,0,1,17,6,1,0,202090,0.24821499159996047,1412,0,1,0,0,1,1
1995,445,1111,1731,0,0,1,0,1,0,18,6,1,0,2842,0.6414549653579676,1550,0,1,0,0,1,0
3389,25,5814,1093,0,0,1,0,0,1,18,6,1,0,6907,5.3144424131627055,3364,0,1,0,0,1,1
25,3389,5420,6575,1,0,1,0,1,0,18,6,1,0,11995,0.8242092457420924,3364,1,0,0,0,1,1
57300,80,6716,8379,0,0,0,0,1,0,19,6,1,0,15095,0.8014319809069212,57220,0,1,1,0,1,0
55008,22,153344,413835,0,0,1,0,1,0,19,6,1,0,567179,0.3705429203839202,54986,0,1,1,0,1,0
12065,1433,17357,33856,0,0,0,0,0,1,19,6,1,0,51213,0.5126561715450276,10632,0,0,0,0,1,0
39505,21,11119,33669,0,0,0,0,1,0,19,6,1,0,44788,0.33023463023463023,39484,0,1,0,0,1,0
14587,443,132697,402403,1,0,0,0,0,1,19,6,1,0,535100,0.3297606385622409,14144,0,1,0,0,1,0
41463,443,48657,71930,0,0,1,0,0,1,19,6,1,0,120587,0.6764399215915252,41020,0,1,0,0,1,0
51360,22,1358,3102,0,0,1,0,1,0,20,6,1,0,4460,0.43764099258781824,51338,0,1,1,0,1,0
4419,25,8212,1730,0,0,0,0,1,0,20,6,1,0,9942,4.744078567302138,4394,0,1,0,0,1,0
62881,80,36869,108201,0,0,1,0,1,0,20,6,1,0,145070,0.34074231529916266,62801,0,1,1,0,1,0
25727,21,4943,14755,0,0,1,0,0,1,20,6,1,0,19698,0.3349823800487937,25706,0,1,0,0,1,0
3389,3389,566531,1781518,0,0,0,0,1,0,20,6,1,0,2348049,0.3180044669745313,0,0,0,0,0,1,1
14330,443,26386,78111,0,0,0,0,0,1,21,6,1,0,104497,0.3377970094223679,13887,0,1,0,0,1,0
1068,445,6598,11259,0,0,1,0,1,0,21,6,1,0,17857,0.5859680284191829,623,0,1,0,0,1,0
60648,22,3652,6856,0,0,0,0,1,0,21,6,1,0,10508,0.5325944290506052,60626,0,1,1,0,1,0
60606,80,97153,172739,1,0,1,0,1,0,21,6,1,0,269892,0.5624232951256223,60526,0,1,1,0,1,0
7020,27190,7812,12394,0,0,1,0,1,0,21,6,1,0,20206,0.6302541347317466,20170,0,0,0,0,0,0
445,25,40452,100657,0,0,0,0,0,1,21,6,1,0,141109,0.40187565816924636,420,1,1,0,0,1,1
42149,1433,3489,9382,0,0,1,0,1,0,21,6,1,0,12871,0.3718426942342534,40716,0,0,0,0,1,0
44732,25,24644,11998,0,0,0,0,1,0,22,6,1,1,36642,2.0538378198183183,44707,0,1,0,0,1,0
21074,80,7963,17981,0,0,0,0,1,0,22,6,1,1,25944,0.4428317206094984,20994,0,1,0,0,1,0
4878,445,13298,27050,0,0,1,0,1,0,23,6,1,1,40348,0.491589959705741,4433,0,1,0,0,1,0
25,445,6160,3041,0,0,0,0,1,0,23,6,1,1,9201,2.024983563445102,420,1,1,0,0,1,1
60989,22,113664,268390,0,0,1,0,1,0,23,6,1,1,382054,0.4235015332108752,60967,0,1,1,0,1,0
39634,22,10040,10021,0,0,1,0,0,1,23,6,1,1,20061,1.0017960486928756,39612,0,1,0,0,1,0
19289,3306,17508,27897,0,0,1,0,1,0,23,6,1,1,45405,0.6275718689511793,15983,0,0,0,0,1,0
24799,445,18916,53169,0,0,0,0,1,0,0,0,0,1,72085,0.35576452886966337,24354,0,1,0,0,1,0
28059,3306,290579,547832,1,0,1,0,1,0,0,0,0,1,838411,0.5304152907911718,24753,0,0,0,0,1,0
52345,25,91536,164195,0,0,1,0,1,0,0,0,0,1,255731,0.5574800847767303,52320,0,1,1,0,1,0
53345,3389,78048,278819,0,0,1,0,1,0,0,0,0,1,356867,0.2799225306649451,49956,0,0,1,0,1,0
3389,443,1764,520,0,0,0,0,1,0,0,0,0,1,2284,3.385796545105566,2946,0,1,0,0,1,1
41665,80,7706,26018,0,0,0,0,1,0,1,0,0,1,33724,0.2961681847880395,41585,0,1,0,0,1,0
53411,1433,147530,392197,1,0,0,0,1,0,1,0,0,1,539727,0.37616204060194086,51978,0,0,1,0,1,0
24151,22,3382,12738,0,0,0,0,1,0,1,0,0,1,16120,0.26548394693461025,24129,0,1,0,0,1,0
28578,22,25195,62775,0,0,0,0,1,0,1,0,0,1,87970,0.4013476487829744,28556,0,1,0,0,1,0
13703,1433,4006,16073,1,0,0,0,0,1,2,0,0,1,20079,0.24922234664675874,12270,0,0,0,0,1,0
17528,25,4703,4503,0,0,1,0,1,0,2,0,0,1,9206,1.044182948490231,17503,0,1,0,0,1,0
29363,445,324245,75223,0,0,1,0,1,0,2,0,0,1,399468,4.310392959693715,28918,0,1,0,0,1,0
62366,443,69621,36011,0,0,0,0,1,0,2,0,0,1,105632,1.9332722425858047,61923,0,1,1,0,1,0
7377,80,106194,305881,1,0,0,0,1,0,2,0,0,1,412075,0.34717309289203024,7297,0,1,0,0,1,0
60986,21,77187,244052,0,0,0,0,0,1,3,0,0,1,321239,0.31627146562427016,60965,0,1,1,0,1,0
4850,443,17626,25124,0,0,1,0,1,0,3,0,0,1,42750,0.7015323383084577,4407,0,1,0,0,1,0
53,53,7284,1254,0,0,1,0,1,0,3,0,0,1,8538,5.80398406374502,0,1,1,0,0,1,1
54454,25,11575,28592,0,0,1,0,1,0,3,0,0,1,40167,0.40481936138215646,54429,0,1,1,0,1,0
48647,53,16205,10161,0,0,0,0,1,0,3,0,0,1,26366,1.5946664042511316,48594,0,1,0,0,1,0
60642,25,377776,461332,0,0,0,0,1,0,4,0,0,1,839108,0.8188792043924887,60617,0,1,1,0,1,0
3101,3306,2596,1887,0,0,1,0,0,1,4,0,0,1,4483,1.375,205,0,0,0,0,1,0
34157,3306,9082,14280,0,0,1,0,1,0,4,0,0,1,23362,0.6359498634549401,30851,0,0,0,0,1,0
31005,53,5111,11217,0,0,1,0,1,0,4,0,0,1,16328,0.4556070600820111,30952,0,1,0,0,1,0
59856,1433,119443,79008,0,0,1,0,1,0,4,0,0,1,198451,1.511764482527307,58423,0,0,1,0,1,0
20566,53,427650,130997,0,0,1,0,1,0,4,0,0,1,558647,3.264553657307745,20513,0,1,0,0,1,0
2950,1433,36100,127007,0,0,0,0,1,0,4,0,0,1,163107,0.28423406399596873,1517,0,0,0,0,1,0
3025,445,41176,73210,1,0,1,0,1,0,4,0,0,1,114386,0.5624291431615468,2580,0,1,0,0,1,0
42822,445,25491,12588,0,0,0,0,1,0,5,0,0,1,38079,2.024862975613631,42377,0,1,0,0,1,0
37231,445,44354,46716,0,0,0,0,1,0,5,0,0,1,91070,0.9494188411070916,36786,0,1,0,0,1,0
1433,445,75890,225165,0,0,0,0,0,1,5,0,0,1,301055,0.33704022809838075,988,0,1,0,0,1,1
22,3389,43522,120010,0,0,0,0,1,0,5,0,0,1,163532,0.36265009040837926,3367,1,0,0,0,1,1
28579,5155,48929,68735,0,0,1,0,0,1,5,0,0,1,117664,0.7118395018621974,23424,0,0,0,0,0,0
26357,25,76165,106572,0,0,1,0,1,0,6,0,0,0,182737,0.7146744485000891,26332,0,1,0,0,1,0
16126,3306,1280,679,0,0,1,0,1,0,6,0,0,0,1959,1.8823529411764706,12820,0,0,0,0,1,0
38405,80,22097,87390,0,0,1,0,0,1,6,0,0,0,109487,0.2528521243606321,38325,0,1,0,0,1,0
14889,1433,35894,25131,1,0,0,0,1,0,6,0,0,0,61025,1.4282190036606717,13456,0,0,0,0,1,0
21,25,42866,70781,1,0,1,0,0,1,6,0,0,0,113647,0.6056059450142691,4,1,1,0,0,1,1
58879,443,16757,33269,0,0,1,0,1,0,6,0,0,0,50026,0.5036669672377517,58436,0,1,1,0,1,0
29986,25,28486,24895,0,0,1,0,1,0,6,0,0,0,53381,1.1441998714652957,29961,0,1,0,0,1,0
4878,80,6961,11472,0,0,0,0,1,0,6,0,0,0,18433,0.6067288416281705,4798,0,1,0,0,1,0
25,22,1287,3335,1,0,1,0,0,1,7,0,0,0,4622,0.3857913669064748,3,1,1,0,0,1,1
42116,3306,106193,105931,0,0,1,0,0,1,7,0,0,0,212124,1.0024638447305818,38810,0,0,0,0,1,0
61484,53,3586,658,1,0,1,0,1,0,8,0,0,0,4244,5.441578148710167,61431,0,1,1,0,1,0
58218,3306,17039,39685,1,0,0,0,1,0,8,0,0,0,56724,0.42934536108451343,54912,0,0,1,0,1,0
47371,1433,6643,11989,1,0,0,0,1,0,8,0,0,0,18632,0.5540450375312761,45938,0,0,0,0,1,0
34438,53,279069,999571,0,0,0,1,0,0,8,0,0,0,1278640,0.27918849267486484,34385,0,1,0,0,1,0
11497,3389,19391,63975,0,0,1,0,1,0,9,0,0,0,83366,0.30309803676378644,8108,0,0,0,0,1,0
48164,80,13403,33322,0,0,1,0,1,0,9,0,0,0,46725,0.4022146865528314,48084,0,1,0,0,1,0
58687,22,72881,108704,0,0,0,0,1,0,9,0,0,0,181585,0.67044754151143,58665,0,1,1,0,1,0
14220,1433,694091,414236,1,0,1,0,1,0,10,0,0,0,1108327,1.675589095131531,12787,0,0,0,0,1,0
25,443,42154,4663,0,0,1,0,1,0,10,0,0,0,46817,9.038164665523157,418,1,1,0,0,1,1
80,443,12041,44621,0,0,0,0,0,1,10,0,0,0,56662,0.2698444713370087,363,1,1,0,0,1,1
35908,3389,67141,171444,0,0,1,0,1,0,10,0,0,0,238585,0.39161830324593894,32519,0,0,0,0,1,0
39057,443,1778,4498,1,0,0,0,0,1,11,0,0,0,6276,0.3951989330962436,38614,0,1,0,0,1,0
25132,445,23725,85093,0,0,1,0,1,0,11,0,0,0,108818,0.27880931675558795,24687,0,1,0,0,1,0
14204,53,535165,70717,0,0,0,0,1,0,11,0,0,0,605882,7.567592409287593,14151,0,1,0,0,1,0
40928,3306,28350,15095,0,0,0,0,1,0,11,0,0,0,43445,1.8779809220985693,37622,0,0,0,0,1,0
60840,80,26171,76787,0,0,1,0,1,0,11,0,0,0,102958,0.34082148252331096,60760,0,1,1,0,1,0
52771,80,22765,60078,1,0,0,0,0,1,12,0,0,0,82843,0.37891775828492485,52691,0,1,1,0,1,0
61798,22,11698,43874,0,0,1,0,1,0,12,0,0,0,55572,0.26662108262108264,61776,0,1,1,0,1,0
58085,445,36431,149691,0,0,0,0,1,0,12,0,0,0,186122,0.243373059348529,57640,0,1,1,0,1,0
15870,3389,76148,317064,0,0,0,0,1,0,12,0,0,0,393212,0.24016526579723402,12481,0,0,0,0,1,0
42505,1433,12953,24696,0,0,1,0,1,0,12,0,0,0,37649,0.5244766570838564,41072,0,0,0,0,1,0
3389,1433,409,616,0,0,1,1,0,0,12,0,0,0,1025,0.6628849270664505,1956,0,0,0,0,1,1
32118,80,46396,18676,0,0,0,0,1,0,12,0,0,0,65072,2.4841248594528027,32038,0,1,0,0,1,0
14192,53,668640,1831838,0,1,1,0,1,0,12,0,0,0,2500478,0.3650102438041771,14139,0,1,0,0,1,0
31370,53,12064,20903,1,0,0,0,1,0,12,0,0,0,32967,0.5771144278606966,31317,0,1,0,0,1,0
44849,856,5211,8385,0,1,1,0,1,0,13,0,0,0,13596,0.6213927975196757,43993,0,1,0,0,0,0
3306,22,65111,129530,0,0,0,0,1,0,13,0,0,0,194641,0.5026673151600776,3284,0,1,0,0,1,1
14688,53,358660,894777,0,0,1,0,1,0,13,0,0,0,1253437,0.40083685562228843,14635,0,1,0,0,1,0
45479,80,51379,82119,0,0,1,0,1,0,13,0,0,0,133498,0.6256575742815392,45399,0,1,0,0,1,0
63407,25,347847,51634,0,0,1,0,1,0,13,0,0,0,399481,6.736651496078242,63382,0,1,1,0,1,0
13954,80,78422,256540,0,0,1,1,0,0,13,0,0,0,334962,0.30568992870535316,13874,0,1,0,0,1,0
54164,1433,68251,20847,0,0,0,0,1,0,14,0,0,0,89098,3.273743284727552,52731,0,0,1,0,1,0
58376,443,9616,35960,0,0,1,0,1,0,14,0,0,0,45576,0.26740079530602595,57933,0,1,1,0,1,0
54167,80,34774,140120,1,0,1,1,0,0,14,0,0,0,174894,0.24817122344259604,54087,0,1,1,0,1,0
2330,3389,21011,51894,0,0,1,0,0,1,14,0,0,0,72905,0.40487522882744004,1059,0,0,0,0,1,0
53783,25,19891,37166,0,0,1,1,0,0,15,0,0,0,57057,0.5351790566900745,53758,0,1,1,0,1,0
20910,445,14673,22545,1,0,0,0,0,1,15,0,0,0,37218,0.6508028031579881,20465,0,1,0,0,1,0
25,3306,31602,66127,0,0,1,0,1,0,15,0,0,0,97729,0.4778913622066296,3281,1,0,0,0,1,1
55612,445,2767,1430,0,0,0,0,1,0,15,0,0,0,4197,1.93361285814116,55167,0,1,1,0,1,0
39326,21,80720,314504,0,1,1,0,1,0,15,0,0,0,395224,0.2566572868475859,39305,0,1,0,0,1,0
25,21,5407,22150,1,0,0,0,1,0,16,0,0,0,27557,0.2440973319488962,4,1,1,0,0,1,1
7105,53,14758,11767,1,0,1,0,0,1,16,0,0,0,26525,1.2540788579197824,7052,0,1,0,0,1,0
39362,1433,37380,5560,0,0,0,0,1,0,16,0,0,0,42940,6.721812623628844,37929,0,0,0,0,1,0
9418,16816,4995,962,0,0,1,0,1,0,16,0,0,0,5957,5.186915887850467,7398,0,0,0,0,0,0
44478,53,947,3520,1,0,1,0,1,0,16,0,0,0,4467,0.26895768247656915,44425,0,1,0,0,1,0
38950,443,11933,20976,0,0,1,0,1,0,17,0,0,0,32909,0.568861133622539,38507,0,1,0,0,1,0
42816,25,2231,6441,1,0,1,0,0,1,17,0,0,0,8672,0.3463210183172928,42791,0,1,0,0,1,0
3943,53,68850,238862,0,0,1,0,1,0,17,0,0,0,307712,0.28824053955614726,3890,0,1,0,0,1,0
33946,3306,3478,4559,0,0,1,0,1,0,17,0,0,0,8037,0.762719298245614,30640,0,0,0,0,1,0
36872,80,237102,331598,0,0,1,0,0,1,17,0,0,0,568700,0.7150262817439136,36792,0,1,0,0,1,0
7897,443,21823,16362,0,0,1,0,1,0,17,0,0,0,38185,1.3336796430972315,7454,0,1,0,0,1,0
34221,3389,24213,53373,0,0,0,0,1,0,17,0,0,0,77586,0.45364784351931653,30832,0,0,0,0,1,0
39806,445,926,595,0,0,1,0,1,0,17,0,0,0,1521,1.5536912751677852,39361,0,1,0,0,1,0
5495,25,27771,19687,0,0,1,0,1,0,18,0,0,0,47458,1.410554652580252,5470,0,1,0,0,1,0
65179,53,19374,49809,0,0,1,0,0,1,18,0,0,0,69183,0.3889580405541056,65126,0,1,1,0,1,0
15828,1433,2755,5929,1,0,1,0,1,0,18,0,0,0,8684,0.4645868465430017,14395,0,0,0,0,1,0
20499,443,25327,54665,0,0,1,0,1,0,18,0,0,0,79992,0.4633044305418359,20056,0,1,0,0,1,0
25281,3306,11653,7285,0,0,1,0,1,0,18,0,0,0,18938,1.5993686522097172,21975,0,0,0,0,1,0
44819,21,15570,60132,1,0,1,0,0,1,18,0,0,0,75702,0.25892604726190277,44798,0,1,0,0,1,0
8032,25,22957,96138,0,0,0,0,1,0,19,0,0,0,119095,0.2387896691249129,8007,0,1,0,0,1,0
44711,445,10359,43464,0,0,1,0,0,1,19,0,0,0,53823,0.23832969055561948,44266,0,1,0,0,1,0
42697,22,32673,77655,0,0,1,0,1,0,19,0,0,0,110328,0.42074018749356135,42675,0,1,0,0,1,0
41480,3389,19177,78731,0,0,0,0,1,0,19,0,0,0,97908,0.2435731341767007,38091,0,0,0,0,1,0
13959,53,46930,19089,1,0,0,0,0,1,20,0,0,0,66019,2.458355159769513,13906,0,1,0,0,1,0
445,22,9453,36541,0,0,1,0,1,0,20,0,0,0,45994,0.25868863225877076,423,1,1,0,0,1,1
55209,80,4008,1948,0,0,1,0,1,0,20,0,0,0,5956,2.056439199589533,55129,0,1,1,0,1,0
32170,445,7085,29594,0,0,1,0,1,0,20,0,0,0,36679,0.23939854705186686,31725,0,1,0,0,1,0
3306,1433,221516,784869,0,1,0,0,1,0,20,0,0,0,1006385,0.2822327264387733,1873,0,0,0,0,1,1
15508,25,101675,73193,0,0,1,0,1,0,21,0,0,0,174868,1.38911659425636,15483,0,1,0,0,1,0
445,80,153492,205974,0,0,0,0,1,0,21,0,0,0,359466,0.7451972326738682,365,1,1,0,0,1,1
9963,25,171500,508160,0,0,1,0,1,0,21,0,0,0,679660,0.3374914643193791,9938,0,1,0,0,1,0
19547,443,10445,4861,0,0,0,0,0,1,21,0,0,0,15306,2.1482928835870014,19104,0,1,0,0,1,0
51746,25,35358,50315,0,0,1,0,1,0,21,0,0,0,85673,0.7027188170760792,51721,0,1,1,0,1,0
43734,443,24868,41722,0,0,1,0,1,0,22,0,0,1,66590,0.596026172614625,43291,0,1,0,0,1,0
30706,22,63276,33030,0,0,1,1,0,0,22,0,0,1,96306,1.91565499076625,30684,0,1,0,0,1,0
64319,53,13867,32761,0,0,1,0,1,0,22,0,0,1,46628,0.42326475795128504,64266,0,1,1,0,1,0
19755,445,25559,90367,0,0,0,0,1,0,22,0,0,1,115926,0.28283241855524077,19310,0,1,0,0,1,0
3306,21,24726,45116,0,0,1,0,1,0,22,0,0,1,69842,0.5480417580956181,3285,0,1,0,0,1,1
23090,21,51617,86387,0,0,1,0,1,0,22,0,0,1,138004,0.5975019678659073,23069,0,1,0,0,1,0
6594,1433,62890,224508,0,0,1,0,1,0,22,0,0,1,287398,0.2801224004382898,5161,0,0,0,0,1,0
9861,21,25587,56695,0,0,1,0,1,0,23,0,0,1,82282,0.4513016791308029,9840,0,1,0,0,1,0
59942,443,26859,52132,0,0,0,0,1,0,23,0,0,1,78991,0.5152015038459326,59499,0,1,1,0,1,0
31888,3306,31616,82164,0,0,0,0,1,0,23,0,0,1,113780,0.38478670966956735,28582,0,0,0,0,1,0
36018,1433,306962,54013,0,0,0,0,1,0,0,1,0,1,360975,5.683008109008775,34585,0,0,0,0,1,0
27108,443,1382,2904,0,0,0,0,1,0,0,1,0,1,4286,0.4757314974182444,26665,0,1,0,0,1,0
1433,53,4668,10874,1,0,1,0,1,0,0,1,0,1,15542,0.42924137931034484,1380,0,1,0,0,1,1
9304,3389,64723,221067,0,0,1,0,1,0,0,1,0,1,285790,0.2927741690339624,5915,0,0,0,0,1,0
1433,445,33916,87291,0,0,1,0,1,0,0,1,0,1,121207,0.3885350318471338,988,0,1,0,0,1,1
3306,1433,33536,107527,0,0,1,0,1,0,0,1,0,1,141063,0.3118815564318131,1873,0,0,0,0,1,1
22082,22,64086,253249,0,0,0,0,0,1,1,1,0,1,317335,0.2530542941757157,22060,0,1,0,0,1,0
21789,21,31020,116494,0,0,1,0,0,1,1,1,0,1,147514,0.2662775226404567,21768,0,1,0,0,1,0
48160,25,9001,34464,0,0,1,0,0,1,1,1,0,1,43465,0.2611634992020891,48135,0,1,0,0,1,0
28865,445,60240,16992,1,0,1,0,1,0,1,1,0,1,77232,3.544989113164244,28420,0,1,0,0,1,0
53339,22,22775,6577,0,0,1,0,1,0,1,1,0,1,29352,3.462298570994223,53317,0,1,1,0,1,0
33550,25,10763,28926,0,1,0,0,1,0,2,1,0,1,39689,0.37207453244373767,33525,0,1,0,0,1,0
7737,445,66474,34505,0,0,1,0,1,0,2,1,0,1,100979,1.9264475743348983,7292,0,1,0,0,1,0
25,3389,62420,33832,0,0,1,0,1,0,2,1,0,1,96252,1.844944285165371,3364,1,0,0,0,1,1
13946,3389,31058,130168,0,0,0,0,1,0,2,1,0,1,161226,0.23859751553749356,10557,0,0,0,0,1,0
63459,325,852,1040,0,1,1,0,1,0,3,1,0,1,1892,0.8184438040345822,63134,0,1,1,0,0,0
3389,3389,184042,746415,0,1,1,0,1,0,3,1,0,1,930457,0.2465675976935114,0,0,0,0,0,1,1
42202,1433,109422,22138,0,0,1,1,0,0,3,1,0,1,131560,4.942499661231311,40769,0,0,0,0,1,0
445,53,1337329,1623438,0,0,0,0,1,0,3,1,0,1,2960767,0.8237630117300373,392,1,1,0,0,1,1
1433,22,17424,24889,0,0,1,0,0,1,3,1,0,1,42313,0.7000401767778224,1411,0,1,0,0,1,1
56091,53,10470,34576,0,0,1,0,1,0,3,1,0,1,45046,0.3028024409289412,56038,0,1,1,0,1,0
445,3389,87254,29143,0,0,0,0,0,1,4,1,0,1,116397,2.9938923963766126,2944,1,0,0,0,1,1
28856,53,14702,36605,0,0,1,0,1,0,5,1,0,1,51307,0.40162814839097416,28803,0,1,0,0,1,0
24257,25,22450,48768,1,0,1,0,0,1,5,1,0,1,71218,0.46033340851770593,24232,0,1,0,0,1,0
6914,445,4548,4546,0,0,1,0,1,0,5,1,0,1,9094,1.0002199252254234,6469,0,1,0,0,1,0
1433,3389,58142,53259,0,0,1,0,1,0,5,1,0,1,111401,1.0916635373638752,1956,0,0,0,0,1,1
53,21,2093,443,0,0,1,0,1,0,6,1,0,0,2536,4.713963963963964,32,1,1,0,0,1,1
49400,25,18876,47151,0,0,1,0,1,0,6,1,0,0,66027,0.4003223617237869,49375,0,1,1,0,1,0
45397,1433,21491,43893,0,0,0,0,0,1,6,1,0,0,65384,0.4896113364013305,43964,0,0,0,0,1,0
63761,25,10963,33938,0,0,1,1,0,0,6,1,0,0,44901,0.3230207136332832,63736,0,1,1,0,1,0
53,3389,1324,4252,1,0,0,0,1,0,7,1,0,0,5576,0.3113096637667529,3336,1,0,0,0,1,1
31260,53,1308,2964,0,0,0,0,1,0,7,1,0,0,4272,0.4411467116357504,31207,0,1,0,0,1,0
57774,53,6674,26360,0,0,0,0,1,0,7,1,0,0,33034,0.25317704184211526,57721,0,1,1,0,1,0
31461,1433,52181,14057,0,0,0,0,0,1,8,1,0,0,66238,3.711836676625409,30028,0,0,0,0,1,0
26349,443,34971,70635,0,0,1,0,1,0,8,1,0,0,105606,0.49508749079789344,25906,0,1,0,0,1,0
1469,80,21454,30153,0,0,1,0,1,0,8,1,0,0,51607,0.7114810638721231,1389,0,1,0,0,1,0
43410,443,5348,9388,0,0,0,0,1,0,8,1,0,0,14736,0.5696027265949516,42967,0,1,0,0,1,0
61169,445,38017,116429,0,0,1,0,1,0,8,1,0,0,154446,0.32652237395860173,60724,0,1,1,0,1,0
57511,53,1238,4154,1,0,0,0,1,0,9,1,0,0,5392,0.29795427196149216,57458,0,1,1,0,1,0
61516,22,476,1360,0,0,0,0,1,0,9,1,0,0,1836,0.34974283614988977,61494,0,1,1,0,1,0
64880,883,2149,352,0,1,1,0,1,0,9,1,0,0,2501,6.087818696883852,63997,0,1,1,0,0,0
51296,25,9194,37791,1,0,1,0,0,1,9,1,0,0,46985,0.24327900084674006,51271,0,1,1,0,1,0
38657,21,111421,191728,0,0,1,0,1,0,9,1,0,0,303149,0.5811379603502861,38636,0,1,0,0,1,0
8155,53,28361,49344,0,0,0,0,1,0,10,1,0,0,77705,0.5747492147127369,8102,0,1,0,0,1,0
44721,80,309024,273832,0,0,1,0,1,0,10,1,0,0,582856,1.1285126336124571,44641,0,1,0,0,1,0
47243,25,9162,23506,0,0,1,0,1,0,10,1,0,0,32668,0.3897562428212873,47218,0,1,0,0,1,0
26262,1433,47994,12660,0,0,1,0,1,0,11,1,0,0,60654,3.790695837611563,24829,0,0,0,0,1,0
43803,21,14711,10167,0,0,1,1,0,0,11,1,0,0,24878,1.4467938630999213,43782,0,1,0,0,1,0
21097,80,200937,139012,0,0,1,0,0,1,11,1,0,0,339949,1.445454741642868,21017,0,1,0,0,1,0
1433,443,15891,24702,0,0,0,0,0,1,11,1,0,0,40593,0.6432821924462616,990,0,1,0,0,1,1
35831,80,86426,285899,0,0,1,0,0,1,11,1,0,0,372325,0.30229450856942985,35751,0,1,0,0,1,0
34193,3389,3927,1454,0,0,0,0,1,0,11,1,0,0,5381,2.6989690721649486,30804,0,0,0,0,1,0
53878,445,11335,6444,0,0,1,0,1,0,11,1,0,0,17779,1.7587276958882856,53433,0,1,1,0,1,0
31159,53,19255,56960,0,0,1,0,1,0,11,1,0,0,76215,0.33803830691174663,31106,0,1,0,0,1,0
47847,21,166286,684730,1,0,1,0,0,1,12,1,0,0,851016,0.24284865151424428,47826,0,1,0,0,1,0
57850,3306,654,1564,1,0,1,0,1,0,12,1,0,0,2218,0.41789137380191693,54544,0,0,1,0,1,0
5695,443,12935,39709,1,0,1,0,1,0,12,1,0,0,52644,0.32573659027952656,5252,0,1,0,0,1,0
27108,445,12254,4332,0,0,1,0,1,0,12,1,0,0,16586,2.8280636972074773,26663,0,1,0,0,1,0
12157,1433,793,158,0,0,0,0,1,0,12,1,0,0,951,4.987421383647798,10724,0,0,0,0,1,0
30204,3306,10483,5668,0,0,1,0,1,0,12,1,0,0,16151,1.8491797495149056,26898,0,0,0,0,1,0
61774,3306,1872,7760,0,0,1,0,0,1,12,1,0,0,9632,0.24120603015075376,58468,0,0,1,0,1,0
80,80,528,763,0,0,0,0,1,0,12,1,0,0,1291,0.6910994764397905,0,1,1,0,0,1,1
4544,22,14476,19721,0,0,1,0,0,1,12,1,0,0,34197,0.734002636649427,4522,0,1,0,0,1,0
65236,22,13713,49018,0,0,0,0,1,0,13,1,0,0,62731,0.27974866888349414,65214,0,1,1,0,1,0
25804,3389,14884,38329,0,0,1,0,1,0,13,1,0,0,53213,0.38831202713279417,22415,0,0,0,0,1,0
37120,22,33010,2726,0,0,0,0,0,1,13,1,0,0,35736,12.104877154382105,37098,0,1,0,0,1,0
50563,3306,5393,21981,0,0,1,0,0,1,13,1,0,0,27374,0.24533709398598855,47257,0,0,1,0,1,0
58461,80,386686,213347,1,0,1,0,1,0,13,1,0,0,600033,1.812466017961265,58381,0,1,1,0,1,0
12607,443,20883,11708,1,0,1,0,1,0,14,1,0,0,32591,1.7834998718934154,12164,0,1,0,0,1,0
21709,445,172523,65480,1,0,1,0,1,0,14,1,0,0,238003,2.634703196347032,21264,0,1,0,0,1,0
38912,1433,1498,5441,0,0,0,0,1,0,14,1,0,0,6939,0.2752664461595002,37479,0,0,0,0,1,0
6779,25,5795,12657,0,0,0,0,1,0,14,1,0,0,18452,0.4578132406383315,6754,0,1,0,0,1,0
51990,21,66045,198089,0,0,1,0,0,1,14,1,0,0,264134,0.3334090564894745,51969,0,1,1,0,1,0
65109,21,15328,51692,0,0,0,0,1,0,14,1,0,0,67020,0.29651983827597544,65088,0,1,1,0,1,0
55608,21,3955,14222,0,0,1,0,1,0,14,1,0,0,18177,0.2780707305069254,55587,0,1,1,0,1,0
47137,80,1162,653,0,0,1,0,1,0,14,1,0,0,1815,1.7767584097859328,47057,0,1,0,0,1,0
21336,80,71191,29163,1,0,0,0,0,1,14,1,0,0,100354,2.4410574681113704,21256,0,1,0,0,1,0
32173,25,62477,195095,0,0,0,0,0,1,14,1,0,0,257572,0.32023721654980114,32148,0,1,0,0,1,0
19756,445,32510,63818,0,0,1,0,1,0,14,1,0,0,96328,0.5094094235259092,19311,0,1,0,0,1,0
42737,443,9962,18286,0,0,0,0,1,0,15,1,0,0,28248,0.54475857166293,42294,0,1,0,0,1,0
39461,443,3710,5074,0,0,1,0,0,1,16,1,0,0,8784,0.7310344827586207,39018,0,1,0,0,1,0
80,1433,20236,75037,0,0,1,0,1,0,16,1,0,0,95273,0.26967669714011566,1353,1,0,0,0,1,1
7290,25,2685,7842,0,0,1,0,1,0,16,1,0,0,10527,0.3423434910110927,7265,0,1,0,0,1,0
42261,1433,6617,7851,0,0,1,0,0,1,16,1,0,0,14468,0.8427152317880795,40828,0,0,0,0,1,0
14053,443,165711,106551,0,0,1,1,0,0,17,1,0,0,272262,1.5552124784142953,13610,0,1,0,0,1,0
33006,22,1139,3282,0,0,1,0,1,0,17,1,0,0,4421,0.3469387755102041,32984,0,1,0,0,1,0
53,445,65123,69952,1,0,1,0,1,0,17,1,0,0,135075,0.9309536403013452,392,1,1,0,0,1,1
3389,3306,240557,153299,1,0,0,0,1,0,17,1,0,0,393856,1.569191128506197,83,0,0,0,0,1,1
25871,22,81309,300138,0,0,1,0,1,0,17,1,0,0,381447,0.2709044809238386,25849,0,1,0,0,1,0
64383,80,41653,169842,1,0,1,0,1,0,17,1,0,0,211495,0.2452441372326207,64303,0,1,1,0,1,0
58942,25,10491,6322,0,0,1,0,1,0,17,1,0,0,16813,1.6591807686224893,58917,0,1,1,0,1,0
36215,3306,7836,2576,0,0,0,0,1,0,17,1,0,0,10412,3.040745052386496,32909,0,0,0,0,1,0
45705,25,603,1974,1,0,1,0,1,0,17,1,0,0,2577,0.3053164556962025,45680,0,1,0,0,1,0
25054,53,23370,22428,0,0,1,0,1,0,17,1,0,0,45798,1.0419546123322485,25001,0,1,0,0,1,0
39618,53,11572,41692,0,0,1,0,1,0,18,1,0,0,53264,0.2775525867651644,39565,0,1,0,0,1,0
44272,1433,7209,8114,0,0,1,0,1,0,19,1,0,0,15323,0.888354898336414,42839,0,0,0,0,1,0
61520,45815,21330,86660,0,0,1,0,1,0,19,1,0,0,107990,0.24613147782739642,15705,0,0,1,0,0,0
58830,1433,24337,76156,0,0,1,0,1,0,19,1,0,0,100493,0.31956353322741177,57397,0,0,1,0,1,0
24100,1433,7967,16968,0,0,1,0,1,0,19,1,0,0,24935,0.46950321173905357,22667,0,0,0,0,1,0
38773,53,290956,1120341,0,0,1,0,0,1,19,1,0,0,1411297,0.2597028407397027,38720,0,1,0,0,1,0
443,3389,70895,247548,0,0,0,0,1,0,19,1,0,0,318443,0.28638774545645507,2946,1,0,0,0,1,1
53,22,92415,173416,0,0,1,1,0,0,19,1,0,0,265831,0.5329062317996506,31,1,1,0,0,1,1
48682,31321,18670,72431,1,0,1,0,1,0,19,1,0,0,91101,0.2577590015462779,17361,0,0,0,0,0,0
20789,1433,49910,120385,1,0,0,0,1,0,20,1,0,0,170295,0.4145830910570997,19356,0,0,0,0,1,0
53547,21,5254,3026,1,0,1,0,1,0,20,1,0,0,8280,1.7357119259993392,53526,0,1,1,0,1,0
13703,445,63960,91177,0,0,0,0,1,0,20,1,0,0,155137,0.7014850073482638,13258,0,1,0,0,1,0
11336,80,15882,54535,1,0,1,0,0,1,20,1,0,0,70417,0.29122047821622415,11256,0,1,0,0,1,0
14820,1433,4293,6775,0,0,1,0,0,1,21,1,0,0,11068,0.6335596221959858,13387,0,0,0,0,1,0
28078,3389,21238,52426,0,0,0,1,0,0,21,1,0,0,73664,0.4050966105251111,24689,0,0,0,0,1,0
47566,443,13803,48694,0,0,0,0,1,0,21,1,0,0,62497,0.2834582606017045,47123,0,1,0,0,1,0
3306,1433,906105,3405280,0,0,0,0,1,0,21,1,0,0,4311385,0.26608817304651217,1873,0,0,0,0,1,1
39290,1433,44206,93133,0,0,1,0,1,0,21,1,0,0,137339,0.4746494298537591,37857,0,0,0,0,1,0
443,3389,275832,118720,0,0,0,0,1,0,21,1,0,0,394552,2.323363179218504,2946,1,0,0,0,1,1
16860,22,134599,151495,0,0,1,0,1,0,21,1,0,0,286094,0.888465702064741,16838,0,1,0,0,1,0
43707,22,23399,68826,0,0,1,0,0,1,21,1,0,0,92225,0.33996832638354135,43685,0,1,0,0,1,0
54847,21,10829,19693,0,0,0,0,0,1,22,1,0,1,30522,0.5498629024068244,54826,0,1,1,0,1,0
41529,41990,1360,874,1,0,1,0,1,0,22,1,0,1,2234,1.5542857142857143,461,0,0,0,0,0,0
56717,1433,5467,12308,0,0,1,0,1,0,22,1,0,1,17775,0.44414655942806075,55284,0,0,1,0,1,0
6843,20410,63602,217748,1,0,1,0,1,0,22,1,0,1,281350,0.29208859742180215,13567,0,0,0,0,0,0
21,443,13583,17225,0,0,0,0,1,0,22,1,0,1,30808,0.7885173574828748,422,1,1,0,0,1,1
19629,445,40187,141033,0,0,0,0,1,0,22,1,0,1,181220,0.28494547414098725,19184,0,1,0,0,1,0
61261,3389,855,3422,0,0,1,0,0,1,22,1,0,1,4277,0.24978089395267308,57872,0,0,1,0,1,0
21161,1433,45507,95299,1,0,0,0,1,0,22,1,0,1,140806,0.47751311647429173,19728,0,0,0,0,1,0
3306,25,127308,331364,1,0,1,0,1,0,22,1,0,1,458672,0.38419265764338417,3281,0,1,0,0,1,1
30961,3389,1285,5066,0,0,1,0,1,0,23,1,0,1,6351,0.25360173672784686,27572,0,0,0,0,1,0
32843,3306,39914,133379,0,0,1,0,1,0,23,1,0,1,173293,0.29925026240815716,29537,0,0,0,0,1,0
9901,25,189028,414092,0,0,1,0,0,1,23,1,0,1,603120,0.45648682783819094,9876,0,1,0,0,1,0
24041,1433,323883,812167,0,0,1,0,1,0,23,1,0,1,1136050,0.39878818175549885,22608,0,0,0,0,1,0
15579,3306,9841,7305,0,0,0,1,0,0,23,1,0,1,17146,1.3469750889679715,12273,0,0,0,0,1,0
2316,13236,76717,260418,0,0,1,0,1,0,23,1,0,1,337135,0.29459064046786143,10920,0,0,0,0,0,0
22853,3306,217002,659815,0,0,0,0,1,0,0,2,0,1,876817,0.32888259757265664,19547,0,0,0,0,1,0
2795,80,41865,174072,0,0,1,0,1,0,0,2,0,1,215937,0.2405025477816778,2715,0,1,0,0,1,0
33595,22,172150,543611,0,0,1,0,1,0,1,2,0,1,715761,0.3166780718600767,33573,0,1,0,0,1,0
63141,25,20798,45806,1,0,0,0,1,0,1,2,0,1,66604,0.4540354094352392,63116,0,1,1,0,1,0
22,3306,41394,134001,0,0,1,0,1,0,1,2,0,1,175395,0.30890583722631004,3284,1,0,0,0,1,1
18083,25,8147,32103,0,0,0,0,1,0,1,2,0,1,40250,0.2537690007475704,18058,0,1,0,0,1,0
64974,3306,16926,52806,0,0,1,0,1,0,1,2,0,1,69732,0.32052568788228836,61668,0,0,1,0,1,0
7008,22,44088,113429,0,0,1,1,0,0,1,2,0,1,157517,0.3886802433218725,6986,0,1,0,0,1,0
6859,22,7225,23209,1,0,1,1,0,0,1,2,0,1,30434,0.31128823782852216,6837,0,1,0,0,1,0
65048,21,15402,10871,0,0,1,0,1,0,2,2,0,1,26273,1.4166666666666667,65027,0,1,1,0,1,0
38989,3389,74413,30803,0,0,0,0,0,1,2,2,0,1,105216,2.4156927671730943,35600,0,0,0,0,1,0
443,1433,587770,506218,0,0,1,0,1,0,2,2,0,1,1093988,1.1610982598440596,990,1,0,0,0,1,1
34172,80,829,1772,0,0,1,0,1,0,2,2,0,1,2601,0.4675690919345742,34092,0,1,0,0,1,0
44549,53,520488,864888,1,0,0,0,1,0,2,2,0,1,1385376,0.601797456089741,44496,0,1,0,0,1,0
1433,1433,14533,21316,0,0,1,0,0,1,2,2,0,1,35849,0.681756344701412,0,0,0,0,0,1,1
46148,25,103139,196616,1,0,0,0,1,0,2,2,0,1,299755,0.524568068885193,46123,0,1,0,0,1,0
57886,3306,141173,525461,0,0,1,0,1,0,2,2,0,1,666634,0.2686645275966673,54580,0,0,1,0,1,0
51904,450,40131,122226,0,1,1,0,1,0,2,2,0,1,162357,0.328331710669492,51454,0,1,1,0,0,0
33447,22,6872,2014,0,0,1,0,1,0,3,2,0,1,8886,3.410421836228288,33425,0,1,0,0,1,0
25,22,15360,5020,0,0,1,0,1,0,3,2,0,1,20380,3.059151563433579,3,1,1,0,0,1,1
60540,3306,20216,67243,0,0,1,0,1,0,3,2,0,1,87459,0.3006364880138005,57234,0,0,1,0,1,0
37686,21,12432,9699,0,0,0,0,1,0,3,2,0,1,22131,1.2816494845360824,37665,0,1,0,0,1,0
44021,3306,181682,265374,0,0,0,1,0,0,4,2,0,1,447056,0.6846236457842676,40715,0,0,0,0,1,0
51212,443,19478,12922,0,0,0,0,0,1,4,2,0,1,32400,1.5072351621140603,50769,0,1,1,0,1,0
3918,445,1652,228,0,0,1,0,0,1,4,2,0,1,1880,7.213973799126638,3473,0,1,0,0,1,0
5281,61329,7999,26699,0,0,1,0,1,0,4,2,0,1,34698,0.2995880149812734,56048,0,0,0,1,0,0
21987,37049,1762,2002,0,0,1,0,1,0,4,2,0,1,3764,0.8796804792810784,15062,0,0,0,0,0,0
3389,1433,15285,13536,0,0,0,0,1,0,5,2,0,1,28821,1.1291275762724384,1956,0,0,0,0,1,1
1848,445,64607,125864,1,0,0,0,1,0,5,2,0,1,190471,0.5133039367576372,1403,0,1,0,0,1,0
6679,80,7729,16084,0,0,1,0,0,1,5,2,0,1,23813,0.48050979173142677,6599,0,1,0,0,1,0
443,21,11558,20753,1,0,0,0,1,0,6,2,0,0,32311,0.5569046930712152,422,1,1,0,0,1,1
21,21,14191,8535,0,0,1,0,0,1,6,2,0,0,22726,1.6624882849109652,0,1,1,0,0,1,1
9523,22,27589,83807,0,0,0,0,1,0,6,2,0,0,111396,0.32919291714394805,9501,0,1,0,0,1,0
3306,63140,50298,195902,0,0,0,0,0,1,7,2,0,0,246200,0.2567495137899879,59834,0,0,0,1,0,1
9609,53,80146,153057,0,0,1,0,1,0,7,2,0,0,233203,0.523631564504959,9556,0,1,0,0,1,0
6539,3389,813277,732381,0,0,0,0,1,0,8,2,0,0,1545658,1.1104546534458792,3150,0,0,0,0,1,0
34278,21,26838,82755,0,0,1,0,1,0,8,2,0,0,109593,0.3243027695877036,34257,0,1,0,0,1,0
44344,80,71486,47629,0,0,1,0,1,0,8,2,0,0,119115,1.5008608020155365,44264,0,1,0,0,1,0
24256,3306,1736,4653,0,0,0,0,1,0,8,2,0,0,6389,0.3730124623979373,20950,0,0,0,0,1,0
45297,3389,12007,6605,0,0,0,0,1,0,8,2,0,0,18612,1.8175900696336664,41908,0,0,0,0,1,0
62288,22,139170405,291482959,0,1,0,0,1,0,8,2,0,0,430653364,0.47745640088189034,62266,0,1,1,0,1,0
1715,3306,4325,861,0,0,1,0,0,1,9,2,0,0,5186,5.017401392111369,1591,0,0,0,0,1,0
1433,3306,9343,9650,0,0,0,0,1,0,9,2,0,0,18993,0.9680862086830381,1873,0,0,0,0,1,1
445,445,18546,14973,0,0,1,0,1,0,9,2,0,0,33519,1.2385468144784293,0,1,1,0,0,1,1
2551,53,9823,6430,0,0,1,0,1,0,9,2,0,0,16253,1.5274451873736588,2498,0,1,0,0,1,0
22,53,1415416,4214523,1,0,1,0,1,0,9,2,0,0,5629939,0.3358424344006583,31,1,1,0,0,1,1
443,443,49993,32977,0,1,1,0,1,0,10,2,0,0,82970,1.5159500272909212,0,1,1,0,0,1,1
29882,445,541249,1893129,0,0,1,0,1,0,11,2,0,0,2434378,0.2859016549312514,29437,0,1,0,0,1,0
2558,3306,239963,506021,0,0,0,0,1,0,11,2,0,0,745984,0.4742145598412717,748,0,0,0,0,1,0
29284,3306,7920,29085,0,0,0,0,1,0,11,2,0,0,37005,0.27229594994155265,25978,0,0,0,0,1,0
36277,25,23390,53097,0,0,1,0,1,0,12,2,0,0,76487,0.4405062337564503,36252,0,1,0,0,1,0
22046,80,10984,12701,0,0,1,0,1,0,12,2,0,0,23685,0.8647457093371123,21966,0,1,0,0,1,0
63274,145,1147,4061,0,1,1,0,1,0,12,2,0,0,5208,0.2823732151649434,63129,0,1,1,0,0,0
1703,25,4617,18190,1,0,1,0,1,0,12,2,0,0,22807,0.2538068275520862,1678,0,1,0,0,1,0
22,22,10867,25517,0,1,1,0,1,0,13,2,0,0,36384,0.4258562583274551,0,1,1,0,0,1,1
12562,445,39152,3985,0,0,0,0,1,0,13,2,0,0,43137,9.82237832413447,12117,0,1,0,0,1,0
38540,21,37533,130847,0,0,0,0,1,0,13,2,0,0,168380,0.2868442773294204,38519,0,1,0,0,1,0
53376,1433,33039,10829,1,0,0,0,1,0,13,2,0,0,43868,3.0506925207756233,51943,0,0,1,0,1,0
21922,21,20020,43827,0,0,0,0,1,0,13,2,0,0,63847,0.456785616500867,21901,0,1,0,0,1,0
7612,80,87307,103387,0,0,1,1,0,0,13,2,0,0,190694,0.844459705188223,7532,0,1,0,0,1,0
28052,80,14599,14215,0,0,0,0,1,0,14,2,0,0,28814,1.0269414743950478,27972,0,1,0,0,1,0
30996,25,204124,732556,0,0,1,0,1,0,14,2,0,0,936680,0.2786458937666284,30971,0,1,0,0,1,0
21,445,1145,2886,0,0,1,0,1,0,14,2,0,0,4031,0.39660547280914443,424,1,1,0,0,1,1
11913,3306,63000,249890,0,0,1,0,1,0,14,2,0,0,312890,0.25210991992508736,8607,0,0,0,0,1,0
443,53,48117,94112,1,0,0,0,1,0,14,2,0,0,142229,0.5112683688757133,390,1,1,0,0,1,1
49139,3389,7485,25584,0,0,1,0,0,1,14,2,0,0,33069,0.2925542309947235,45750,0,0,0,0,1,0
43541,445,12476,39879,0,0,0,0,0,1,15,2,0,0,52355,0.31283851554663994,43096,0,1,0,0,1,0
13167,80,46335,144533,0,0,1,0,1,0,15,2,0,0,190868,0.32058200838557016,13087,0,1,0,0,1,0
3389,22,95367,319981,0,0,0,0,1,0,15,2,0,0,415348,0.29803863967348165,3367,0,1,0,0,1,1
52788,3389,1340,3308,0,0,0,0,0,1,15,2,0,0,4648,0.4049561801148383,49399,0,0,1,0,1,0
33948,443,60185,33715,0,0,1,0,0,1,16,2,0,0,93900,1.7850575394471468,33505,0,1,0,0,1,0
17323,21,10590,39523,1,0,1,0,1,0,16,2,0,0,50113,0.2679384677664204,17302,0,1,0,0,1,0
34395,3306,133314,145976,0,0,1,0,1,0,16,2,0,0,279290,0.9132534577364927,31089,0,0,0,0,1,0
53,21,1161,3308,0,0,1,0,1,0,16,2,0,0,4469,0.35086128739800543,32,1,1,0,0,1,1
3389,3389,1101824,274743,0,0,1,0,1,0,16,2,0,0,1376567,4.010366013452523,0,0,0,0,0,1,1
21,445,5335,17392,0,0,1,0,1,0,17,2,0,0,22727,0.30673259357212673,424,1,1,0,0,1,1
3389,22,217061,463996,1,0,1,0,0,1,17,2,0,0,681057,0.4678069039239478,3367,0,1,0,0,1,1
9924,3306,19718,30479,0,0,1,0,1,0,17,2,0,0,50197,0.6469160104986876,6618,0,0,0,0,1,0
3389,25,5943,11639,0,0,1,0,0,1,17,2,0,0,17582,0.5105670103092783,3364,0,1,0,0,1,1
21,53,33663,30469,0,0,1,0,1,0,18,2,0,0,64132,1.1047915982934033,32,1,1,0,0,1,1
26258,61634,114302,28365,0,0,1,0,1,0,18,2,0,0,142667,4.0295424099273776,35376,0,0,0,1,0,0
29167,53,1836,6601,0,0,0,0,1,0,18,2,0,0,8437,0.27809754619812177,29114,0,1,0,0,1,0
55820,1433,67679,107311,0,0,1,0,1,0,18,2,0,0,174990,0.6306750410019383,54387,0,0,1,0,1,0
29111,1433,21601,18390,0,0,1,0,1,0,19,2,0,0,39991,1.1745418954923603,27678,0,0,0,0,1,0
22,53,55451,73024,0,0,0,0,1,0,19,2,0,0,128475,0.7593426908592947,31,1,1,0,0,1,1
3099,443,22416,13500,0,0,0,0,0,1,19,2,0,0,35916,1.6603214576698022,2656,0,1,0,0,1,0
30495,28274,8822,29030,0,0,1,0,0,1,20,2,0,0,37852,0.30388205711136373,2221,0,0,0,0,0,0
63632,3306,3710,15263,0,0,0,0,1,0,20,2,0,0,18973,0.24305555555555555,60326,0,0,1,0,1,0
38943,22,64616,139804,0,0,1,0,1,0,20,2,0,0,204420,0.46218661707378134,38921,0,1,0,0,1,0
54887,53,64063,230627,0,0,1,0,1,0,20,2,0,0,294690,0.277776332448792,54834,0,1,1,0,1,0
18066,80,63553,263845,0,0,1,1,0,0,21,2,0,0,327398,0.24087156902132303,17986,0,1,0,0,1,0
34560,3389,43658,47901,0,0,0,0,1,0,21,2,0,0,91559,0.9114024466619348,31171,0,0,0,0,1,0
443,22,99859,135050,0,0,1,0,1,0,21,2,0,0,234909,0.7394169609999186,421,1,1,0,0,1,1
45688,22,208920,423368,0,0,1,0,1,0,21,2,0,0,632288,0.4934702351849096,45666,0,1,0,0,1,0
50059,3389,1094,4130,1,0,0,0,1,0,22,2,0,1,5224,0.26482691842168965,46670,0,0,1,0,1,0
21,1433,519,933,0,0,0,0,1,0,22,2,0,1,1452,0.5556745182012848,1412,1,0,0,0,1,1
443,3306,344109,1182426,0,0,1,0,0,1,22,2,0,1,1526535,0.2910192341683673,2863,1,0,0,0,1,1
12719,53,2576,955,0,0,1,0,0,1,22,2,0,1,3531,2.694560669456067,12666,0,1,0,0,1,0
53296,445,3873,2546,0,0,0,0,1,0,23,2,0,1,6419,1.5206124852767962,52851,0,1,1,0,1,0
35664,443,13902,49713,0,0,0,0,1,0,23,2,0,1,63615,0.27963953815826526,35221,0,1,0,0,1,0
25520,80,1561,5246,0,0,1,0,1,0,23,2,0,1,6807,0.2975033352391843,25440,0,1,0,0,1,0
55249,53,11961,17019,1,0,1,0,0,1,23,2,0,1,28980,0.7027614571092832,55196,0,1,1,0,1,0
15495,3306,4832,12835,0,0,1,0,1,0,23,2,0,1,17667,0.3764412589591773,12189,0,0,0,0,1,0
30216,22,15163,8437,0,0,0,0,1,0,23,2,0,1,23600,1.796989808011377,30194,0,1,0,0,1,0
1433,22,34466,93024,0,0,1,0,1,0,23,2,0,1,127490,0.3705025530771298,1411,0,1,0,0,1,1
58915,25,12712,38519,0,0,0,0,1,0,0,3,0,1,51231,0.3300103842159917,58890,0,1,1,0,1,0
3389,3389,11725,28924,0,1,0,0,1,0,0,3,0,1,40649,0.40535868625756266,0,0,0,0,0,1,1
64551,1433,33282,126233,0,0,1,0,1,0,0,3,0,1,159515,0.2636532154570084,63118,0,0,1,0,1,0
10887,443,117109,165575,0,0,1,0,1,0,1,3,0,1,282684,0.7072824563946466,10444,0,1,0,0,1,0
25571,3306,286284,183154,0,1,0,0,1,0,1,3,0,1,469438,1.5630695312713276,22265,0,0,0,0,1,0
18895,445,15527,52545,0,0,1,0,1,0,1,3,0,1,68072,0.2954934723860998,18450,0,1,0,0,1,0
41369,80,408326,996479,0,0,1,0,1,0,1,3,0,1,1404805,0.40976838471419397,41289,0,1,0,0,1,0
20814,21,89565,27243,0,0,0,0,1,0,1,3,0,1,116808,3.287512846865365,20793,0,1,0,0,1,0
49735,53,3068,251,0,0,1,0,1,0,1,3,0,1,3319,12.174603174603174,49682,0,1,1,0,1,0
39090,22,2927,6259,0,0,1,0,1,0,1,3,0,1,9186,0.4675718849840256,39068,0,1,0,0,1,0
27789,25,8745,7146,0,0,0,0,0,1,2,3,0,1,15891,1.2235903176157827,27764,0,1,0,0,1,0
11794,53,222207,129777,0,0,1,0,1,0,3,3,0,1,351984,1.7122085407388001,11741,0,1,0,0,1,0
47626,443,9875,24054,0,0,0,0,1,0,3,3,0,1,33929,0.4105175639160258,47183,0,1,0,0,1,0
35785,25,1066,2936,0,0,1,0,1,0,3,3,0,1,4002,0.3629553966632618,35760,0,1,0,0,1,0
22,445,15272,14955,0,0,0,0,1,0,3,3,0,1,30227,1.0211286440224658,423,1,1,0,0,1,1
22866,53,926,1954,0,0,1,0,1,0,3,3,0,1,2880,0.47365728900255755,22813,0,1,0,0,1,0
52930,3306,4072,12917,0,0,0,0,1,0,4,3,0,1,16989,0.3152190741600867,49624,0,0,1,0,1,0
16298,3306,8610,30009,0,0,1,0,1,0,4,3,0,1,38619,0.2869043652115961,12992,0,0,0,0,1,0
22,80,27986,23219,1,0,1,0,1,0,4,3,0,1,51205,1.205254091300603,58,1,1,0,0,1,1
7220,42179,113398,370003,0,0,0,0,0,1,4,3,0,1,483401,0.3064777678079156,34959,0,0,0,0,0,0
58250,1433,66877,198334,0,0,1,0,0,1,4,3,0,1,265211,0.3371921244359291,56817,0,0,1,0,1,0
16727,3389,3337,13793,0,0,1,0,0,1,4,3,0,1,17130,0.24191677540959838,13338,0,0,0,0,1,0
33855,53,12152,27034,0,0,1,0,1,0,5,3,0,1,39186,0.44949140003698906,33802,0,1,0,0,1,0
36341,80,24889,25569,1,0,1,0,0,1,5,3,0,1,50458,0.9733672272193977,36261,0,1,0,0,1,0
33709,3306,14479,4423,0,0,1,0,1,0,5,3,0,1,18902,3.272830018083183,30403,0,0,0,0,1,0
34427,25,14315,60043,0,0,1,0,1,0,5,3,0,1,74358,0.23840850043301579,34402,0,1,0,0,1,0
9198,80,1399,5570,0,0,0,0,1,0,5,3,0,1,6969,0.25112188117034645,9118,0,1,0,0,1,0
6240,1433,3482,4080,0,0,0,0,1,0,6,3,0,0,7562,0.8532222494486645,4807,0,0,0,0,1,0
62906,21,11559,18528,1,0,1,0,0,1,6,3,0,0,30087,0.6238329105726159,62885,0,1,1,0,1,0
43499,443,156,269,1,0,1,0,1,0,6,3,0,0,425,0.5777777777777777,43056,0,1,0,0,1,0
1433,445,61391,174278,0,0,1,0,1,0,6,3,0,0,235669,0.35225701318001595,988,0,1,0,0,1,1
22,445,2449,4946,0,0,0,0,1,0,7,3,0,0,7395,0.4950475035374975,423,1,1,0,0,1,1
25,443,66101,162810,0,0,1,0,0,1,7,3,0,0,228911,0.40599836620375773,418,1,1,0,0,1,1
8202,53,57426,168335,0,0,1,0,1,0,7,3,0,0,225761,0.3411391502708868,8149,0,1,0,0,1,0
62446,443,9228,33177,0,0,1,1,0,0,7,3,0,0,42405,0.27813611429260354,62003,0,1,1,0,1,0
5530,443,109193,56766,0,0,0,0,1,0,7,3,0,0,165959,1.923529515387461,5087,0,1,0,0,1,0
3389,25,72338,139060,0,0,1,0,1,0,7,3,0,0,211398,0.5201889818137364,3364,0,1,0,0,1,1
47832,80,13435,36736,0,0,1,0,1,0,8,3,0,0,50171,0.36570759724528407,47752,0,1,0,0,1,0
443,3306,11216,25911,0,0,1,0,1,0,8,3,0,0,37127,0.43284964495214573,2863,1,0,0,0,1,1
12208,49879,127461,438241,0,0,0,0,1,0,8,3,0,0,565702,0.2908461534951009,37671,0,0,0,1,0,0
38418,3389,31927,50353,0,0,1,0,1,0,8,3,0,0,82280,0.6340509194900107,35029,0,0,0,0,1,0
36642,21,117185,391318,0,0,1,0,1,0,8,3,0,0,508503,0.29946156460585865,36621,0,1,0,0,1,0
65198,1433,481,752,0,0,1,0,1,0,9,3,0,0,1233,0.6387782204515272,63765,0,0,1,0,1,0
22,1433,25785,90334,0,0,0,0,1,0,10,3,0,0,116119,0.2854375380528035,1411,1,0,0,0,1,1
1433,3389,1765,6523,1,0,1,0,1,0,10,3,0,0,8288,0.27053954629061927,1956,0,0,0,0,1,1
47239,53,21136,23736,0,0,1,0,1,0,10,3,0,0,44872,0.8904242322113156,47186,0,1,0,0,1,0
21,443,69017,82471,0,0,0,0,1,0,10,3,0,0,151488,0.8368537200504413,422,1,1,0,0,1,1
51701,25,355978,293173,0,0,1,0,1,0,10,3,0,0,649151,1.2142209063559524,51676,0,1,1,0,1,0
45451,53,4909,13425,0,0,1,0,1,0,11,3,0,0,18334,0.3656338447787874,45398,0,1,0,0,1,0
3264,22,9498,25264,1,0,1,0,1,0,11,3,0,0,34762,0.37593508806649517,3242,0,1,0,0,1,0
26585,445,18904,48653,0,0,1,0,1,0,11,3,0,0,67557,0.3885394828791055,26140,0,1,0,0,1,0
14535,22,4632,736,1,0,1,0,1,0,11,3,0,0,5368,6.284938941655359,14513,0,1,0,0,1,0
27322,443,105418,8562,0,0,1,0,0,1,11,3,0,0,113980,12.310872357818521,26879,0,1,0,0,1,0
22,1433,19689,81395,0,0,1,0,1,0,11,3,0,0,101084,0.24189149343948105,1411,1,0,0,0,1,1
7047,36875,26772,25106,0,0,0,1,0,0,11,3,0,0,51878,1.06631616680607,29828,0,0,0,0,0,0
1433,53,59413,40937,0,0,1,0,1,0,12,3,0,0,100350,1.4512921979578874,1380,0,1,0,0,1,1
29009,25,19638,60801,0,1,1,0,1,0,12,3,0,0,80439,0.3229827966185323,28984,0,1,0,0,1,0
12831,3389,5954,17146,0,0,0,0,1,0,12,3,0,0,23100,0.34723275208491283,9442,0,0,0,0,1,0
50269,1433,19913,46511,0,0,1,0,0,1,13,3,0,0,66424,0.4281260749914001,48836,0,0,1,0,1,0
55133,3306,5597,13007,1,0,0,0,1,0,14,3,0,0,18604,0.4302736777367774,51827,0,0,1,0,1,0
44336,3306,26180,64054,0,0,1,0,1,0,15,3,0,0,90234,0.4087112637577082,41030,0,0,0,0,1,0
80,443,108564,344497,0,0,1,0,0,1,15,3,0,0,453061,0.31513680776085784,363,1,1,0,0,1,1
24931,1433,3361,4530,0,0,1,0,1,0,15,3,0,0,7891,0.7417788567645112,23498,0,0,0,0,1,0
3389,25,1897,3505,0,0,0,0,1,0,15,3,0,0,5402,0.5410724472333143,3364,0,1,0,0,1,1
12700,25,23832,4856,0,0,1,0,1,0,15,3,0,0,28688,4.906732550957381,12675,0,1,0,0,1,0
5432,53,6447,14036,0,0,0,0,1,0,15,3,0,0,20483,0.45928617225902973,5379,0,1,0,0,1,1
19137,1433,23174,59311,0,0,1,0,1,0,15,3,0,0,82485,0.3907135149716752,17704,0,0,0,0,1,0
34610,3389,36777,134110,0,0,1,0,1,0,15,3,0,0,170887,0.2742280648119841,31221,0,0,0,0,1,0
9878,3389,713,2719,0,0,1,0,1,0,15,3,0,0,3432,0.2621323529411765,6489,0,0,0,0,1,0
443,1433,66420,206960,0,0,1,0,1,0,15,3,0,0,273380,0.32093003029556294,990,1,0,0,0,1,1
4348,443,3389,13588,0,0,1,0,1,0,15,3,0,0,16977,0.2493928913091471,3905,0,1,0,0,1,0
22,1433,21252,11894,0,0,1,0,1,0,15,3,0,0,33146,1.7866330390920555,1411,1,0,0,0,1,1
5657,1433,7669,24407,0,0,0,0,1,0,16,3,0,0,32076,0.3142002622091118,4224,0,0,0,0,1,0
50494,21,9107,25672,0,0,0,0,1,0,16,3,0,0,34779,0.3547306508783547,50473,0,1,1,0,1,0
65423,21,331151,604456,1,0,1,0,1,0,16,3,0,0,935607,0.5478487303480645,65402,0,1,1,0,1,0
9818,7718,36710,129405,0,0,1,0,1,0,16,3,0,0,166115,0.28368081850918814,2100,0,0,0,0,0,0
56871,80,93667,50713,0,0,1,0,1,0,17,3,0,0,144380,1.8469653350159718,56791,0,1,1,0,1,0
59122,443,28043,104920,0,0,1,0,1,0,17,3,0,0,132963,0.26727728481428886,58679,0,1,1,0,1,0
17622,80,59398,104709,0,0,1,0,0,1,18,3,0,0,164107,0.5672619616082514,17542,0,1,0,0,1,0
3306,53,42950,31282,0,0,1,0,1,0,18,3,0,0,74232,1.3729501646261548,3253,0,1,0,0,1,1
22538,53,33094,107935,0,0,0,0,1,0,18,3,0,0,141029,0.3066076193299733,22485,0,1,0,0,1,0
4598,21,129501,149603,1,0,1,0,1,0,18,3,0,0,279104,0.865625250661747,4577,0,1,0,0,1,0
25762,21,28294,118488,0,0,1,0,1,0,18,3,0,0,146782,0.23879009865894724,25741,0,1,0,0,1,0
52127,445,852763,3182982,0,0,0,0,0,1,18,3,0,0,4035745,0.26791314939476585,51682,0,1,1,0,1,0
3306,25,102421,140044,0,0,1,0,1,0,18,3,0,0,242465,0.7313434967331929,3281,0,1,0,0,1,1
37218,443,3557,10360,0,0,0,0,1,0,18,3,0,0,13917,0.34330663063410866,36775,0,1,0,0,1,0
53,445,16606,16871,0,0,1,0,1,0,19,3,0,0,33477,0.9842342342342343,392,1,1,0,0,1,1
21584,3389,41577,72973,0,0,1,0,1,0,19,3,0,0,114550,0.5697508701729384,18195,0,0,0,0,1,0
62293,3389,23651,90898,0,0,0,0,1,0,19,3,0,0,114549,0.2601898810767995,58904,0,0,1,0,1,0
2539,21,66104,210117,1,0,0,0,1,0,20,3,0,0,276221,0.3146041747970188,2518,0,1,0,0,1,0
25,445,78844,273606,0,0,1,0,1,0,20,3,0,0,352450,0.2881651419737068,420,1,1,0,0,1,1
57029,80,2501,9495,0,0,0,0,1,0,20,3,0,0,11996,0.263374052232519,56949,0,1,1,0,1,0
3389,445,171052,676964,0,0,0,0,1,0,20,3,0,0,848016,0.2526748059353142,2944,0,1,0,0,1,1
41712,445,9947,34769,0,0,1,0,1,0,20,3,0,0,44716,0.286079953983319,41267,0,1,0,0,1,0
22308,443,8489,25345,0,0,1,0,1,0,21,3,0,0,33834,0.33492464294168706,21865,0,1,0,0,1,0
41076,443,8445,20719,0,0,1,0,1,0,21,3,0,0,29164,0.4075772200772201,40633,0,1,0,0,1,0
54090,25,80315,204708,0,0,1,1,0,0,21,3,0,0,285023,0.3923374155508551,54065,0,1,1,0,1,0
21656,443,14367,17772,0,0,1,0,1,0,21,3,0,0,32139,0.8083609970179486,21213,0,1,0,0,1,0
34387,80,7618,10173,0,0,0,0,0,1,21,3,0,0,17791,0.7487713780224101,34307,0,1,0,0,1,0
51529,443,11177,36451,0,0,1,0,1,0,21,3,0,0,47628,0.30662240754965436,51086,0,1,1,0,1,0
60114,80,1246,1620,0,0,1,0,0,1,21,3,0,0,2866,0.7686613201727329,60034,0,1,1,0,1,0
80,24536,5724,17582,0,0,1,0,1,0,21,3,0,0,23306,0.3255417164306432,24456,1,0,0,0,0,1
56168,80,3031,10597,0,0,1,0,1,0,21,3,0,0,13628,0.285997357992074,56088,0,1,1,0,1,0
58126,1433,14318,6775,1,0,1,0,0,1,21,3,0,0,21093,2.1130460448642268,56693,0,0,1,0,1,0
51678,1433,63749,191701,0,0,0,0,0,1,22,3,0,1,255450,0.33254217483385673,50245,0,0,1,0,1,0
60135,22,53433,100049,0,0,1,0,1,0,22,3,0,1,153482,0.5340629685157421,60113,0,1,1,0,1,0
46101,22,164522,497114,0,0,0,0,1,0,22,3,0,1,661636,0.3309536022851855,46079,0,1,0,0,1,0
21,53,115192,179010,0,0,1,0,1,0,22,3,0,1,294202,0.6434911821061275,32,1,1,0,0,1,1
38669,80,9454,20879,0,0,0,0,0,1,22,3,0,1,30333,0.4527777777777778,38589,0,1,0,0,1,0
43301,22,22708,7828,1,0,1,0,1,0,22,3,0,1,30536,2.9004981479116108,43279,0,1,0,0,1,0
19300,21,20908,48241,0,1,1,0,1,0,22,3,0,1,69149,0.43339828365324823,19279,0,1,0,0,1,0
22766,53,705,313,0,0,1,0,1,0,22,3,0,1,1018,2.245222929936306,22713,0,1,0,0,1,0
22,22,3141,1349,0,1,1,0,1,0,22,3,0,1,4490,2.3266666666666667,0,1,1,0,0,1,1
16897,3389,16853,38431,0,0,1,0,1,0,23,3,0,1,55284,0.43851477935054123,13508,0,0,0,0,1,0
443,30682,16703,67181,0,0,0,0,1,0,23,3,0,1,83884,0.24862314310380756,30239,1,0,0,0,0,1
54678,21,49997,50726,0,0,1,0,0,1,23,3,0,1,100723,0.9856092416267471,54657,0,1,1,0,1,0
80,3306,46250,89583,0,0,0,0,1,0,23,3,0,1,135833,0.5162752277192356,3226,1,0,0,0,1,1
55779,1433,1295,1614,0,0,0,0,1,0,23,3,0,1,2909,0.8018575851393189,54346,0,0,1,0,1,0
58618,21,50501,9346,0,0,1,0,1,0,23,3,0,1,59847,5.402910024606825,58597,0,1,1,0,1,0
21620,80,29311,87640,0,0,0,0,1,0,0,4,0,1,116951,0.33444392464714,21540,0,1,0,0,1,0
10747,3389,59718,85682,0,0,1,0,1,0,0,4,0,1,145400,0.6969643920030811,7358,0,0,0,0,1,0
43535,1433,121416,466518,1,0,0,0,1,0,0,4,0,1,587934,0.2602594963977887,42102,0,0,0,0,1,0
5323,80,17525,52372,0,0,1,0,1,0,0,4,0,1,69897,0.3346189830637924,5243,0,1,0,0,1,0
64566,22,161609,564905,0,0,1,0,1,0,0,4,0,1,726514,0.2860812241328646,64544,0,1,1,0,1,0
445,25,5307,19921,0,0,1,0,1,0,0,4,0,1,25228,0.26638891677542414,420,1,1,0,0,1,1
12544,53,4850,10305,0,0,0,0,1,0,1,4,0,1,15155,0.47059965068891907,12491,0,1,0,0,1,0
53,80,43740,126770,0,0,1,0,1,0,1,4,0,1,170510,0.3450315923988925,27,1,1,0,0,1,1
30630,443,12209,44301,0,0,1,0,1,0,1,4,0,1,56510,0.27558575233623767,30187,0,1,0,0,1,0
3389,22,33476,92812,0,0,1,0,1,0,1,4,0,1,126288,0.36068223201491173,3367,0,1,0,0,1,1
10511,3389,534331,1805869,0,0,1,0,1,0,1,4,0,1,2340200,0.2958856396086097,7122,0,0,0,0,1,0
443,3389,41340,69473,0,0,1,0,1,0,2,4,0,1,110813,0.5950427498056827,2946,1,0,0,0,1,1
2772,21,30929,89097,0,0,1,0,0,1,2,4,0,1,120026,0.3471346158162922,2751,0,1,0,0,1,0
22,22,5482,15963,0,1,0,0,1,0,3,4,0,1,21445,0.3433976447005763,0,1,1,0,0,1,1
56854,1433,1451,4702,0,0,1,0,1,0,3,4,0,1,6153,0.3085264724643844,55421,0,0,1,0,1,0
49100,21,19612,76649,0,0,1,0,1,0,4,4,0,1,96261,0.2558643183300717,49079,0,1,0,0,1,0
36826,1433,121417,230116,0,0,0,0,1,0,4,4,0,1,351533,0.5276315961011138,35393,0,0,0,0,1,0
16170,445,13138,12763,1,0,1,0,1,0,4,4,0,1,25901,1.029301159511125,15725,0,1,0,0,1,0
64474,25,41870,9643,1,0,1,0,1,0,4,4,0,1,51513,4.341559518871837,64449,0,1,1,0,1,0
46933,53,215862,552192,0,0,1,0,1,0,5,4,0,1,768054,0.39091766827902563,46880,0,1,0,0,1,0
53966,445,207404,123688,0,0,0,0,1,0,5,4,0,1,331092,1.6768184721357597,53521,0,1,1,0,1,0
43177,22,43743,121776,1,0,1,0,1,0,5,4,0,1,165519,0.35920576135066556,43155,0,1,0,0,1,0
4981,21,28916,29756,0,0,1,0,1,0,6,4,0,0,58672,0.9717377423799443,4960,0,1,0,0,1,0
58450,1433,1939,4860,1,0,1,0,1,0,6,4,0,0,6799,0.39888911746554206,57017,0,0,1,0,1,0
51017,23359,8036,30805,0,0,0,0,1,0,6,4,0,0,38841,0.26085827436213727,27658,0,0,1,0,0,0
19796,1433,14055,3282,0,0,1,0,0,1,6,4,0,0,17337,4.281145293938471,18363,0,0,0,0,1,0
14493,25,5632,12415,0,0,0,0,0,1,6,4,0,0,18047,0.4536082474226804,14468,0,1,0,0,1,0
23691,1726,32778,7866,0,0,1,0,0,1,7,4,0,0,40644,4.166518367865768,21965,0,0,0,0,0,0
56691,3306,469130,1835211,1,0,1,0,0,1,7,4,0,0,2304341,0.25562714280421006,53385,0,0,1,0,1,0
42454,22,249800,1025868,0,0,0,0,1,0,7,4,0,0,1275668,0.24350087584282204,42432,0,1,0,0,1,0
24232,53,32539,40601,0,0,1,0,0,1,8,4,0,0,73140,0.8014137234618984,24179,0,1,0,0,1,0
20086,445,76656,260879,0,0,1,0,1,0,8,4,0,0,337535,0.293836246550138,19641,0,1,0,0,1,0
47923,21,6865,27712,0,0,1,0,1,0,8,4,0,0,34577,0.24771767762421967,47902,0,1,0,0,1,0
15924,1433,229244,500629,0,0,1,0,0,1,8,4,0,0,729873,0.4579110320995546,14491,0,0,0,0,1,0
59659,3389,1809,5061,0,0,1,0,1,0,9,4,0,0,6870,0.3573686290003951,56270,0,0,1,0,1,0
32725,443,94894,85222,0,0,1,1,0,0,10,4,0,0,180116,1.1134787557349541,32282,0,1,0,0,1,0
53,443,48676,143130,0,0,1,0,1,0,10,4,0,0,191806,0.34008006651249556,390,1,1,0,0,1,1
18574,25,6572,24204,0,0,1,0,1,0,11,4,0,0,30776,0.2715141499690147,18549,0,1,0,0,1,0
39382,51510,15771,30315,1,0,1,0,1,0,11,4,0,0,46086,0.5202203456920438,12128,0,0,0,1,0,0
55010,21,3587,1499,0,0,1,0,1,0,11,4,0,0,5086,2.3913333333333333,54989,0,1,1,0,1,0
28199,53,3840,5225,0,0,1,0,1,0,11,4,0,0,9065,0.7347876004592423,28146,0,1,0,0,1,0
29973,35,1645,2416,0,1,1,0,0,1,11,4,0,0,4061,0.6805957798924286,29938,0,1,0,0,0,0
61250,21,75208,55624,0,0,1,0,1,0,11,4,0,0,130832,1.3520539325842698,61229,0,1,1,0,1,0
3389,3306,151531,433197,0,0,1,0,1,0,12,4,0,0,584728,0.3497961671106515,83,0,0,0,0,1,1
65160,445,693,1781,0,0,0,0,1,0,12,4,0,0,2474,0.3888888888888889,64715,0,1,1,0,1,0
65252,21,417186,421286,1,0,1,0,1,0,12,4,0,0,838472,0.9902655434418817,65231,0,1,1,0,1,0
80,22,21607,29567,0,0,0,0,1,0,12,4,0,0,51174,0.7307562229437229,58,1,1,0,0,1,1
29300,25,35023,146255,1,0,1,0,1,0,13,4,0,0,181278,0.2394636801225249,29275,0,1,0,0,1,0
443,21,2088,881,0,0,0,0,1,0,13,4,0,0,2969,2.36734693877551,422,1,1,0,0,1,1
21571,80,182284,471188,0,0,0,0,1,0,13,4,0,0,653472,0.38685962533081203,21491,0,1,0,0,1,0
57347,3389,30345,113781,0,0,0,0,1,0,13,4,0,0,144126,0.2666942047072472,53958,0,0,1,0,1,0
28595,3306,136233,510539,0,0,1,0,1,0,13,4,0,0,646772,0.266840991890939,25289,0,0,0,0,1,0
8092,22,155340,90448,0,0,1,0,1,0,14,4,0,0,245788,1.7174319229621113,8070,0,1,0,0,1,0
6490,8312,186427,609967,0,0,1,0,1,0,14,4,0,0,796394,0.30563406604936655,1822,0,0,0,0,0,0
6017,25,7806,26936,0,0,1,0,0,1,14,4,0,0,34742,0.2897872814344582,5992,0,1,0,0,1,0
51735,3306,15792,6925,0,0,1,0,1,0,15,4,0,0,22717,2.2801039561074212,48429,0,0,1,0,1,0
51881,32545,8277,7297,0,0,1,0,1,0,15,4,0,0,15574,1.1341463414634145,19336,0,0,1,0,0,0
63433,1433,92240,67251,1,0,0,0,1,0,15,4,0,0,159491,1.3715577231903884,62000,0,0,1,0,1,0
25990,80,37519,55320,0,0,1,0,1,0,16,4,0,0,92839,0.6782053831275646,25910,0,1,0,0,1,0
80,53,121860,505320,1,0,1,0,1,0,16,4,0,0,627180,0.24115364293191852,27,1,1,0,0,1,1
80,3389,130663,365047,0,0,1,0,1,0,16,4,0,0,495710,0.3579337511779273,3309,1,0,0,0,1,1
19223,443,1389,3399,0,0,0,0,0,1,16,4,0,0,4788,0.40852941176470586,18780,0,1,0,0,1,0
443,18543,191230,674424,0,0,1,0,1,0,16,4,0,0,865654,0.2835452422433925,18100,1,0,0,0,0,1
46653,1433,100848,235633,1,0,1,0,1,0,17,4,0,0,336481,0.42798577454866443,45220,0,0,0,0,1,0
17052,21,12200,34721,0,0,1,0,1,0,17,4,0,0,46921,0.3513622487183918,17031,0,1,0,0,1,0
22,3389,38548,10641,0,0,1,0,1,0,17,4,0,0,49189,3.6222514564931405,3367,1,0,0,0,1,1
445,443,18072,9302,0,0,1,0,0,1,17,4,0,0,27374,1.942599161560787,2,1,1,0,0,1,1
62067,80,59023,244333,0,0,1,0,1,0,17,4,0,0,303356,0.2415668715774309,61987,0,1,1,0,1,0
3306,443,12158,18143,0,0,1,1,0,0,17,4,0,0,30301,0.670083774250441,2863,0,1,0,0,1,1
43667,3389,47395,105473,0,0,0,0,1,0,17,4,0,0,152868,0.44935244704856175,40278,0,0,0,0,1,0
32921,53,24530,98209,0,0,1,0,1,0,18,4,0,0,122739,0.24977089909377864,32868,0,1,0,0,1,0
23574,3389,11031,18144,0,0,1,0,1,0,18,4,0,0,29175,0.6079360705428493,20185,0,0,0,0,1,0
44621,25,29858,67765,0,0,1,0,1,0,18,4,0,0,97623,0.440604432901455,44596,0,1,0,0,1,0
39189,3389,1673372,6619093,0,0,1,0,1,0,18,4,0,0,8292465,0.25280982563474697,35800,0,0,0,0,1,0
53743,53,7355,7606,0,0,1,0,1,0,18,4,0,0,14961,0.9668726173261469,53690,0,1,1,0,1,0
20299,21,14766,58778,1,0,1,0,1,0,18,4,0,0,73544,0.25121216761088144,20278,0,1,0,0,1,0
443,1433,7562,3598,0,0,1,0,1,0,19,4,0,0,11160,2.1011392053348152,990,1,0,0,0,1,1
22876,53,8945,34959,1,0,1,0,1,0,19,4,0,0,43904,0.25586384439359267,22823,0,1,0,0,1,0
35775,22,81246,125594,0,0,1,0,1,0,19,4,0,0,206840,0.6468888092678848,35753,0,1,0,0,1,0
8282,443,69245,90165,0,0,1,0,0,1,19,4,0,0,159410,0.7679724064503249,7839,0,1,0,0,1,0
3306,3389,21820,7783,0,0,1,0,1,0,19,4,0,0,29603,2.803186022610483,83,0,0,0,0,1,1
51626,1433,113785,467784,1,0,1,0,1,0,19,4,0,0,581569,0.24324208771123487,50193,0,0,1,0,1,0
33151,3389,78394,218330,0,0,1,0,1,0,19,4,0,0,296724,0.35906032583554326,29762,0,0,0,0,1,0
14643,25,16988,51480,1,0,1,0,1,0,20,4,0,0,68468,0.3299858200112663,14618,0,1,0,0,1,0
1974,443,1892,2026,1,0,1,0,1,0,20,4,0,0,3918,0.9333991119881598,1531,0,1,0,0,1,0
26537,445,83087,327019,0,0,0,0,1,0,20,4,0,0,410106,0.25407314537337167,26092,0,1,0,0,1,0
13979,2959,28896,30290,0,0,1,0,1,0,20,4,0,0,59186,0.953946716846588,11020,0,0,0,0,0,0
3306,21,22823,27735,0,0,0,0,1,0,20,4,0,0,50558,0.8228655898471301,3285,0,1,0,0,1,1
443,3306,10449,34839,0,0,0,0,1,0,21,4,0,0,45288,0.2999138920780712,2863,1,0,0,0,1,1
80,3389,72506,191107,0,0,1,0,1,0,21,4,0,0,263613,0.37939803671222555,3309,1,0,0,0,1,1
3389,3389,38468,43069,1,1,1,0,0,1,21,4,0,0,81537,0.8931506849315068,0,0,0,0,0,1,1
55075,443,15079,12709,0,0,1,0,1,0,21,4,0,0,27788,1.1863886703383162,54632,0,1,1,0,1,0
4554,47643,3100,6860,0,0,1,0,1,0,21,4,0,0,9960,0.45182917941990963,43089,0,0,0,0,0,0
58423,3306,121623,53071,0,0,0,0,1,0,21,4,0,0,174694,2.2916603858908653,55117,0,0,1,0,1,0
8625,22,57979,137403,0,0,1,0,0,1,21,4,0,0,195382,0.4219600593869174,8603,0,1,0,0,1,0
37600,445,33144,105844,0,0,1,0,1,0,22,4,0,1,138988,0.31313713448911146,37155,0,1,0,0,1,0
61562,22,313,735,0,0,0,0,1,0,22,4,0,1,1048,0.42527173913043476,61540,0,1,1,0,1,0
5062,443,20730,62834,0,0,0,0,0,1,22,4,0,1,83564,0.329911673430413,4619,0,1,0,0,1,0
10154,445,14974,18990,0,0,1,0,1,0,22,4,0,1,33964,0.7884787530935706,9709,0,1,0,0,1,0
53471,1433,8187,3707,0,0,1,0,1,0,23,4,0,1,11894,2.207928802588997,52038,0,0,1,0,1,0
44766,3306,73627,170221,0,1,1,0,1,0,23,4,0,1,243848,0.43253515996757175,41460,0,0,0,0,1,0
36630,22,69132,153704,0,0,1,0,0,1,23,4,0,1,222836,0.4497706645847565,36608,0,1,0,0,1,0
45191,53,44307,112102,0,0,1,0,0,1,0,5,1,1,156409,0.3952347394806562,45138,0,1,0,0,1,0
57231,25,115916,13521,0,1,1,0,1,0,0,5,1,1,129437,8.572400532465611,57206,0,1,1,0,1,0
24244,25,4291,3675,1,0,1,0,1,0,1,5,1,1,7966,1.1673014145810663,24219,0,1,0,0,1,0
41691,1433,10658,18482,0,0,1,0,1,0,1,5,1,1,29140,0.5766379916680192,40258,0,0,0,0,1,0
20312,53,24826,15029,1,0,1,0,1,0,1,5,1,1,39855,1.6517631403858948,20259,0,1,0,0,1,0
26341,1433,8142,26624,0,0,1,0,1,0,2,5,1,1,34766,0.3058028169014084,24908,0,0,0,0,1,0
32948,443,70507,295176,0,0,1,0,1,0,2,5,1,1,365683,0.23886346158406652,32505,0,1,0,0,1,0
53,22,9551,17822,0,0,1,0,0,1,2,5,1,1,27373,0.5358806037143018,31,1,1,0,0,1,1
17251,445,175850,354794,0,0,0,0,1,0,2,5,1,1,530644,0.495638326357474,16806,0,1,0,0,1,0
64733,3306,4964,12424,0,0,0,0,1,0,2,5,1,1,17388,0.3995171026156942,61427,0,0,1,0,1,0
1433,80,667419,90248,0,0,1,0,1,0,2,5,1,1,757667,7.395306319183592,1353,0,1,0,0,1,1
56017,3306,566298,489901,1,0,0,0,1,0,3,5,1,1,1056199,1.1559413923601047,52711,0,0,1,0,1,0
32390,3389,18927,29546,1,0,0,0,1,0,3,5,1,1,48473,0.6405726469692354,29001,0,0,0,0,1,0
44957,22,137843,224571,0,0,1,0,1,0,3,5,1,1,362414,0.6138031455390699,44935,0,1,0,0,1,0
4789,1433,11606,11287,0,0,1,0,1,0,3,5,1,1,22893,1.0281715095676824,3356,0,0,0,0,1,0
34667,3389,111441,441038,0,0,0,0,1,0,3,5,1,1,552479,0.2526783345690517,31278,0,0,0,0,1,0
14400,80,16621,38249,0,0,1,0,1,0,3,5,1,1,54870,0.4345359477124183,14320,0,1,0,0,1,0
12304,80,2816,11548,0,0,1,0,0,1,3,5,1,1,14364,0.24383063468698588,12224,0,1,0,0,1,0
53333,3389,77,49,0,0,0,0,1,0,4,5,1,1,126,1.54,49944,0,0,1,0,1,0
58625,443,14329,39991,0,0,1,0,1,0,4,5,1,1,54320,0.3582966593318664,58182,0,1,1,0,1,0
53,22,34423,30859,0,0,0,0,1,0,4,5,1,1,65282,1.1154569021386909,31,1,1,0,0,1,1
10889,3389,185073,242508,0,0,1,0,1,0,4,5,1,1,427581,0.7631593054278398,7500,0,0,0,0,1,0
16062,80,23355,78348,0,0,0,0,1,0,5,5,1,1,101703,0.29808931830655144,15982,0,1,0,0,1,0
33880,22,109606,297749,1,0,0,0,1,0,5,5,1,1,407355,0.3681141897565071,33858,0,1,0,0,1,0
3389,3306,10654,9985,0,0,0,1,0,0,5,5,1,1,20639,1.066893651111556,83,0,0,0,0,1,1
41708,14822,12840,49184,0,0,1,0,1,0,6,5,1,0,62024,0.2610551997560232,26886,0,0,0,0,0,0
53,22,118949,29627,1,0,1,0,1,0,6,5,1,0,148576,4.014749561225868,31,1,1,0,0,1,1
36064,3306,426,374,0,0,0,0,1,0,6,5,1,0,800,1.136,32758,0,0,0,0,1,0
32806,53,22488,43959,0,0,1,0,1,0,6,5,1,0,66447,0.5115559599636033,32753,0,1,0,0,1,0
3306,3306,11615,11797,0,0,1,0,1,0,7,5,1,0,23412,0.9844888964231225,0,0,0,0,0,1,1
80,80,194264,20375,0,1,1,0,1,0,7,5,1,0,214639,9.533961523360817,0,1,1,0,0,1,1
19446,3389,9459,21852,1,0,1,0,0,1,7,5,1,0,31311,0.43284674873015144,16057,0,0,0,0,1,0
60337,3306,50339,182052,0,0,0,0,0,1,7,5,1,0,232391,0.2765073907049046,57031,0,0,1,0,1,0
56285,53,96223,175747,0,0,1,0,1,0,8,5,1,0,271970,0.547505519266222,56232,0,1,1,0,1,0
21,21,2022,8283,0,0,0,0,1,0,8,5,1,0,10305,0.24408498309995172,0,1,1,0,0,1,1
17322,3306,17623,52404,1,0,0,0,1,0,8,5,1,0,70027,0.33628470565785706,14016,0,0,0,0,1,0
22,22,11041,29623,0,1,1,0,0,1,8,5,1,0,40664,0.37270456386713474,0,1,1,0,0,1,1
45270,1433,100114,222798,0,0,0,0,1,0,8,5,1,0,322912,0.44934672058671715,43837,0,0,0,0,1,0
47023,53,64869,91411,0,0,1,0,1,0,8,5,1,0,156280,0.7096333085371723,46970,0,1,0,0,1,0
20843,80,15166,56870,0,0,1,0,1,0,8,5,1,0,72036,0.26667370012836067,20763,0,1,0,0,1,0
51601,443,4122,671,0,0,0,0,1,0,8,5,1,0,4793,6.133928571428571,51158,0,1,1,0,1,0
22383,3306,115963,414212,0,0,0,0,1,0,9,5,1,0,530175,0.2799598274317803,19077,0,0,0,0,1,0
28576,3389,19766,39005,0,0,0,0,0,1,9,5,1,0,58771,0.5067425524278316,25187,0,0,0,0,1,0
44741,3389,1653,2221,0,0,1,0,0,1,9,5,1,0,3874,0.7439243924392439,41352,0,0,0,0,1,0
19185,443,1897,2488,0,0,1,0,1,0,9,5,1,0,4385,0.7621534752912816,18742,0,1,0,0,1,0
55136,25,44365,71637,0,0,0,0,1,0,10,5,1,0,116002,0.6192942293196348,55111,0,1,1,0,1,0
11780,53,2860,1004,0,0,1,1,0,0,10,5,1,0,3864,2.845771144278607,11727,0,1,0,0,1,0
48503,80,431678,173177,0,0,1,0,1,0,10,5,1,0,604855,2.492683828199887,48423,0,1,0,0,1,0
80,80,4918,15657,0,1,1,0,1,0,10,5,1,0,20575,0.31408864478221993,0,1,1,0,0,1,1
51464,445,22013,60883,1,0,1,0,1,0,10,5,1,0,82896,0.36155640233887393,51019,0,1,1,0,1,0
25476,21,28412,87824,1,0,1,0,0,1,10,5,1,0,116236,0.32350697409621404,25455,0,1,0,0,1,0
15463,80,6856,8646,0,0,0,0,1,0,11,5,1,0,15502,0.7928761420145716,15383,0,1,0,0,1,0
1290,443,611,623,1,0,1,0,1,0,11,5,1,0,1234,0.9791666666666666,847,0,1,0,0,1,0
20976,25,29894,31662,0,0,0,1,0,0,11,5,1,0,61556,0.9441303729905568,20951,0,1,0,0,1,0
53,25,6599,1149,0,0,1,0,1,0,11,5,1,0,7748,5.7382608695652175,28,1,1,0,0,1,1
1433,3306,26541,21455,0,0,0,0,0,1,12,5,1,0,47996,1.236996644295302,1873,0,0,0,0,1,1
39292,21,18110,14968,0,0,0,0,1,0,12,5,1,0,33078,1.2098336562228607,39271,0,1,0,0,1,0
37774,80,33565,11817,0,0,1,0,1,0,12,5,1,0,45382,2.840159079370452,37694,0,1,0,0,1,0
63058,22,268066,345151,0,0,0,0,1,0,12,5,1,0,613217,0.7766607175968848,63036,0,1,1,0,1,0
5228,3389,9192,32244,0,0,1,0,1,0,12,5,1,0,41436,0.28506745231818886,1839,0,0,0,0,1,0
51707,3306,10402,42373,0,0,1,0,1,0,12,5,1,0,52775,0.24548071930901025,48401,0,0,1,0,1,0
22971,1433,1532,5097,1,0,0,0,0,1,12,5,1,0,6629,0.3005100039231071,21538,0,0,0,0,1,0
54657,3306,16118,39793,0,0,0,0,1,0,13,5,1,0,55911,0.40503593506558777,51351,0,0,1,0,1,0
43236,59214,42437,37800,0,0,1,0,0,1,13,5,1,0,80237,1.122642258141319,15978,0,0,0,1,0,0
40568,80,10161,41805,0,0,1,0,1,0,13,5,1,0,51966,0.2430512366645936,40488,0,1,0,0,1,0
65445,1433,42885,128719,1,0,1,0,1,0,13,5,1,0,171604,0.3331650093225606,64012,0,0,1,0,1,0
36911,445,16580,36060,0,0,1,0,1,0,14,5,1,0,52640,0.45977648983666564,36466,0,1,0,0,1,0
56902,53,2741,6581,0,0,1,0,1,0,14,5,1,0,9322,0.4164387724096019,56849,0,1,1,0,1,0
45840,80,36285,36956,0,0,0,0,1,0,14,5,1,0,73241,0.9818167059014531,45760,0,1,0,0,1,0
65524,53,15845,12440,0,0,1,0,0,1,14,5,1,0,28285,1.2736114460252392,65471,0,1,1,0,1,0
47740,22,26806,84858,0,0,1,0,1,0,14,5,1,0,111664,0.3158887095063576,47718,0,1,0,0,1,0
55685,22,8891,22608,0,0,1,0,1,0,14,5,1,0,31499,0.3932504754743686,55663,0,1,1,0,1,0
32629,445,7718,18251,0,1,1,0,1,0,14,5,1,0,25969,0.42285776901161515,32184,0,1,0,0,1,0
64889,3306,28335,96138,0,0,1,0,1,0,14,5,1,0,124473,0.29472950623576283,61583,0,0,1,0,1,0
51539,21,15230,3865,1,0,1,0,1,0,14,5,1,0,19095,3.9394723228142783,51518,0,1,1,0,1,0
20408,80,347613,671764,0,0,1,0,1,0,15,5,1,0,1019377,0.5174622077661086,20328,0,1,0,0,1,0
20007,3306,79060,200366,0,0,1,0,1,0,15,5,1,0,279426,0.3945759531260138,16701,0,0,0,0,1,0
47269,80,52680,20539,0,0,1,0,1,0,15,5,1,0,73219,2.5647517039922105,47189,0,1,0,0,1,0
42593,25,16581,51441,0,0,1,0,1,0,15,5,1,0,68022,0.3223241709109288,42568,0,1,0,0,1,0
41489,3306,861,2164,0,0,1,0,1,0,15,5,1,0,3025,0.3976905311778291,38183,0,0,0,0,1,0
63281,443,6050,24579,0,0,1,0,1,0,16,5,1,0,30629,0.24613506916192027,62838,0,1,1,0,1,0
34895,445,7819,30133,0,0,1,0,0,1,16,5,1,0,37952,0.2594743479126568,34450,0,1,0,0,1,0
48502,22,14186,11108,0,0,1,0,1,0,16,5,1,0,25294,1.276982626699073,48480,0,1,0,0,1,0
54460,80,20881,68668,1,0,0,0,1,0,16,5,1,0,89549,0.30408190012960723,54380,0,1,1,0,1,0
60723,80,62926,119487,1,0,1,0,1,0,16,5,1,0,182413,0.5266302892340653,60643,0,1,1,0,1,0
4238,443,34099,14640,0,0,1,1,0,0,17,5,1,0,48739,2.3290075814493547,3795,0,1,0,0,1,0
41308,80,140747,353487,0,0,1,0,1,0,17,5,1,0,494234,0.39816627438555197,41228,0,1,0,0,1,0
35714,53,13372,54895,0,0,0,0,1,0,17,5,1,0,68267,0.24358787525502767,35661,0,1,0,0,1,0
53402,21,33238,69385,0,0,1,0,1,0,17,5,1,0,102623,0.47903035194419624,53381,0,1,1,0,1,0
22,22,38183,116996,0,1,1,0,1,0,17,5,1,0,155179,0.32635879552467156,0,1,1,0,0,1,1
3389,445,32635,92354,0,0,1,0,1,0,17,5,1,0,124989,0.3533647339072059,2944,0,1,0,0,1,1
3389,443,171274,672179,1,0,1,0,1,0,18,5,1,0,843453,0.25480377279895267,2946,0,1,0,0,1,1
47031,25,79701,183737,1,0,1,0,1,0,18,5,1,0,263438,0.4337752669562094,47006,0,1,0,0,1,0
59951,43464,2667,6310,0,0,1,0,1,0,18,5,1,0,8977,0.4225954682300745,16487,0,0,1,0,0,0
36477,445,18344,5113,0,0,1,0,1,0,18,5,1,0,23457,3.5870160344153303,36032,0,1,0,0,1,0
16988,53,21539,35049,0,0,0,0,1,0,18,5,1,0,56588,0.6145221112696149,16935,0,1,0,0,1,0
20406,21,688634,2361678,0,0,1,0,1,0,18,5,1,0,3050312,0.29158662121312845,20385,0,1,0,0,1,0
20590,53,12995,40888,0,0,1,0,0,1,19,5,1,0,53883,0.3178116363814229,20537,0,1,0,0,1,0
17542,445,4573,14716,1,0,0,0,1,0,19,5,1,0,19289,0.3107290888088605,17097,0,1,0,0,1,0
43043,445,44414,146945,0,0,0,0,0,1,19,5,1,0,191359,0.3022470839628163,42598,0,1,0,0,1,0
62168,25,48784,161761,0,0,1,0,1,0,19,5,1,0,210545,0.3015788627737046,62143,0,1,1,0,1,0
23640,21,19574,55511,0,0,0,0,0,1,19,5,1,0,75085,0.3526084450208964,23619,0,1,0,0,1,0
57111,3389,15484,63377,0,0,1,0,1,0,19,5,1,0,78861,0.24431190633973934,53722,0,0,1,0,1,0
11706,30557,100533,176975,0,0,0,0,1,0,19,5,1,0,277508,0.5680600759425006,18851,0,0,0,0,0,0
26648,443,5620,8276,0,0,1,0,1,0,19,5,1,0,13896,0.6789899722121542,26205,0,1,0,0,1,0
31905,3389,12765,40811,0,0,0,0,1,0,20,5,1,0,53576,0.3127756542193473,28516,0,0,0,0,1,0
48269,443,9552,35004,0,1,1,0,1,0,20,5,1,0,44556,0.27287530352806744,47826,0,1,0,0,1,0
3389,3389,126782,437127,0,1,0,0,1,0,20,5,1,0,563909,0.290034040372614,0,0,0,0,0,1,1
17770,21,34779,95401,0,0,1,0,1,0,20,5,1,0,130180,0.36455210582587366,17749,0,1,0,0,1,0
57429,80,4007,4966,1,0,1,0,1,0,20,5,1,0,8973,0.8067243809140326,57349,0,1,1,0,1,0
53,3306,4706,7329,0,0,0,0,1,0,21,5,1,0,12035,0.642019099590723,3253,1,0,0,0,1,1
64549,3389,441292,1289750,0,0,1,0,1,0,21,5,1,0,1731042,0.3421528651654467,61160,0,0,1,0,1,0
25495,3306,124635,71051,0,0,0,0,1,0,21,5,1,0,195686,1.7541378145583517,22189,0,0,0,0,1,0
13843,21,84666,184819,0,0,1,0,1,0,21,5,1,0,269485,0.4580997727518667,13822,0,1,0,0,1,0
1970,80,22462,51408,0,0,1,0,0,1,21,5,1,0,73870,0.43692738625532496,1890,0,1,0,0,1,0
15035,3306,246115,21586,0,1,1,0,1,0,21,5,1,0,267701,11.401074720896837,11729,0,0,0,0,1,0
3389,80,3768,2177,1,0,1,0,1,0,22,5,1,1,5945,1.7300275482093663,3309,0,1,0,0,1,1
26669,445,73478,112468,0,0,1,0,0,1,22,5,1,1,185946,0.653317803127973,26224,0,1,0,0,1,0
21,25,10837,24055,0,0,1,0,1,0,23,5,1,1,34892,0.45049052211506485,4,1,1,0,0,1,1
8496,443,14790,22008,0,0,1,0,1,0,23,5,1,1,36798,0.6719978190740151,8053,0,1,0,0,1,0
42358,1433,70351,93846,0,0,0,0,0,1,23,5,1,1,164197,0.7496350442741909,40925,0,0,0,0,1,0
55612,3306,17506,11915,0,0,0,0,1,0,23,5,1,1,29421,1.4691171534071836,52306,0,0,1,0,1,0
45179,3389,10987,31221,0,0,1,0,1,0,23,5,1,1,42208,0.3518993017743898,41790,0,0,0,0,1,0
31742,27020,9974,41392,0,0,1,1,0,0,0,6,1,1,51366,0.24095861619114342,4722,0,0,0,0,0,0
3494,443,917,3507,0,0,0,0,0,1,0,6,1,1,4424,0.2614025085518814,3051,0,1,0,0,1,0
52492,3306,74691,122134,0,0,1,0,1,0,0,6,1,1,196825,0.6115446022843575,49186,0,0,1,0,1,0
27799,25,4400,11022,0,0,1,0,1,0,0,6,1,1,15422,0.3991653814750975,27774,0,1,0,0,1,0
8048,21,430824,336309,0,0,1,0,1,0,0,6,1,1,767133,1.2810323808391069,8027,0,1,0,0,1,0
25816,80,13902,9592,1,0,0,0,1,0,0,6,1,1,23494,1.4491816949859273,25736,0,1,0,0,1,0
35476,3389,178993,588331,0,0,0,0,1,0,0,6,1,1,767324,0.3042380832591122,32087,0,0,0,0,1,0
52458,49967,1218,3793,0,0,0,0,1,0,0,6,1,1,5011,0.3210332103321033,2491,0,0,1,1,0,0
42179,21,70995,77711,0,0,0,0,0,1,1,6,1,1,148706,0.9135654725138974,42158,0,1,0,0,1,0
36913,1433,107118,87794,0,0,0,0,0,1,1,6,1,1,194912,1.2200922603792927,35480,0,0,0,0,1,0
27754,1617,177318,649465,0,0,1,0,1,0,1,6,1,1,826783,0.2730212205103885,26137,0,0,0,0,0,0
35744,3389,1910,5123,0,0,1,0,1,0,1,6,1,1,7033,0.37275565964090557,32355,0,0,0,0,1,0
65519,3389,7155,4278,0,0,1,0,1,0,1,6,1,1,11433,1.6721196541247956,62130,0,0,1,0,1,0
15843,443,55404,228637,1,0,1,0,1,0,2,6,1,1,284041,0.24232192373971082,15400,0,1,0,0,1,0
60653,3306,27931,80710,0,0,0,0,1,0,2,6,1,1,108641,0.34606187508518044,57347,0,0,1,0,1,0
13001,22,35220,15366,0,0,1,0,1,0,2,6,1,1,50586,2.291924253269994,12979,0,1,0,0,1,0
18284,53,12376,8665,0,0,1,0,1,0,3,6,1,1,21041,1.4281098546042004,18231,0,1,0,0,1,0
62378,25,263360,1093370,0,0,1,0,0,1,3,6,1,1,1356730,0.24086975052383866,62353,0,1,1,0,1,0
41904,3306,1430514,805784,0,0,1,0,1,0,3,6,1,1,2236298,1.7753048269699734,38598,0,0,0,0,1,0
18161,53,26013,39887,0,0,1,0,1,0,3,6,1,1,65900,0.6521510228640193,18108,0,1,0,0,1,0
62772,445,45500,33797,0,0,0,0,1,0,4,6,1,1,79297,1.3462335049411207,62327,0,1,1,0,1,0
59645,80,24100,17755,0,0,0,0,1,0,4,6,1,1,41855,1.3572876774048208,59565,0,1,1,0,1,0
48986,21,171868,150515,0,0,1,0,0,1,4,6,1,1,322383,1.141858672832124,48965,0,1,0,0,1,0
22,445,82999,199004,0,0,1,0,1,0,4,6,1,1,282003,0.41706992286625966,423,1,1,0,0,1,1
40589,443,3998,10793,1,0,1,0,1,0,4,6,1,1,14791,0.3703909579395961,40146,0,1,0,0,1,0
5349,202,818,2622,0,1,0,0,1,0,4,6,1,1,3440,0.3118566526877621,5147,0,1,0,0,0,0
54455,53,4381,17528,0,0,1,0,1,0,5,6,1,1,21909,0.24992868960009126,54402,0,1,1,0,1,0
60782,1433,1642476,3559290,0,0,1,1,0,0,5,6,1,1,5201766,0.46146156636251434,59349,0,0,1,0,1,0
36265,445,60870,163001,1,0,1,0,1,0,5,6,1,1,223871,0.3734310008466154,35820,0,1,0,0,1,0
21,3306,8492,3547,1,0,1,0,1,0,6,6,1,0,12039,2.3934611048478014,3285,1,0,0,0,1,1
80,80,7473,21053,0,1,0,0,1,0,6,6,1,0,28526,0.3549444286121402,0,1,1,0,0,1,1
51701,22,79887,172858,0,0,1,0,1,0,6,6,1,0,252745,0.46215123308592554,51679,0,1,1,0,1,0
38568,445,93701,180311,0,0,1,0,1,0,6,6,1,0,274012,0.5196603664758862,38123,0,1,0,0,1,0
27279,445,78981,316492,0,0,1,0,1,0,6,6,1,0,395473,0.24955054298199328,26834,0,1,0,0,1,0
53,80,11149,20266,0,0,1,0,1,0,6,6,1,0,31415,0.5501060837815167,27,1,1,0,0,1,1
55480,56383,35930,33444,0,0,0,0,0,1,7,6,1,0,69374,1.0743010913439976,903,0,0,1,1,0,0
61838,80,26303,37143,0,0,1,0,1,0,7,6,1,0,63446,0.7081359035106612,61758,0,1,1,0,1,0
41399,21,4924,2213,0,0,1,0,1,0,7,6,1,0,7137,2.2240289069557364,41378,0,1,0,0,1,0
37123,22,5002,15237,0,0,1,0,0,1,7,6,1,0,20239,0.3282583016143851,37101,0,1,0,0,1,0
38248,445,42580,82162,0,0,1,0,1,0,7,6,1,0,124742,0.518238136387425,37803,0,1,0,0,1,0
7509,80,30161,61642,1,0,1,0,1,0,8,6,1,0,91803,0.4892850769754879,7429,0,1,0,0,1,0
26767,1433,53389,13816,0,0,0,0,1,0,8,6,1,0,67205,3.8640081059564304,25334,0,0,0,0,1,0
27436,21,78091,128089,0,0,1,0,1,0,9,6,1,0,206180,0.609657272230463,27415,0,1,0,0,1,0
44935,80,242561,30871,0,0,1,0,1,0,10,6,1,0,273432,7.85699015288935,44855,0,1,0,0,1,0
14111,80,6364,19788,1,0,0,0,1,0,10,6,1,0,26152,0.32159280408307644,14031,0,1,0,0,1,0
15126,53,60377,119261,0,0,1,0,1,0,11,6,1,0,179638,0.5062551357515386,15073,0,1,0,0,1,0
13466,3610,73036,176527,0,1,1,0,1,0,11,6,1,0,249563,0.41373606453367173,9856,0,0,0,0,0,0
53985,53,13367,26992,0,0,1,0,0,1,11,6,1,0,40359,0.49520245989701034,53932,0,1,1,0,1,0
14925,443,26768,34333,0,0,1,0,1,0,11,6,1,0,61101,0.7796353468864682,14482,0,1,0,0,1,0
34320,80,13925,26929,0,0,0,0,0,1,11,6,1,0,40854,0.5170813219457854,34240,0,1,0,0,1,0
53231,1433,642900,751338,0,0,1,0,1,0,11,6,1,0,1394238,0.8556723396496122,51798,0,0,1,0,1,0
6599,445,26049,35948,0,0,1,0,1,0,11,6,1,0,61997,0.7246098639739631,6154,0,1,0,0,1,0
80,80,45361,128497,0,1,1,0,1,0,12,6,1,0,173858,0.3530093853600834,0,1,1,0,0,1,1
33511,3389,14438,9260,0,0,1,0,1,0,12,6,1,0,23698,1.5590109059496815,30122,0,0,0,0,1,0
62750,25,10224,2584,0,0,1,0,1,0,12,6,1,0,12808,3.9551257253384913,62725,0,1,1,0,1,0
1433,1433,2742,4453,0,0,1,0,0,1,12,6,1,0,7195,0.615626403233049,0,0,0,0,0,1,1
49010,21,128000,43370,0,0,1,0,1,0,12,6,1,0,171370,2.951280809757672,48989,0,1,0,0,1,0
25,21,75319,22532,0,0,0,0,1,0,12,6,1,0,97851,3.3426086184706874,4,1,1,0,0,1,1
59394,22,13605,27371,0,0,0,0,1,0,12,6,1,0,40976,0.4970407715914073,59372,0,1,1,0,1,0
48066,25,57278,175891,0,1,1,0,1,0,12,6,1,0,233169,0.32564300820958314,48041,0,1,0,0,1,0
53033,25,29373,79337,0,0,1,0,1,0,13,6,1,0,108710,0.3702261211525372,53008,0,1,1,0,1,0
48284,80,9933,17814,0,0,0,0,0,1,13,6,1,0,27747,0.5575638506876228,48204,0,1,0,0,1,0
1433,445,15440,8669,0,0,1,1,0,0,14,6,1,0,24109,1.7808535178777394,988,0,1,0,0,1,1
23255,1433,2916,3900,0,0,1,0,1,0,14,6,1,0,6816,0.7475006408613176,21822,0,0,0,0,1,0
44971,22,31173,83222,0,0,1,0,1,0,14,6,1,0,114395,0.37457193323960924,44949,0,1,0,0,1,0
53,53,32183,43011,1,0,0,0,1,0,15,6,1,0,75194,0.748233051241514,0,1,1,0,0,1,1
16434,80,126951,99970,0,0,1,0,1,0,15,6,1,0,226921,1.2698782646967621,16354,0,1,0,0,1,0
2109,53,17306,47466,0,0,1,0,1,0,15,6,1,0,64772,0.3645901363052226,2056,0,1,0,0,1,0
13927,443,12917,47636,0,0,1,0,0,1,16,6,1,0,60553,0.27115477464995696,13484,0,1,0,0,1,0
24488,3389,1824,381,0,0,1,0,0,1,16,6,1,0,2205,4.774869109947644,21099,0,0,0,0,1,0
17841,21,128224,80217,0,0,1,0,0,1,16,6,1,0,208441,1.5984442394475056,17820,0,1,0,0,1,0
7248,25,91905,366252,1,0,1,0,1,0,16,6,1,0,458157,0.25093309815892295,7223,0,1,0,0,1,0
45101,3306,23062,4765,0,0,1,0,1,0,16,6,1,0,27827,4.838858581619807,41795,0,0,0,0,1,0
58555,25,2626,3861,0,0,0,0,1,0,16,6,1,0,6487,0.6799585706887623,58530,0,1,1,0,1,0
9577,22,3155,12035,0,0,1,0,1,0,16,6,1,0,15190,0.2621302758391492,9555,0,1,0,0,1,0
15686,445,9178,8270,0,0,1,0,1,0,17,6,1,0,17448,1.1096602587353404,15241,0,1,0,0,1,0
58666,53,103193,36555,1,0,1,0,1,0,17,6,1,0,139748,2.8228744939271255,58613,0,1,1,0,1,0
56181,445,35050,60191,0,0,1,0,1,0,17,6,1,0,95241,0.5823032961190856,55736,0,1,1,0,1,0
21628,1433,2019,273,0,0,1,0,1,0,17,6,1,0,2292,7.368613138686132,20195,0,0,0,0,1,0
42175,3306,42055,134686,0,0,1,0,1,0,17,6,1,0,176741,0.312242458440681,38869,0,0,0,0,1,0
10621,53143,5752,20323,1,0,1,0,0,1,17,6,1,0,26075,0.2830151544971462,42522,0,0,0,1,0,0
12471,3389,9551,18014,0,0,0,0,1,0,17,6,1,0,27565,0.5301693033583125,9082,0,0,0,0,1,0
445,25,104274,78676,1,0,1,0,1,0,17,6,1,0,182950,1.3253428575060056,420,1,1,0,0,1,1
56186,25,74967,207631,0,0,1,0,0,1,17,6,1,0,282598,0.36105706249518377,56161,0,1,1,0,1,0
1433,443,126621,492244,0,0,1,0,1,0,18,6,1,0,618865,0.2572316630945972,990,0,1,0,0,1,1
14953,25,21226,77914,0,0,1,0,1,0,18,6,1,0,99140,0.2724250786113072,14928,0,1,0,0,1,0
12421,1433,90475,13223,0,0,1,0,1,0,19,6,1,0,103698,6.841727162734422,10988,0,0,0,0,1,0
46867,3389,8622,7316,0,0,0,0,1,0,19,6,1,0,15938,1.1783517835178352,43478,0,0,0,0,1,0
31595,3306,14587,36101,0,0,1,0,1,0,19,6,1,0,50688,0.40404963713921666,28289,0,0,0,0,1,0
29192,445,13068,48165,0,0,1,0,0,1,19,6,1,0,61233,0.2713117136569364,28747,0,1,0,0,1,0
3306,14759,22883,47675,0,0,1,0,0,1,20,6,1,0,70558,0.4799689571272758,11453,0,0,0,0,0,1
42257,80,2811,1289,0,0,0,0,1,0,20,6,1,0,4100,2.1790697674418604,42177,0,1,0,0,1,0
16957,29627,15367,20475,1,0,0,0,1,0,20,6,1,0,35842,0.7504883766360617,12670,0,0,0,0,0,0
3389,53,224729,480486,0,0,1,0,0,1,20,6,1,0,705215,0.4677108849979292,3336,0,1,0,0,1,1
43344,443,3835,310,0,0,1,0,1,0,20,6,1,0,4145,12.331189710610932,42901,0,1,0,0,1,0
55323,1433,2625,9848,0,0,1,0,1,0,21,6,1,0,12473,0.26652452025586354,53890,0,0,1,0,1,0
3389,3389,2987,12337,1,1,0,0,0,1,21,6,1,0,15324,0.24209758469768194,0,0,0,0,0,1,1
36764,1433,1558095,4964862,0,0,0,0,0,1,21,6,1,0,6522957,0.3138243693733342,35331,0,0,0,0,1,0
26494,26416,46340,78937,0,0,1,0,0,1,21,6,1,0,125277,0.5870429957688312,78,0,0,0,0,0,0
15929,22,14293,25757,0,0,0,0,1,0,21,6,1,0,40050,0.5548955664259647,15907,0,1,0,0,1,0
55620,80,24570,22721,0,0,1,0,1,0,22,6,1,1,47291,1.0813308687615526,55540,0,1,1,0,1,0
59122,25,31704,20842,0,0,1,0,0,1,22,6,1,1,52546,1.5210862159957779,59097,0,1,1,0,1,0
35048,22,7905,30609,1,0,0,0,1,0,22,6,1,1,38514,0.25824893825547207,35026,0,1,0,0,1,0
22,1433,9628,2233,0,0,0,0,0,1,22,6,1,1,11861,4.309758281110116,1411,1,0,0,0,1,1
21,3306,17114,66619,0,0,1,0,1,0,23,6,1,1,83733,0.2568898228760132,3285,1,0,0,0,1,1
2634,3306,6907,13090,0,0,1,0,0,1,23,6,1,1,19997,0.5276143915667252,672,0,0,0,0,1,0
32066,1433,11671,33795,0,0,1,0,1,0,23,6,1,1,45466,0.34533672623979167,30633,0,0,0,0,1,0
15325,21,38752,118858,0,0,1,0,1,0,23,6,1,1,157610,0.326033367267098,15304,0,1,0,0,1,0
46607,443,4467,10483,1,0,1,0,1,0,0,0,0,1,14950,0.4260778328882106,46164,0,1,0,0,1,0
31736,445,1433915,741244,1,0,0,0,1,0,0,0,0,1,2175159,1.9344683606634783,31291,0,1,0,0,1,0
62897,21,73500,188761,0,0,1,0,1,0,0,0,0,1,262261,0.38937921827486466,62876,0,1,1,0,1,0
50173,1433,2886,6911,0,0,1,0,1,0,1,0,0,1,9797,0.4175347222222222,48740,0,0,1,0,1,0
445,80,417,1086,0,0,0,0,0,1,1,0,0,1,1503,0.38362465501379944,365,1,1,0,0,1,1
8233,445,7331,27051,0,0,1,0,1,0,2,0,0,1,34382,0.27099659914239244,7788,0,1,0,0,1,0
21138,80,65839,55557,0,0,0,0,1,0,2,0,0,1,121396,1.1850498578062565,21058,0,1,0,0,1,0
41702,21,48278,15987,0,0,1,0,1,0,2,0,0,1,64265,3.019639729797348,41681,0,1,0,0,1,0
45572,25,18446,76538,0,0,1,0,0,1,2,0,0,1,94984,0.2410013195887064,45547,0,1,0,0,1,0
19971,21,8414,30118,0,0,0,0,1,0,2,0,0,1,38532,0.2793585444403865,19950,0,1,0,0,1,0
49679,21,5184,15365,0,0,1,0,1,0,2,0,0,1,20549,0.3373682155408044,49658,0,1,1,0,1,0
62787,443,11566,40659,0,0,1,0,0,1,2,0,0,1,52225,0.2844564682734875,62344,0,1,1,0,1,0
47593,80,4359,17846,0,0,1,0,1,0,3,0,0,1,22205,0.24424272987056647,47513,0,1,0,0,1,0
25418,3389,11635,18790,0,0,0,0,1,0,3,0,0,1,30425,0.6191793943909318,22029,0,0,0,0,1,0
54250,3306,185261,620814,0,0,0,0,1,0,3,0,0,1,806075,0.29841579214419756,50944,0,0,1,0,1,0
30251,443,6412,15938,0,0,1,0,1,0,4,0,0,1,22350,0.40228370663153273,29808,0,1,0,0,1,0
28987,25,58536,227165,0,0,1,0,1,0,4,0,0,1,285701,0.2576794062491746,28962,0,1,0,0,1,0
55204,1433,74718,210875,1,0,1,0,0,1,4,0,0,1,285593,0.35432197120582715,53771,0,0,1,0,1,0
3389,53,3915,3007,0,0,1,0,0,1,4,0,0,1,6922,1.3015292553191489,3336,0,1,0,0,1,1
63977,53,5713,14563,0,0,1,0,1,0,5,0,0,1,20276,0.3922686075254051,63924,0,1,1,0,1,0
14832,3306,121821,476680,0,0,0,0,1,0,5,0,0,1,598501,0.25556084677174046,11526,0,0,0,0,1,0
8611,21,5007,8711,0,0,1,0,1,0,5,0,0,1,13718,0.574724517906336,8590,0,1,0,0,1,0
25535,80,20090,67020,0,0,1,0,1,0,5,0,0,1,87110,0.29975679264708077,25455,0,1,0,0,1,0
48574,22,576064,1029763,0,0,1,0,1,0,5,0,0,1,1605827,0.5594136132162321,48552,0,1,0,0,1,0
38998,25,105633,257116,0,0,0,0,0,1,6,0,0,0,362749,0.4108363118735828,38973,0,1,0,0,1,0
25,1433,25244,86206,0,0,1,0,1,0,6,0,0,0,111450,0.2928300486039417,1408,1,0,0,0,1,1
53,3306,84555,336210,1,0,1,0,1,0,6,0,0,0,420765,0.25149385356219756,3253,1,0,0,0,1,1
31351,21,20141,47919,0,0,0,0,1,0,6,0,0,0,68060,0.42030467445742903,31330,0,1,0,0,1,0
50278,443,112327,462913,0,0,1,0,1,0,6,0,0,0,575240,0.24265198287370873,49835,0,1,1,0,1,0
45876,25,833,330,0,0,1,0,1,0,6,0,0,0,1163,2.516616314199396,45851,0,1,0,0,1,0
22,22,17626,55440,0,1,1,0,1,0,7,0,0,0,73066,0.3179235583773741,0,1,1,0,0,1,1
25,3389,782,3249,0,0,1,0,1,0,7,0,0,0,4031,0.24061538461538462,3364,1,0,0,0,1,1
10148,443,28514,98604,0,0,1,0,1,0,7,0,0,0,127118,0.28917397697885505,9705,0,1,0,0,1,0
31333,21,15094,58483,0,0,0,0,1,0,8,0,0,0,73577,0.25808768210108746,31312,0,1,0,0,1,0
41639,445,194301,88779,0,0,1,0,1,0,8,0,0,0,283080,2.188567244874972,41194,0,1,0,0,1,0
3776,21,68797,41006,0,0,0,0,0,1,8,0,0,0,109803,1.6776891750188991,3755,0,1,0,0,1,0
60551,25,9492,17066,0,0,1,0,0,1,9,0,0,0,26558,0.556161012480225,60526,0,1,1,0,1,0
53,3389,11499,29679,0,0,1,0,1,0,9,0,0,0,41178,0.38743261455525607,3336,1,0,0,0,1,1
26192,443,40502,140427,0,0,0,0,1,0,10,0,0,0,180929,0.288418264163842,25749,0,1,0,0,1,0
46387,53,8812,23548,0,0,1,0,0,1,10,0,0,0,32360,0.3741984797655951,46334,0,1,0,0,1,0
1433,22,20914,17344,0,0,1,0,1,0,10,0,0,0,38258,1.2057653502450274,1411,0,1,0,0,1,1
32919,1433,181084,701369,0,0,1,0,1,0,10,0,0,0,882453,0.25818612144802316,31486,0,0,0,0,1,0
6955,22,5845,2252,0,0,0,0,1,0,10,0,0,0,8097,2.594318686196183,6933,0,1,0,0,1,0
2258,445,10761,28400,0,0,1,0,1,0,11,0,0,0,39161,0.3788951093271364,1813,0,1,0,0,1,0
1433,25,13468,35736,0,0,1,0,1,0,11,0,0,0,49204,0.37686431429610767,1408,0,1,0,0,1,1
21,1433,3446664,12056797,1,0,1,0,1,0,11,0,0,0,15503461,0.28586893468730257,1412,1,0,0,0,1,1
1513,25,58290,29303,0,0,0,0,0,1,11,0,0,0,87593,1.9891482391482391,1488,0,1,0,0,1,0
55738,3306,134767,278622,1,0,0,0,1,0,11,0,0,0,413389,0.48368942980299545,52432,0,0,1,0,1,0
10088,21,75282,98269,1,0,1,0,1,0,11,0,0,0,173551,0.7660730640073268,10067,0,1,0,0,1,0
12110,22,83837,209496,0,0,1,0,0,1,12,0,0,0,293333,0.4001823415132436,12088,0,1,0,0,1,0
48297,445,46991,193769,0,0,1,0,0,1,12,0,0,0,240760,0.2425091603447386,47852,0,1,0,0,1,0
37981,445,39514,106992,0,0,1,0,0,1,12,0,0,0,146506,0.36931388034731244,37536,0,1,0,0,1,0
23623,53,2162,4153,0,0,1,0,0,1,12,0,0,0,6315,0.5204622051035147,23570,0,1,0,0,1,0
52855,445,39049,119119,0,0,0,0,1,0,12,0,0,0,158168,0.32781229012760243,52410,0,1,1,0,1,0
45458,3306,18520,39599,0,0,1,0,0,1,12,0,0,0,58119,0.4676767676767677,42152,0,0,0,0,1,0
10537,80,52718,159026,0,0,0,0,1,0,12,0,0,0,211744,0.33150345538807874,10457,0,1,0,0,1,0
58138,25,19665,26544,0,0,1,0,1,0,12,0,0,0,46209,0.7408174797513656,58113,0,1,1,0,1,0
35437,25,74687,154537,0,0,0,0,1,0,13,0,0,0,229224,0.48329213526770115,35412,0,1,0,0,1,0
16598,3306,99100,241107,1,0,0,0,1,0,13,0,0,0,340207,0.4110191283574166,13292,0,0,0,0,1,0
45873,443,208,425,1,0,0,0,0,1,13,0,0,0,633,0.48826291079812206,45430,0,1,0,0,1,0
22,22,11001,35761,0,1,1,0,1,0,13,0,0,0,46762,0.30761702365639504,0,1,1,0,0,1,1
59208,445,1127,3200,0,0,0,0,1,0,13,0,0,0,4327,0.352077475788816,58763,0,1,1,0,1,0
7411,21757,28803216,103050895,1,1,1,0,1,0,13,0,0,0,131854111,0.27950476044381023,14346,0,0,0,0,0,0
61928,80,13614,54406,0,0,0,0,1,0,13,0,0,0,68020,0.2502251548513978,61848,0,1,1,0,1,0
21,21,192783,73442,0,0,1,0,1,0,14,0,0,0,266225,2.624933621992566,0,1,1,0,0,1,1
40394,443,30686,104432,0,0,1,0,1,0,14,0,0,0,135118,0.2938343243993757,39951,0,1,0,0,1,0
27057,22,10128,5072,0,0,0,0,0,1,14,0,0,0,15200,1.9964518036664696,27035,0,1,0,0,1,0
20824,80,98885,174159,0,0,0,0,1,0,15,0,0,0,273044,0.5677824988516307,20744,0,1,0,0,1,0
3306,22,13238,53897,0,0,1,0,1,0,15,0,0,0,67135,0.24561208208096774,3284,0,1,0,0,1,1
10347,3306,9928,34812,0,0,1,0,1,0,15,0,0,0,44740,0.28518082325568034,7041,0,0,0,0,1,0
64941,80,41348,75768,0,0,1,0,1,0,15,0,0,0,117116,0.5457113067349444,64861,0,1,1,0,1,0
4306,22,290905,116975,0,0,1,0,1,0,16,0,0,0,407880,2.4868776501162633,4284,0,1,0,0,1,0
49623,3389,86308,199750,0,0,1,0,1,0,16,0,0,0,286058,0.43207793703160435,46234,0,0,1,0,1,0
23873,3389,54561,139037,0,0,1,0,1,0,16,0,0,0,193598,0.39241790014240713,20484,0,0,0,0,1,0
5367,21,1796799,4508616,0,0,1,0,1,0,16,0,0,0,6305415,0.398525534548621,5346,0,1,0,0,1,0
53,53,6823,23311,0,0,1,0,1,0,17,0,0,0,30134,0.2926818805765271,0,1,1,0,0,1,1
7030,22,6584,18179,0,0,1,0,1,0,17,0,0,0,24763,0.36215621562156214,7008,0,1,0,0,1,0
63394,22,27803,13031,0,0,1,0,1,0,17,0,0,0,40834,2.1334407612031923,63372,0,1,1,0,1,0
443,445,248709,192286,1,0,1,0,1,0,17,0,0,0,440995,1.2934259726346555,2,1,1,0,0,1,1
14327,80,4881,4754,0,0,1,0,1,0,17,0,0,0,9635,1.0264984227129337,14247,0,1,0,0,1,0
50289,443,364877,390240,0,0,1,0,0,1,17,0,0,0,755117,0.9350042665942327,49846,0,1,1,0,1,0
62058,53,2202,7510,0,0,1,0,1,0,18,0,0,0,9712,0.29317001730794834,62005,0,1,1,0,1,0
20680,445,18143,70201,0,0,1,0,1,0,18,0,0,0,88344,0.2584399304863109,20235,0,1,0,0,1,0
58515,80,29072,87336,0,0,0,0,1,0,19,0,0,0,116408,0.3328715206613463,58435,0,1,1,0,1,0
11281,445,5365,21955,0,0,0,0,1,0,19,0,0,0,27320,0.2443523410457278,10836,0,1,0,0,1,0
52868,3306,8152,30134,0,0,1,0,1,0,19,0,0,0,38286,0.2705160112825618,49562,0,0,1,0,1,0
30845,53,78795,319388,0,0,1,0,0,1,20,0,0,0,398183,0.2467054281769253,30792,0,1,0,0,1,0
53043,3306,221126,280938,0,0,1,0,0,1,20,0,0,0,502064,0.787096131188621,49737,0,0,1,0,1,0
9354,22,747,1014,0,0,0,0,0,1,20,0,0,0,1761,0.7359605911330049,9332,0,1,0,0,1,0
36372,1433,29389,34286,1,0,1,0,0,1,20,0,0,0,63675,0.8571470236532797,34939,0,0,0,0,1,0
21,3389,18374,37051,1,0,1,0,1,0,21,0,0,0,55425,0.49589765734643204,3368,1,0,0,0,1,1
11194,3306,26156,92280,0,0,1,0,1,0,21,0,0,0,118436,0.2834386276698345,7888,0,0,0,0,1,0
65244,3306,13268,40507,0,0,1,0,1,0,21,0,0,0,53775,0.32754023896514267,61938,0,0,1,0,1,0
55229,80,2793,9306,0,0,0,0,0,1,21,0,0,0,12099,0.3000967014075427,55149,0,1,1,0,1,0
25,22,259802,244660,0,0,1,0,1,0,21,0,0,0,504462,1.0618856295036807,3,1,1,0,0,1,1
37475,1433,140776,252078,0,0,1,0,1,0,21,0,0,0,392854,0.5584598479048235,36042,0,0,0,0,1,0
25372,443,18650,69944,1,0,0,0,1,0,21,0,0,0,88594,0.2666380727714633,24929,0,1,0,0,1,0
10033,22,10083,4490,0,0,1,0,0,1,22,0,0,1,14573,2.2451569806279226,10011,0,1,0,0,1,0
34837,21802,8307,30151,0,0,1,0,1,0,22,0,0,1,38458,0.2755041124966835,13035,0,0,0,0,0,0
80,3389,351,524,0,0,0,0,1,0,22,0,0,1,875,0.6685714285714286,3309,1,0,0,0,1,1
19155,25,38797,148308,0,0,1,0,0,1,22,0,0,1,187105,0.261595722444356,19130,0,1,0,0,1,0
31807,445,76766,21351,1,0,1,0,1,0,22,0,0,1,98117,3.5952603971524915,31362,0,1,0,0,1,0
14363,21,27464,98667,0,0,1,1,0,0,22,0,0,1,126131,0.2783475898974338,14342,0,1,0,0,1,0
9071,443,19184,50173,0,0,0,0,1,0,23,0,0,1,69357,0.3823494240044645,8628,0,1,0,0,1,0
80,53,27266,24144,0,0,0,0,1,0,23,0,0,1,51410,1.1292607165044524,27,1,1,0,0,1,1
17857,1433,5624,12448,0,0,1,0,0,1,23,0,0,1,18072,0.4517631938308298,16424,0,0,0,0,1,0
28421,80,9904,25653,0,0,1,0,1,0,23,0,0,1,35557,0.3860606533094254,28341,0,1,0,0,1,0
44666,1433,16879,32286,1,0,1,0,1,0,23,0,0,1,49165,0.5227800662805463,43233,0,0,0,0,1,0
52667,1433,67149,60055,0,0,1,0,1,0,0,1,0,1,127204,1.118106433994938,51234,0,0,1,0,1,0
19329,22,200020,30049,0,0,1,0,1,0,0,1,0,1,230069,6.6562396006655575,19307,0,1,0,0,1,0
26987,25,15265,41806,1,1,1,0,1,0,0,1,0,1,57071,0.36513024134714284,26962,0,1,0,0,1,0
64389,1433,4139,7365,0,0,0,0,1,0,0,1,0,1,11504,0.5619060548465925,62956,0,0,1,0,1,0
53,80,23319,67684,0,0,1,0,1,0,0,1,0,1,91003,0.3445224200339809,27,1,1,0,0,1,1
17837,80,550391,1650272,0,0,0,0,0,1,0,1,0,1,2200663,0.33351512143748335,17757,0,1,0,0,1,0
53,443,4757,7218,0,0,0,0,1,0,0,1,0,1,11975,0.6589555340074803,390,1,1,0,0,1,1
37960,25,90884,347172,0,0,1,0,1,0,0,1,0,1,438056,0.26178303036238415,37935,0,1,0,0,1,0
62537,3389,186752,103260,0,0,0,0,1,0,0,1,0,1,290012,1.808543399734653,59148,0,0,1,0,1,0
3306,445,12381,26863,0,0,0,0,1,0,1,1,0,1,39244,0.4608770101250744,2861,0,1,0,0,1,1
4870,1433,7178,24634,1,0,0,0,0,1,1,1,0,1,31812,0.2913740612949056,3437,0,0,0,0,1,0
35277,80,55266,99247,0,0,1,0,1,0,1,1,0,1,154513,0.5568474931484766,35197,0,1,0,0,1,0
15634,21,38760,80555,0,0,1,0,0,1,1,1,0,1,119315,0.48115596603604943,15613,0,1,0,0,1,0
45498,25,66945,191455,0,0,0,0,1,0,2,1,0,1,258400,0.3496625856593682,45473,0,1,0,0,1,0
1988,443,608002,305307,0,0,1,0,1,0,2,1,0,1,913309,1.99143815425734,1545,0,1,0,0,1,0
48786,80,28775,2588,0,0,0,0,1,0,2,1,0,1,31363,11.114329857087679,48706,0,1,0,0,1,0
3616,21,3269,7155,0,0,1,0,1,0,2,1,0,1,10424,0.4568194522079374,3595,0,1,0,0,1,0
5874,3306,24504,94669,0,0,0,0,1,0,2,1,0,1,119173,0.25883595648040564,2568,0,0,0,0,1,0
445,3389,32418,119747,0,0,1,0,1,0,2,1,0,1,152165,0.2707185088686241,2944,1,0,0,0,1,1
56763,3389,167287,682201,0,0,1,0,1,0,3,1,0,1,849488,0.24521622627901998,53374,0,0,1,0,1,0
14429,22,16077,3774,0,0,1,0,0,1,3,1,0,1,19851,4.258807947019868,14407,0,1,0,0,1,0
443,80,11447,8819,0,0,0,0,1,0,3,1,0,1,20266,1.297845804988662,363,1,1,0,0,1,1
21744,3389,2455,9530,0,1,1,0,1,0,4,1,0,1,11985,0.2575805267023397,18355,0,0,0,0,1,0
445,445,52884,51937,0,0,0,0,1,0,4,1,0,1,104821,1.018214024413724,0,1,1,0,0,1,1
47893,53,4672157,17064465,0,0,1,0,1,0,4,1,0,1,21736622,0.2737945037365951,47840,0,1,0,0,1,0
50900,3389,15426,59238,0,0,1,1,0,0,4,1,0,1,74664,0.2604027751987711,47511,0,0,1,0,1,0
17800,1433,45393,69009,0,0,1,0,1,0,4,1,0,1,114402,0.6577742356180264,16367,0,0,0,0,1,0
10691,1433,9167,34817,1,0,1,0,1,0,4,1,0,1,43984,0.2632833591820323,9258,0,0,0,0,1,0
40474,443,2835,1700,0,0,1,0,1,0,5,1,0,1,4535,1.6666666666666667,40031,0,1,0,0,1,0
47406,53,44124,49004,0,0,1,0,1,0,5,1,0,1,93128,0.9003979185797367,47353,0,1,0,0,1,0
8975,22,23042,8062,0,0,0,0,1,0,5,1,0,1,31104,2.8577452561081484,8953,0,1,0,0,1,0
3389,80,484,1774,0,0,1,0,1,0,5,1,0,1,2258,0.27267605633802816,3309,0,1,0,0,1,1
58689,443,289539,1158968,0,0,0,0,0,1,6,1,0,0,1448507,0.2498246286138801,58246,0,1,1,0,1,0
63905,80,42853,108430,0,1,1,0,1,0,6,1,0,0,151283,0.39520985695972555,63825,0,1,1,0,1,0
1433,80,24790,66057,0,0,0,0,1,0,6,1,0,0,90847,0.375276272366708,1353,0,1,0,0,1,1
57696,3306,11213,4058,0,0,0,0,1,0,6,1,0,0,15271,2.76250307957625,54390,0,0,1,0,1,0
3389,22,42128,61795,1,0,0,0,1,0,6,1,0,0,103923,0.681726972619587,3367,0,1,0,0,1,1
23656,22,45353,161657,0,0,0,0,0,1,6,1,0,0,207010,0.2805490603619988,23634,0,1,0,0,1,0
46912,445,41861,135579,0,0,1,0,0,1,6,1,0,0,177440,0.3087549786104145,46467,0,1,0,0,1,0
62008,21,121636,334006,0,0,0,0,1,0,6,1,0,0,455642,0.36417200837108205,61987,0,1,1,0,1,0
445,443,174981,399268,0,0,1,0,1,0,6,1,0,0,574249,0.4382534081033088,2,1,1,0,0,1,1
41014,443,545222,120808,1,0,1,0,1,0,7,1,0,0,666030,4.513090912100919,40571,0,1,0,0,1,0
3389,12545,5773,11974,0,0,1,0,1,0,7,1,0,0,17747,0.48208768267223384,9156,0,0,0,0,0,1
49939,25,8800,19332,0,0,0,0,1,0,7,1,0,0,28132,0.4551802617286505,49914,0,1,1,0,1,0
33342,3389,39257,66097,1,0,1,0,0,1,7,1,0,0,105354,0.5939211473872129,29953,0,0,0,0,1,0
5529,3306,6332,18593,0,0,0,0,1,0,7,1,0,0,24925,0.34053995912659996,2223,0,0,0,0,1,0
10300,21,8194,8439,0,0,1,0,1,0,7,1,0,0,16633,0.9708530805687203,10279,0,1,0,0,1,0
443,3306,47115,121766,0,0,0,0,0,1,8,1,0,0,168881,0.386927492670428,2863,1,0,0,0,1,1
64090,25,93092,99495,0,0,0,0,1,0,8,1,0,0,192587,0.9356356034413443,64065,0,1,1,0,1,0
53039,443,169648,199075,0,0,1,0,0,1,8,1,0,0,368723,0.8521770580079969,52596,0,1,1,0,1,0
50767,3306,16184,56163,0,0,1,0,1,0,8,1,0,0,72347,0.2881561142368777,47461,0,0,1,0,1,0
33390,445,46214,30312,0,0,0,0,0,1,9,1,0,0,76526,1.5245604196219444,32945,0,1,0,0,1,0
54402,22,32481,40374,0,0,1,0,1,0,9,1,0,0,72855,0.8044829721362229,54380,0,1,1,0,1,0
24238,80,22657,19747,0,0,1,0,1,0,9,1,0,0,42404,1.1473060563094997,24158,0,1,0,0,1,0
2009,443,5969,12362,0,0,1,0,1,0,9,1,0,0,18331,0.48281161530372885,1566,0,1,0,0,1,0
4482,21,4870,19418,0,0,1,0,1,0,9,1,0,0,24288,0.2507853133529018,4461,0,1,0,0,1,0
22,80,64002,136898,0,0,1,0,1,0,9,1,0,0,200900,0.4675125457454035,58,1,1,0,0,1,1
62883,1433,5810,8939,0,0,1,0,0,1,10,1,0,0,14749,0.6498881431767338,61450,0,0,1,0,1,0
25981,3306,1282,2058,0,0,0,0,0,1,10,1,0,0,3340,0.6226323457989316,22675,0,0,0,0,1,0
25873,21,20935,80850,0,0,0,0,1,0,11,1,0,0,101785,0.25893309915770985,25852,0,1,0,0,1,0
50367,445,226021,619245,1,0,1,0,1,0,11,1,0,0,845266,0.3649938796536433,49922,0,1,1,0,1,0
445,25,251,456,0,0,1,0,1,0,11,1,0,0,707,0.5492341356673961,420,1,1,0,0,1,1
37406,80,13886,20900,0,0,1,0,1,0,11,1,0,0,34786,0.6643701258313,37326,0,1,0,0,1,0
24995,1433,64883,5486,0,0,1,0,1,0,11,1,0,0,70369,11.824858757062147,23562,0,0,0,0,1,0
45794,25,1190,661,1,0,1,0,0,1,11,1,0,0,1851,1.797583081570997,45769,0,1,0,0,1,0
25,25,15656,41380,0,0,0,0,1,0,11,1,0,0,57036,0.37833788453638145,0,1,1,0,0,1,1
30326,443,3557,12551,0,0,0,0,1,0,13,1,0,0,16108,0.28338113448056085,29883,0,1,0,0,1,0
3981,25,4396,10049,0,0,0,0,1,0,13,1,0,0,14445,0.4374129353233831,3956,0,1,0,0,1,0
39618,21,11569,22736,0,0,1,0,0,1,13,1,0,0,34305,0.5088182257993579,39597,0,1,0,0,1,0
2151,3306,3651,1421,0,0,1,0,1,0,14,1,0,0,5072,2.567510548523207,1155,0,0,0,0,1,0
3389,3389,3196,6734,1,1,0,0,1,0,14,1,0,0,9930,0.474536005939124,0,0,0,0,0,1,1
443,53,20034,59864,0,0,0,0,1,0,14,1,0,0,79898,0.33465296918065646,390,1,1,0,0,1,1
22,25,777176,430096,1,1,1,0,1,0,14,1,0,0,1207272,1.8069784257969714,3,1,1,0,0,1,1
57659,53,74042,178476,0,0,1,0,1,0,14,1,0,0,252518,0.4148545750993125,57606,0,1,1,0,1,0
54252,21,110951,39409,0,0,0,0,1,0,14,1,0,0,150360,2.8153006851053033,54231,0,1,1,0,1,0
1433,445,78875,181745,0,0,0,0,1,0,14,1,0,0,260620,0.4339847919624091,988,0,1,0,0,1,1
33895,3306,7215,14232,0,0,1,0,1,0,14,1,0,0,21447,0.5069205367807209,30589,0,0,0,0,1,0
18201,21,36218,66007,0,0,0,0,0,1,14,1,0,0,102225,0.5486910677493637,18180,0,1,0,0,1,0
18004,53,127556,473388,0,0,1,0,1,0,15,1,0,0,600944,0.26945281787282765,17951,0,1,0,0,1,0
18306,1433,82895,141399,0,0,1,0,1,0,15,1,0,0,224294,0.5862446958981612,16873,0,0,0,0,1,0
24075,53,30069,55962,0,0,1,0,1,0,15,1,0,0,86031,0.537301431302825,24022,0,1,0,0,1,0
26456,1433,50618,127125,0,0,1,0,1,0,15,1,0,0,177743,0.3981718924531567,25023,0,0,0,0,1,0
20324,8959,1133247,2287987,1,0,1,0,1,0,16,1,0,0,3421234,0.49530285998003487,11365,0,0,0,0,0,0
20381,22,84381,231211,0,0,1,0,1,0,16,1,0,0,315592,0.3649507811013269,20359,0,1,0,0,1,0
39469,53,13303,53461,0,0,1,0,1,0,16,1,0,0,66764,0.24883094534435674,39416,0,1,0,0,1,0
33322,3306,19565,18993,1,0,1,0,0,1,16,1,0,0,38558,1.0300621248815416,30016,0,0,0,0,1,0
3389,443,4077,11828,0,0,1,0,0,1,17,1,0,0,15905,0.34466142531067717,2946,0,1,0,0,1,1
17038,3306,941526,1760194,0,0,0,0,1,0,17,1,0,0,2701720,0.5348986902019378,13732,0,0,0,0,1,0
27811,1433,286699,759849,1,0,1,0,1,0,17,1,0,0,1046548,0.3773099953938277,26378,0,0,0,0,1,0
30210,1433,25163,19922,0,1,1,0,0,1,17,1,0,0,45085,1.2630125985042413,28777,0,0,0,0,1,0
62329,53,721662,674849,0,0,1,0,1,0,17,1,0,0,1396511,1.0693665258946432,62276,0,1,1,0,1,0
55314,443,60587,168389,0,0,1,0,1,0,17,1,0,0,228976,0.3598016509293901,54871,0,1,1,0,1,0
49788,22,11055,22275,1,0,0,1,0,0,17,1,0,0,33330,0.49627401687915246,49766,0,1,1,0,1,0
5613,445,93931,90560,0,0,1,1,0,0,17,1,0,0,184491,1.0372124866112344,5168,0,1,0,0,1,0
46502,443,41682,78996,0,0,1,0,1,0,17,1,0,0,120678,0.5276402901376002,46059,0,1,0,0,1,0
42147,25,84168,137669,0,0,0,0,1,0,17,1,0,0,221837,0.6113750272390499,42122,0,1,0,0,1,0
55689,36345,2463,6707,0,0,1,0,1,0,17,1,0,0,9170,0.3671735241502683,19344,0,0,1,0,0,0
56356,22,6023,8510,0,0,1,0,0,1,18,1,0,0,14533,0.7076724239219833,56334,0,1,1,0,1,0
5631,21,238363,859398,0,0,1,0,0,1,18,1,0,0,1097761,0.2773601086340571,5610,0,1,0,0,1,0
50812,22,330717,777674,0,0,1,0,1,0,18,1,0,0,1108391,0.42526376699778184,50790,0,1,1,0,1,0
14413,1433,211965,658911,0,0,1,0,1,0,19,1,0,0,870876,0.32168939099606625,12980,0,0,0,0,1,0
62830,3306,766687,1168079,0,0,1,0,1,0,19,1,0,0,1934766,0.6563651462228615,59524,0,0,1,0,1,0
55812,53,55480,136078,0,0,1,0,1,0,19,1,0,0,191558,0.40770434820949597,55759,0,1,1,0,1,0
19381,443,49579,104474,0,0,0,0,0,1,19,1,0,0,154053,0.4745537209858818,18938,0,1,0,0,1,0
1433,25,5109,15177,1,0,1,0,1,0,20,1,0,0,20286,0.33660561338779815,1408,0,1,0,0,1,1
9847,25,8700,33030,0,0,0,0,1,0,20,1,0,0,41730,0.2633889376646181,9822,0,1,0,0,1,0
37212,21,914,1952,0,0,1,0,1,0,20,1,0,0,2866,0.4679979518689196,37191,0,1,0,0,1,0
21,3389,13169,3673,0,0,1,0,1,0,20,1,0,0,16842,3.584376701143168,3368,1,0,0,0,1,1
1664,1433,817,880,0,0,1,0,1,0,20,1,0,0,1697,0.927355278093076,231,0,0,0,0,1,0
9809,23155,124187,500530,0,0,0,0,1,0,20,1,0,0,624717,0.24811050664194625,13346,0,0,0,0,0,0
20931,443,41004,100228,0,0,1,0,0,1,20,1,0,0,141232,0.4091031537778487,20488,0,1,0,0,1,0
31639,3306,861,854,1,0,1,0,1,0,20,1,0,0,1715,1.0070175438596491,28333,0,0,0,0,1,0
6349,80,16256,12302,0,0,0,0,0,1,21,1,0,0,28558,1.3213037470535642,6269,0,1,0,0,1,0
20927,443,513111,340925,0,0,1,0,1,0,21,1,0,0,854036,1.505050949472906,20484,0,1,0,0,1,0
28726,21,18014,66257,0,0,1,0,1,0,21,1,0,0,84271,0.2718766035799451,28705,0,1,0,0,1,0
55412,80,4458,15546,0,0,1,0,1,0,21,1,0,0,20004,0.2867434231684569,55332,0,1,1,0,1,0
32979,53,1265,125,0,0,0,0,0,1,21,1,0,0,1390,10.03968253968254,32926,0,1,0,0,1,0
64291,445,1327,1640,0,0,0,0,1,0,21,1,0,0,2967,0.8086532602071907,63846,0,1,1,0,1,0
12046,21,51892,176817,1,0,1,0,1,0,22,1,0,1,228709,0.293476908459546,12025,0,1,0,0,1,0
80,80,11001,6602,0,1,0,0,0,1,22,1,0,1,17603,1.6660608814175375,0,1,1,0,0,1,1
56109,21,12561,5227,0,0,1,0,1,0,22,1,0,1,17788,2.402639632746748,56088,0,1,1,0,1,0
61077,18644,11074,30839,0,0,1,0,0,1,23,1,0,1,41913,0.35907911802853437,42433,0,0,1,0,0,0
52590,80,17599,50749,0,0,0,0,0,1,23,1,0,1,68348,0.3467783251231527,52510,0,1,1,0,1,0
30968,3306,3091,3209,0,0,0,0,1,0,23,1,0,1,6300,0.9629283489096573,27662,0,0,0,0,1,0
59219,443,36525,31959,0,0,1,0,1,0,23,1,0,1,68484,1.1428347934918648,58776,0,1,1,0,1,0
57331,21,2261,4000,0,0,1,0,1,0,23,1,0,1,6261,0.5651087228192951,57310,0,1,1,0,1,0
443,443,6572,21544,0,1,1,0,1,0,0,2,0,1,28116,0.30503597122302156,0,1,1,0,0,1,1
9097,3389,111004,363336,0,0,1,0,0,1,0,2,0,1,474340,0.30551251317647254,5708,0,0,0,0,1,0
61285,80,40212,71569,1,0,0,0,0,1,0,2,0,1,111781,0.5618555260584044,61205,0,1,1,0,1,0
22077,25,65978,232879,0,0,0,0,1,0,0,2,0,1,298857,0.28331329440054964,22052,0,1,0,0,1,0
443,443,687365,2048780,0,1,1,0,1,0,0,2,0,1,2736145,0.33549949945845847,0,1,1,0,0,1,1
3483,1433,20021,54743,0,0,1,0,1,0,0,2,0,1,74764,0.36572044424959815,2050,0,0,0,0,1,0
56751,80,22795,38340,1,0,1,0,1,0,1,2,0,1,61135,0.5945332672595915,56671,0,1,1,0,1,0
60873,445,14430,39201,0,0,1,0,1,0,1,2,0,1,53631,0.3680934646191521,60428,0,1,1,0,1,0
21,3306,10835,6390,0,0,1,0,1,0,1,2,0,1,17225,1.6953528399311533,3285,1,0,0,0,1,1
80,22,4372,13423,0,0,1,0,1,0,1,2,0,1,17795,0.32568533969010727,58,1,1,0,0,1,1
48895,445,25197,40469,0,0,0,0,1,0,2,2,0,1,65666,0.6226093402520385,48450,0,1,0,0,1,0
2532,22,38873,82621,0,0,1,0,1,0,2,2,0,1,121494,0.47049212074265934,2510,0,1,0,0,1,0
26374,443,42498,72618,0,0,0,0,1,0,2,2,0,1,115116,0.5852187444057341,25931,0,1,0,0,1,0
52988,21,24415,96793,1,0,0,0,0,1,2,2,0,1,121208,0.25223670888691446,52967,0,1,1,0,1,0
4352,1008,106039,343572,0,1,0,0,1,0,2,2,0,1,449611,0.308636010396626,3344,0,1,0,0,0,0
34355,25,23088,24574,0,0,1,0,0,1,2,2,0,1,47662,0.9394913530010173,34330,0,1,0,0,1,0
26890,445,11442,43922,0,0,0,0,1,0,2,2,0,1,55364,0.260501331876238,26445,0,1,0,0,1,0
2071,53,4998,14241,0,0,1,0,0,1,2,2,0,1,19239,0.35093385760426904,2018,0,1,0,0,1,0
54433,22,1847,5390,0,0,1,0,0,1,2,2,0,1,7237,0.34260805045446113,54411,0,1,1,0,1,0
53,41641,227900,934084,0,0,1,0,1,0,2,2,0,1,1161984,0.24398207871874616,41588,1,0,0,0,0,1
59873,80,7197,12885,1,0,0,0,1,0,2,2,0,1,20082,0.5585131150085364,59793,0,1,1,0,1,0
80,21,5008,20587,0,0,0,0,0,1,3,2,0,1,25595,0.24324849426850592,59,1,1,0,0,1,1
445,3389,11293,29056,0,0,0,0,1,0,3,2,0,1,40349,0.3886498950338989,2944,1,0,0,0,1,1
37759,22,14109,42055,0,0,0,0,0,1,3,2,0,1,56164,0.335481263077801,37737,0,1,0,0,1,0
19487,53,303039,814719,0,0,1,0,0,1,4,2,0,1,1117758,0.37195478201099763,19434,0,1,0,0,1,0
28358,3389,13029,11092,0,0,1,0,1,0,4,2,0,1,24121,1.1745244748940773,24969,0,0,0,0,1,0
25330,445,1488699,4020195,0,0,1,0,1,0,5,2,0,1,5508894,0.3703050796528328,24885,0,1,0,0,1,0
53,80,24389,44468,0,0,0,0,1,0,5,2,0,1,68857,0.5484494816613821,27,1,1,0,0,1,1
58008,21,591990,865702,0,0,1,0,0,1,6,2,0,0,1457692,0.6838257462432266,57987,0,1,1,0,1,0
9969,1433,92068,192485,0,0,1,0,1,0,6,2,0,0,284553,0.4783101108652058,8536,0,0,0,0,1,0
1433,3389,39248,107026,1,0,1,0,1,0,6,2,0,0,146274,0.3667112037149504,1956,0,0,0,0,1,1
21,1433,275008,634943,0,0,1,0,1,0,6,2,0,0,909951,0.4331216611228707,1412,1,0,0,0,1,1
25,3389,132663,234031,0,0,1,0,1,0,6,2,0,0,366694,0.5668583783414234,3364,1,0,0,0,1,1
15614,21,60808,119334,0,0,1,0,1,0,6,2,0,0,180142,0.5095571290903759,15593,0,1,0,0,1,0
17607,445,898202,3398450,0,0,1,0,1,0,6,2,0,0,4296652,0.264297469641316,17162,0,1,0,0,1,0
443,25,9922,35426,0,0,1,0,1,0,7,2,0,0,45348,0.2800688740226381,418,1,1,0,0,1,1
53,22,4483,833,0,0,1,0,1,0,7,2,0,0,5316,5.375299760191846,31,1,1,0,0,1,1
43650,558,1083,2155,0,1,1,0,0,1,7,2,0,0,3238,0.5023191094619666,43092,0,1,0,0,0,0
20134,443,363537,114771,0,0,0,0,1,0,7,2,0,0,478308,3.1674711602132923,19691,0,1,0,0,1,0
21145,3306,224406,865977,1,0,1,0,0,1,8,2,0,0,1090383,0.25913591338348085,17839,0,0,0,0,1,0
52713,22,9505,16195,0,0,1,0,0,1,9,2,0,0,25700,0.5868733020498889,52691,0,1,1,0,1,0
9945,22,509,1506,0,0,0,0,1,0,9,2,0,0,2015,0.33775713337757135,9923,0,1,0,0,1,0
27724,3389,15845,13786,0,0,0,0,1,0,9,2,0,0,29631,1.149271052440705,24335,0,0,0,0,1,0
44741,443,4353,16865,0,0,1,0,1,0,9,2,0,0,21218,0.2580932052650302,44298,0,1,0,0,1,0
1433,443,9993,3008,0,0,1,0,1,0,10,2,0,0,13001,3.321036889332004,990,0,1,0,0,1,1
25707,443,4076,811,0,0,0,0,1,0,10,2,0,0,4887,5.019704433497537,25264,0,1,0,0,1,0
63948,21,1676,4170,0,0,1,0,0,1,10,2,0,0,5846,0.4018221050107888,63927,0,1,1,0,1,0
53591,80,448259,1357459,0,0,1,0,1,0,10,2,0,0,1805718,0.3302189383112578,53511,0,1,1,0,1,0
34589,443,7377,28704,0,0,1,0,0,1,10,2,0,0,36081,0.25699355512976835,34146,0,1,0,0,1,0
50953,443,211138,856453,0,0,0,0,1,0,10,2,0,0,1067591,0.24652579122754986,50510,0,1,1,0,1,0
30174,3306,15456,51264,0,0,1,0,1,0,11,2,0,0,66720,0.30149224617185216,26868,0,0,0,0,1,0
44430,53,3607,14286,0,0,0,1,0,0,11,2,0,0,17893,0.25246727794498497,44377,0,1,0,0,1,0
55525,3306,49737,194325,0,0,1,0,1,0,11,2,0,0,244062,0.25594619350987513,52219,0,0,1,0,1,0
24353,3306,11781,24476,0,0,1,0,1,0,11,2,0,0,36257,0.4813089839441108,21047,0,0,0,0,1,0
3647,3306,15813,66060,0,0,1,0,1,0,11,2,0,0,81873,0.2393696734835985,341,0,0,0,0,1,0
65429,21,27773,109574,0,0,0,0,1,0,11,2,0,0,137347,0.2534610997033995,65408,0,1,1,0,1,0
22168,53,6005,25215,0,0,0,0,1,0,11,2,0,0,31220,0.2381424492385787,22115,0,1,0,0,1,0
39090,443,1646,5670,0,0,1,0,1,0,12,2,0,0,7316,0.2902486333979898,38647,0,1,0,0,1,0
42268,3306,20291,15012,0,0,1,0,1,0,12,2,0,0,35303,1.3515619796176648,38962,0,0,0,0,1,0
22,22,102977,342969,0,1,1,0,1,0,13,2,0,0,445946,0.3002507507945301,0,1,1,0,0,1,1
25,3389,5205,5409,1,0,0,0,0,1,13,2,0,0,10614,0.9621072088724584,3364,1,0,0,0,1,1
25440,3306,28179,43795,0,0,1,0,1,0,13,2,0,0,71974,0.6434149237373276,22134,0,0,0,0,1,0
49173,3306,244950,447395,0,0,0,0,1,0,13,2,0,0,692345,0.5475015422578655,45867,0,0,1,0,1,0
9856,443,19079,18236,0,0,1,0,1,0,13,2,0,0,37315,1.0461698744311017,9413,0,1,0,0,1,0
55750,25,25279,67334,0,0,1,0,1,0,13,2,0,0,92613,0.37542140046038464,55725,0,1,1,0,1,0
26794,445,24060,16619,0,0,0,0,1,0,13,2,0,0,40679,1.447653429602888,26349,0,1,0,0,1,0
18384,1433,7392,5926,0,0,1,0,1,0,13,2,0,0,13318,1.247173949721613,16951,0,0,0,0,1,0
3389,445,4494,14216,0,0,1,0,1,0,13,2,0,0,18710,0.31610044313146235,2944,0,1,0,0,1,1
38869,3389,4524,9743,1,0,1,0,1,0,13,2,0,0,14267,0.4642857142857143,35480,0,0,0,0,1,0
443,53,39699,14790,0,0,1,0,1,0,14,2,0,0,54489,2.683997025218038,390,1,1,0,0,1,1
14475,53,74057,288760,0,0,0,0,0,1,14,2,0,0,362817,0.25646468879107637,14422,0,1,0,0,1,0
63369,1433,79868,8578,0,0,1,0,1,0,14,2,0,0,88446,9.309709756381862,61936,0,0,1,0,1,0
25,3306,12020,9449,0,0,1,0,1,0,15,2,0,0,21469,1.271957671957672,3281,1,0,0,0,1,1
10993,25,126664,355936,0,0,0,0,1,0,15,2,0,0,482600,0.3558607281625681,10968,0,1,0,0,1,0
57673,1433,36018,116646,0,0,0,0,1,0,15,2,0,0,152664,0.30877776539473795,56240,0,0,1,0,1,0
5803,21,24666,23277,0,0,0,0,0,1,15,2,0,0,47943,1.059627115731592,5782,0,1,0,0,1,0
13691,80,105,310,0,0,1,0,1,0,15,2,0,0,415,0.33762057877813506,13611,0,1,0,0,1,0
6845,1433,5955,17414,1,0,1,0,0,1,15,2,0,0,23369,0.34194659776055125,5412,0,0,0,0,1,0
53,445,1931,7361,0,0,0,0,1,0,15,2,0,0,9292,0.26229285520239065,392,1,1,0,0,1,1
19023,3389,60073,46723,1,0,1,0,1,0,15,2,0,0,106796,1.2856989983734268,15634,0,0,0,0,1,0
22,3306,25643,46954,0,0,0,0,0,1,15,2,0,0,72597,0.5461186242146736,3284,1,0,0,0,1,1
10076,25,3963,7464,0,0,0,0,1,0,16,2,0,0,11427,0.5308774279973208,10051,0,1,0,0,1,0
34969,3306,35845,115816,0,0,0,0,0,1,16,2,0,0,151661,0.3094968786965644,31663,0,0,0,0,1,0
8870,3306,2258,2533,0,0,0,0,1,0,16,2,0,0,4791,0.8910812943962115,5564,0,0,0,0,1,0
46984,80,4146,10811,0,0,0,0,1,0,16,2,0,0,14957,0.3834628190899001,46904,0,1,0,0,1,0
57263,1433,7070,18162,0,0,1,0,1,0,16,2,0,0,25232,0.3892528767274129,55830,0,0,1,0,1,0
38960,443,52272,213710,1,0,0,0,1,0,16,2,0,0,265982,0.24459199573255472,38517,0,1,0,0,1,0
40057,25741,206717,455292,0,0,0,0,1,0,16,2,0,0,662009,0.4540307011089562,14316,0,0,0,0,0,0
443,445,8624,34456,0,0,1,0,1,0,17,2,0,0,43080,0.250282961372145,2,1,1,0,0,1,1
4193,53,182760,572792,0,0,1,0,1,0,17,2,0,0,755552,0.3190681450366886,4140,0,1,0,0,1,0
63417,279,596,906,0,1,0,0,1,0,17,2,0,0,1502,0.6571113561190739,63138,0,1,1,0,0,0
32442,443,32138,14219,0,0,0,0,1,0,18,2,0,0,46357,2.260056258790436,31999,0,1,0,0,1,0
51012,21,19888,55782,0,0,0,0,0,1,18,2,0,0,75670,0.3565243891508166,50991,0,1,1,0,1,0
14846,22,16063,25888,0,0,1,0,1,0,18,2,0,0,41951,0.6204565645641006,14824,0,1,0,0,1,0
50440,21,44483,94181,0,0,0,0,1,0,18,2,0,0,138664,0.47230893376653715,50419,0,1,1,0,1,0
6903,443,72006,231726,0,0,0,0,1,0,18,2,0,0,303732,0.31073634060769784,6460,0,1,0,0,1,0
23256,21,5348,2309,0,0,1,0,0,1,19,2,0,0,7657,2.315151515151515,23235,0,1,0,0,1,0
19029,80,16270,9688,0,0,1,0,1,0,19,2,0,0,25958,1.679223862111673,18949,0,1,0,0,1,0
5469,22,318328,399396,1,0,1,0,0,1,19,2,0,0,717724,0.7970215099262138,5447,0,1,0,0,1,0
15976,53,29246,89769,0,0,1,0,0,1,19,2,0,0,119015,0.32578812520886713,15923,0,1,0,0,1,0
14721,3306,34846,69062,0,0,1,0,1,0,19,2,0,0,103908,0.5045538131850629,11415,0,0,0,0,1,0
4477,22,142575,329737,0,0,0,0,1,0,19,2,0,0,472312,0.4323887450036089,4455,0,1,0,0,1,0
48208,1433,9877,16305,1,0,0,0,0,1,20,2,0,0,26182,0.6057279529007727,46775,0,0,0,0,1,0
32910,53,20861,68445,1,0,0,0,1,0,20,2,0,0,89306,0.3047804108348187,32857,0,1,0,0,1,0
42900,53,81385,195326,0,0,0,0,1,0,20,2,0,0,276711,0.4166602671417674,42847,0,1,0,0,1,0
5565,22,159890,515449,0,0,1,0,0,1,20,2,0,0,675339,0.31019497526433215,5543,0,1,0,0,1,0
445,3389,500,1524,1,0,0,0,1,0,20,2,0,0,2024,0.32786885245901637,2944,1,0,0,0,1,1
32026,443,6777,14812,0,0,0,0,0,1,20,2,0,0,21589,0.45750354418416256,31583,0,1,0,0,1,0
1433,1433,4458,10981,0,0,0,0,0,1,21,2,0,0,15439,0.40593698779821524,0,0,0,0,0,1,1
80,53,18067,53296,0,0,1,0,1,0,21,2,0,0,71363,0.33898718501979475,27,1,1,0,0,1,1
49556,445,5032,2700,1,0,0,0,1,0,21,2,0,0,7732,1.8630136986301369,49111,0,1,1,0,1,0
15607,443,63740,135059,0,0,1,0,1,0,21,2,0,0,198799,0.47193839774914853,15164,0,1,0,0,1,0
49612,1433,29023,50003,0,0,1,0,1,0,21,2,0,0,79026,0.5804135669146469,48179,0,0,1,0,1,0
50087,21,91372,226837,1,0,0,0,0,1,21,2,0,0,318209,0.4028072897838986,50066,0,1,1,0,1,0
445,445,101195,339038,0,0,0,0,0,1,22,2,0,1,440233,0.29847598653842183,0,1,1,0,0,1,1
12476,38833,65286,109879,0,0,0,0,1,0,22,2,0,1,175165,0.594157262468147,26357,0,0,0,0,0,0
26956,445,12871,43102,0,0,1,0,1,0,22,2,0,1,55973,0.2986103055471777,26511,0,1,0,0,1,0
3389,443,26025,6257,0,0,1,0,1,0,22,2,0,1,32282,4.158676893576223,2946,0,1,0,0,1,1
3389,443,10536,42991,1,0,1,0,1,0,23,2,0,1,53527,0.24506885001860812,2946,0,1,0,0,1,1
25,443,2481,3206,1,0,1,0,1,0,23,2,0,1,5687,0.7736202057998129,418,1,1,0,0,1,1
6256,3306,101322,250922,0,0,0,0,0,1,23,2,0,1,352244,0.40379718080845517,2950,0,0,0,0,1,0
443,3306,19254,14467,0,0,1,0,1,0,23,2,0,1,33721,1.3307990047000275,2863,1,0,0,0,1,1
64005,443,1989,5222,0,0,1,0,0,1,23,2,0,1,7211,0.3808156232050546,63562,0,1,1,0,1,0
28051,80,52006,41861,0,0,1,0,1,0,23,2,0,1,93867,1.242320003822082,27971,0,1,0,0,1,0
4112,21,15393,11458,0,0,1,0,1,0,23,2,0,1,26851,1.3433109346365302,4091,0,1,0,0,1,0
443,445,815,1528,0,0,1,0,1,0,0,3,0,1,2343,0.5330281229561805,2,1,1,0,0,1,1
13755,21,2445,850,0,0,1,0,0,1,0,3,0,1,3295,2.873090481786134,13734,0,1,0,0,1,0
12397,3306,7179,19198,0,0,1,0,1,0,0,3,0,1,26377,0.3739257252981926,9091,0,0,0,0,1,0
18777,21,30847,120551,0,0,1,0,1,0,0,3,0,1,151398,0.25588127944787314,18756,0,1,0,0,1,0
49340,21,77717,76031,0,0,1,0,1,0,0,3,0,1,153748,1.0221617213804715,49319,0,1,1,0,1,0
14523,445,73572,99762,1,0,1,0,1,0,0,3,0,1,173334,0.7374677986828784,14078,0,1,0,0,1,0
41586,443,57790,10516,0,0,1,0,1,0,0,3,0,1,68306,5.494912998003233,41143,0,1,0,0,1,0
6355,3389,20848,53833,0,0,1,0,1,0,0,3,0,1,74681,0.3872645539993313,2966,0,0,0,0,1,0
31313,445,346476,491354,0,0,1,0,1,0,1,3,0,1,837830,0.7051439387001252,30868,0,1,0,0,1,0
6740,1433,67494,22665,1,0,1,0,1,0,1,3,0,1,90159,2.977764051883879,5307,0,0,0,0,1,0
32706,22,31425,125127,0,0,1,0,1,0,1,3,0,1,156552,0.25114282974234386,32684,0,1,0,0,1,0
18347,3306,54531,128822,0,0,0,0,0,1,1,3,0,1,183353,0.4233017395961901,15041,0,0,0,0,1,0
25540,3306,11632,44436,0,0,0,0,1,0,2,3,0,1,56068,0.2617638454441119,22234,0,0,0,0,1,0
443,445,20098,34934,0,0,0,0,1,0,2,3,0,1,55032,0.575296980105911,2,1,1,0,0,1,1
59673,53,787,2468,1,0,0,0,1,0,2,3,0,1,3255,0.31875253138922643,59620,0,1,1,0,1,0
80,1433,11863,9026,0,0,1,0,1,0,2,3,0,1,20889,1.3141686052952255,1353,1,0,0,0,1,1
39214,3306,367993,215148,0,0,1,0,1,0,2,3,0,1,583141,1.7104099949337437,35908,0,0,0,0,1,0
23120,3306,27928,11508,0,0,0,0,0,1,2,3,0,1,39436,2.42662264314884,19814,0,0,0,0,1,0
53,443,26128,74472,0,0,1,0,1,0,3,3,0,1,100600,0.3508385589408242,390,1,1,0,0,1,1
15079,21,108854,362961,0,0,0,0,1,0,3,3,0,1,471815,0.29990467321647996,15058,0,1,0,0,1,0
42711,445,39046,111737,0,0,0,0,1,0,3,3,0,1,150783,0.3494424457212408,42266,0,1,0,0,1,0
30025,21,6258,17991,0,0,0,0,1,0,3,3,0,1,24249,0.3478212538906181,30004,0,1,0,0,1,0
37210,3306,22876,49785,0,0,0,1,0,0,3,3,0,1,72661,0.4594866026593822,33904,0,0,0,0,1,0
53435,53,3581,5607,0,0,1,0,0,1,3,3,0,1,9188,0.6385520684736091,53382,0,1,1,0,1,0
62044,22,29548,33297,0,0,0,0,1,0,4,3,0,1,62845,0.8873806234608685,62022,0,1,1,0,1,0
3389,53,5765,19251,0,0,0,0,1,0,4,3,0,1,25016,0.2994494078537295,3336,0,1,0,0,1,1
20468,3389,97272,237400,0,0,1,0,0,1,4,3,0,1,334672,0.4097371114696231,17079,0,0,0,0,1,0
57654,25,9736,20630,1,0,0,0,1,0,4,3,0,1,30366,0.4719112015898405,57629,0,1,1,0,1,0
2469,3389,5886,959,0,0,1,0,1,0,4,3,0,1,6845,6.13125,920,0,0,0,0,1,0
12926,1433,18388,49060,1,0,0,0,0,1,4,3,0,1,67448,0.37479871996086506,11493,0,0,0,0,1,0
10331,445,39522,154742,0,0,1,0,1,0,4,3,0,1,194264,0.25540412167270893,9886,0,1,0,0,1,0
34675,22,3191,3439,0,0,1,0,1,0,5,3,0,1,6630,0.9276162790697674,34653,0,1,0,0,1,0
16823,53,9566,1704,0,0,1,0,0,1,5,3,0,1,11270,5.610557184750733,16770,0,1,0,0,1,0
3389,80,26062,2554,0,0,1,0,1,0,5,3,0,1,28616,10.200391389432486,3309,0,1,0,0,1,1
17485,1433,187472,722966,0,0,0,0,1,0,5,3,0,1,910438,0.2593092077508379,16052,0,0,0,0,1,0
56933,443,385,1114,0,0,1,0,1,0,6,3,0,0,1499,0.3452914798206278,56490,0,1,1,0,1,0
58064,3306,58939,240708,0,0,0,0,1,0,6,3,0,0,299647,0.24485582175988435,54758,0,0,1,0,1,0
25642,25,11923,9161,0,0,1,0,1,0,6,3,0,0,21084,1.301353416284654,25617,0,1,0,0,1,0
41814,80,9982,24768,0,0,1,0,1,0,6,3,0,0,34750,0.4030037546933667,41734,0,1,0,0,1,0
25,1433,7407,4936,1,0,1,0,1,0,6,3,0,0,12343,1.5003038282357708,1408,1,0,0,0,1,1
10280,53,12305,41408,0,0,0,1,0,0,6,3,0,0,53713,0.2971576227390181,10227,0,1,0,0,1,0
22,5441,59474,228196,0,0,1,0,1,0,6,3,0,0,287670,0.260625687454261,5419,1,0,0,0,0,1
7780,1433,9331,23219,0,0,1,0,0,1,6,3,0,0,32550,0.40185185185185185,6347,0,0,0,0,1,0
33239,53,312933,491394,0,0,1,0,1,0,6,3,0,0,804327,0.6368257715279968,33186,0,1,0,0,1,0
13587,58463,59765,182630,0,0,1,0,0,1,6,3,0,0,242395,0.3272445532248085,44876,0,0,0,1,0,0
8731,3306,30234,14727,0,0,1,0,1,0,7,3,0,0,44961,2.0528245518739814,5425,0,0,0,0,1,0
29669,445,16887,6235,0,0,0,0,1,0,7,3,0,0,23122,2.7079858883899934,29224,0,1,0,0,1,0
7894,1433,147822,252803,0,0,1,0,1,0,7,3,0,0,400625,0.5847296719988607,6461,0,0,0,0,1,0
49901,3389,186769,682464,0,0,1,0,1,0,7,3,0,0,869233,0.27366824672327517,46512,0,0,1,0,1,0
14388,3306,3435,2217,0,0,0,0,1,0,7,3,0,0,5652,1.548692515779982,11082,0,0,0,0,1,0
16952,445,7164,14310,0,0,1,0,1,0,7,3,0,0,21474,0.5005939487107819,16507,0,1,0,0,1,0
54915,21,60803,148078,0,0,1,0,0,1,7,3,0,0,208881,0.4106119031057746,54894,0,1,1,0,1,0
443,1433,98586,290331,0,0,1,0,0,1,8,3,0,0,388917,0.3395629830676605,990,1,0,0,0,1,1
3389,3389,13622,6694,1,0,0,1,0,0,8,3,0,0,20316,2.034652725914862,0,0,0,0,0,1,1
39302,3306,6714,22713,0,0,1,0,1,0,8,3,0,0,29427,0.29558862375627365,35996,0,0,0,0,1,0
63575,3306,24978,95542,0,0,0,1,0,0,8,3,0,0,120520,0.2614320253707755,60269,0,0,1,0,1,0
42110,3389,233914,197813,0,0,0,0,0,1,9,3,0,0,431727,1.1824946667071088,38721,0,0,0,0,1,0
22209,80,23521,40453,0,0,1,0,1,0,9,3,0,0,63974,0.5814258169773076,22129,0,1,0,0,1,0
20425,443,2915,290,0,0,1,0,1,0,9,3,0,0,3205,10.017182130584192,19982,0,1,0,0,1,0
13564,443,26247,57928,0,0,0,0,1,0,9,3,0,0,84175,0.453089126344318,13121,0,1,0,0,1,0
24589,1433,77064,89895,0,0,1,0,1,0,9,3,0,0,166959,0.8572572750734182,23156,0,0,0,0,1,0
31596,3306,18728,22716,0,0,1,0,1,0,10,3,0,0,41444,0.8244046308931637,28290,0,0,0,0,1,0
1433,443,164895,638794,1,0,0,0,1,0,10,3,0,0,803689,0.2581344562809665,990,0,1,0,0,1,1
38532,445,88023,118690,0,0,1,0,1,0,10,3,0,0,206713,0.7416147812386786,38087,0,1,0,0,1,0
22282,22,19954,3851,0,0,1,0,1,0,10,3,0,0,23805,5.180166147455867,22260,0,1,0,0,1,0
63577,1433,23600,62729,0,0,1,0,1,0,10,3,0,0,86329,0.37621552686115095,62144,0,0,1,0,1,0
56119,445,1156,3813,0,0,1,0,1,0,10,3,0,0,4969,0.303093864708967,55674,0,1,1,0,1,0
2132,1433,152720,171454,0,0,1,0,0,1,10,3,0,0,324174,0.8907293458925082,699,0,0,0,0,1,0
64638,25,13000,52478,0,0,0,1,0,0,11,3,0,0,65478,0.24771813487299682,64613,0,1,1,0,1,0
5389,3389,11615,12262,0,0,1,0,1,0,11,3,0,0,23877,0.9471581179156813,2000,0,0,0,0,1,0
38916,443,9138,31566,0,0,1,0,1,0,11,3,0,0,40704,0.2894795197516394,38473,0,1,0,0,1,0
25,53,45739,36223,0,0,1,0,1,0,11,3,0,0,81962,1.2626711572438163,28,1,1,0,0,1,1
34015,53,3619,2725,0,0,1,0,1,0,12,3,0,0,6344,1.3275862068965518,33962,0,1,0,0,1,0
21072,53,4561,463,0,0,1,0,1,0,12,3,0,0,5024,9.829741379310345,21019,0,1,0,0,1,0
46396,25,20251,41591,0,0,1,0,1,0,12,3,0,0,61842,0.48689651856126176,46371,0,1,0,0,1,0
8193,21,8083,24409,0,0,0,1,0,0,12,3,0,0,32492,0.3311347808275297,8172,0,1,0,0,1,0
8498,443,37660,9185,0,0,1,0,1,0,13,3,0,0,46845,4.099716960592206,8055,0,1,0,0,1,0
29176,22,8571,17437,0,0,1,0,1,0,13,3,0,0,26008,0.49151278816378025,29154,0,1,0,0,1,0
32476,445,282676,917355,0,0,1,0,1,0,13,3,0,0,1200031,0.3081420953261329,32031,0,1,0,0,1,0
53,445,66804,6310,0,0,0,0,1,0,14,3,0,0,73114,10.585327206464903,392,1,1,0,0,1,1
80,25,65474,138045,0,0,1,0,1,0,14,3,0,0,203519,0.47429117830288453,55,1,1,0,0,1,1
49153,53,8367,33004,0,0,0,0,1,0,14,3,0,0,41371,0.25350704438721405,49100,0,1,1,0,1,0
40970,22,1034146,341228,0,0,1,0,1,0,15,3,0,0,1375374,3.030650970462651,40948,0,1,0,0,1,0
7230,22,10911,28956,0,0,1,0,1,0,16,3,0,0,39867,0.37680008288151395,7208,0,1,0,0,1,0
52152,3306,7029,25462,1,0,1,0,1,0,17,3,0,0,32491,0.2760475984762204,48846,0,0,1,0,1,0
9844,1433,68240,209401,0,0,1,0,1,0,17,3,0,0,277641,0.3258803640843927,8411,0,0,0,0,1,0
21020,1433,30102,93574,0,0,1,0,1,0,17,3,0,0,123676,0.3216884851723217,19587,0,0,0,0,1,0
22,443,5946,21860,0,0,1,0,0,1,17,3,0,0,27806,0.27199121723617403,421,1,1,0,0,1,1
29557,80,739223,1399467,0,0,1,0,1,0,18,3,0,0,2138690,0.5282171510888424,29477,0,1,0,0,1,0
445,3389,104920,289203,1,0,1,0,1,0,18,3,0,0,394123,0.36278889641913664,2944,1,0,0,0,1,1
34717,3389,22168,60777,0,0,0,0,1,0,18,3,0,0,82945,0.36473724044884664,31328,0,0,0,0,1,0
18468,445,1026613,696870,1,0,1,0,1,0,18,3,0,0,1723483,1.473175092664209,18023,0,1,0,0,1,0
54471,21,80599,69969,0,1,1,0,1,0,19,3,0,0,150568,1.1519079605545233,54450,0,1,1,0,1,0
1433,80,21611,3483,0,0,0,0,1,0,19,3,0,0,25094,6.20292766934558,1353,0,1,0,0,1,1
4377,443,847715,73995,0,0,1,0,1,0,20,3,0,0,921710,11.456227363641277,3934,0,1,0,0,1,0
45538,22,63219,117999,0,0,1,0,1,0,20,3,0,0,181218,0.5357542372881356,45516,0,1,0,0,1,0
24081,25,58946,165647,0,0,0,0,1,0,20,3,0,0,224593,0.3558509610740848,24056,0,1,0,0,1,0
29393,25,11870,49722,0,0,1,0,0,1,20,3,0,0,61592,0.23872252277618003,29368,0,1,0,0,1,0
25,12417,23838,52626,0,0,1,0,1,0,20,3,0,0,76464,0.4529614076424649,12392,1,0,0,0,0,1
32950,48,1423,2948,0,1,0,0,1,0,20,3,0,0,4371,0.4825364530349271,32902,0,1,0,0,0,0
49968,445,220483,628404,0,0,0,0,1,0,21,3,0,0,848887,0.3508613075962158,49523,0,1,1,0,1,0
58946,22,1677,3800,0,0,1,0,1,0,21,3,0,0,5477,0.44119968429360695,58924,0,1,1,0,1,0
58458,443,195906,770771,1,0,0,0,1,0,21,3,0,0,966677,0.2541685478974327,58015,0,1,1,0,1,0
4914,25,5411,17089,0,0,1,0,1,0,21,3,0,0,22500,0.3166179052077238,4889,0,1,0,0,1,0
8320,53,20076,28302,0,0,0,0,1,0,22,3,0,1,48378,0.7093240999187366,8267,0,1,0,0,1,0
50031,53,13734,11632,0,0,0,0,0,1,22,3,0,1,25366,1.180606894180349,49978,0,1,1,0,1,0
1843,443,9583,37057,0,0,0,0,1,0,22,3,0,1,46640,0.25859463543634303,1400,0,1,0,0,1,0
61428,53,66413,47330,0,0,1,0,1,0,22,3,0,1,113743,1.4031607191903825,61375,0,1,1,0,1,0
14504,80,21844,81493,0,0,1,0,1,0,22,3,0,1,103337,0.26804427319802687,14424,0,1,0,0,1,0
36209,80,7567,9558,0,0,1,0,1,0,23,3,0,1,17125,0.7916100010461345,36129,0,1,0,0,1,0
41020,443,28180,44793,1,0,1,0,0,1,23,3,0,1,72973,0.6291021118899852,40577,0,1,0,0,1,0
53,445,7231,29281,0,0,0,0,1,0,0,4,0,1,36512,0.2469435147872413,392,1,1,0,0,1,1
15844,21,9316,25210,0,0,1,1,0,0,0,4,0,1,34526,0.36952124072825354,15823,0,1,0,0,1,0
50420,445,2006,1785,0,1,1,0,1,0,0,4,0,1,3791,1.1231802911534154,49975,0,1,1,0,1,0
28427,443,10716,15474,0,0,1,0,1,0,0,4,0,1,26190,0.6924717285945072,27984,0,1,0,0,1,0
7028,1433,48568,152374,1,0,1,0,0,1,0,4,0,1,200942,0.3187399507793273,5595,0,0,0,0,1,0
31152,54619,23374,63729,0,0,1,0,1,0,0,4,0,1,87103,0.3667660442491762,23467,0,0,0,1,0,0
9063,445,401957,1057249,0,0,1,0,1,0,1,4,0,1,1459206,0.3801910617167179,8618,0,1,0,0,1,0
26885,1433,1440510,4118189,1,0,1,0,1,0,1,4,0,1,5558699,0.3497920202807544,25452,0,0,0,0,1,0
49398,80,10480,32054,0,0,1,0,1,0,1,4,0,1,42534,0.3269380751832787,49318,0,1,1,0,1,0
36886,3306,5806,8156,1,1,0,0,1,0,1,4,0,1,13962,0.7117812921417188,33580,0,0,0,0,1,0
1544,80,134283,391521,0,0,1,0,1,0,1,4,0,1,525804,0.34297689529579434,1464,0,1,0,0,1,0
24520,22,37659,61738,0,0,0,0,1,0,1,4,0,1,99397,0.6099710069810007,24498,0,1,0,0,1,0
56427,21,135591,127197,0,0,1,0,1,0,1,4,0,1,262788,1.065983741882734,56406,0,1,1,0,1,0
36959,445,41694,146292,0,0,1,0,1,0,1,4,0,1,187986,0.28500338362054234,36514,0,1,0,0,1,0
26237,21,16139,13012,0,0,0,0,1,0,2,4,0,1,29151,1.240221317144394,26216,0,1,0,0,1,0
445,3389,16286,57380,0,0,1,0,1,0,2,4,0,1,73666,0.2838221711019327,2944,1,0,0,0,1,1
31241,80,44021,25225,0,0,1,0,0,1,2,4,0,1,69246,1.7450646158725125,31161,0,1,0,0,1,0
65310,80,15712,19250,0,1,1,0,1,0,2,4,0,1,34962,0.8161653940055063,65230,0,1,1,0,1,0
11947,53,155003,607228,0,0,1,0,1,0,3,4,0,1,762231,0.2552628415309546,11894,0,1,0,0,1,0
16375,443,2741,5880,1,0,0,0,1,0,3,4,0,1,8621,0.4660771977554838,15932,0,1,0,0,1,0
59373,443,153680,37029,0,0,1,0,1,0,3,4,0,1,190709,4.150148528220362,58930,0,1,1,0,1,0
32352,22,1099,3130,0,0,1,0,1,0,3,4,0,1,4229,0.35100606834877035,32330,0,1,0,0,1,0
37983,3306,27782,41129,1,0,0,0,1,0,4,4,0,1,68911,0.6754680282032579,34677,0,0,0,0,1,0
61396,22,12969,52982,0,0,1,0,1,0,4,4,0,1,65951,0.24477662646509257,61374,0,1,1,0,1,0
62536,22,1946,7821,0,0,1,0,0,1,4,4,0,1,9767,0.24878547686013808,62514,0,1,1,0,1,0
33180,3389,815,2437,0,0,1,0,0,1,4,4,0,1,3252,0.3342904019688269,29791,0,0,0,0,1,0
53,1433,3804,8162,0,0,0,0,0,1,4,4,0,1,11966,0.4660051451672179,1380,1,0,0,0,1,1
49753,443,23696,30135,0,1,1,0,1,0,5,4,0,1,53831,0.7863020971595434,49310,0,1,1,0,1,0
52129,1433,8404,29239,0,0,1,0,1,0,5,4,0,1,37643,0.28741450068399454,50696,0,0,1,0,1,0
36420,53,4165,7768,0,0,1,0,1,0,5,4,0,1,11933,0.5361050328227571,36367,0,1,0,0,1,0
445,80,191692,244605,0,0,0,0,1,0,5,4,0,1,436297,0.7836766064610026,365,1,1,0,0,1,1
32808,21,3067,5642,0,0,1,0,1,0,5,4,0,1,8709,0.543505227715754,32787,0,1,0,0,1,0
52513,80,65289,246511,0,0,0,0,0,1,5,4,0,1,311800,0.2648512039981826,52433,0,1,1,0,1,0
38855,53,5311,13183,1,0,1,0,1,0,5,4,0,1,18494,0.4028367718446602,38802,0,1,0,0,1,0
3389,3389,3653,568,1,1,1,0,0,1,6,4,0,0,4221,6.420035149384886,0,0,0,0,0,1,1
62746,5568,8382,11858,0,0,1,0,0,1,6,4,0,0,20240,0.7068049582595497,57178,0,0,1,0,0,0
443,1433,59389,187752,0,0,1,0,1,0,6,4,0,0,247141,0.31631451960820867,990,1,0,0,0,1,1
51896,443,2454,7349,0,0,1,0,1,0,6,4,0,0,9803,0.33387755102040817,51453,0,1,1,0,1,0
445,1433,34889,54332,0,0,0,0,1,0,6,4,0,0,89221,0.6421327738206983,988,1,0,0,0,1,1
38390,445,4735,4606,0,0,1,0,1,0,6,4,0,0,9341,1.0277838072498373,37945,0,1,0,0,1,0
56951,25,6315,17387,1,0,1,0,1,0,6,4,0,0,23702,0.3631815044858523,56926,0,1,1,0,1,0
47651,1433,41815,116350,0,0,1,0,0,1,7,4,0,0,158165,0.35938668339765023,46218,0,0,0,0,1,0
55924,25,713239,1216910,1,0,0,0,1,0,7,4,0,0,1930149,0.5861061326588386,55899,0,1,1,0,1,0
55505,80,5127,17499,0,0,0,0,1,0,7,4,0,0,22626,0.29297142857142855,55425,0,1,1,0,1,0
36067,22,69689,74203,0,0,1,0,1,0,7,4,0,0,143892,0.9391542234919951,36045,0,1,0,0,1,0
43826,1433,13355,2826,0,0,1,0,1,0,7,4,0,0,16181,4.724089140431553,42393,0,0,0,0,1,0
53970,21,10305,38217,0,1,0,0,1,0,8,4,0,0,48522,0.2696373436600555,53949,0,1,1,0,1,0
53648,25,122296,465168,0,0,0,0,1,0,8,4,0,0,587464,0.2629065995369425,53623,0,1,1,0,1,0
25942,1433,5712,18206,0,0,0,0,0,1,8,4,0,0,23918,0.3137254901960784,24509,0,0,0,0,1,0
65039,3389,3475,699,0,0,1,0,1,0,8,4,0,0,4174,4.964285714285714,61650,0,0,1,0,1,0
1433,80,45994,121836,1,1,1,0,1,0,9,4,0,0,167830,0.3775043705934979,1353,0,1,0,0,1,1
40461,3306,282562,593199,0,0,1,0,1,0,9,4,0,0,875761,0.4763351314902225,37155,0,0,0,0,1,0
46616,3389,73129,214983,0,0,0,0,1,0,9,4,0,0,288112,0.3401601979682209,43227,0,0,0,0,1,0
20219,443,2318,8466,0,0,1,0,1,0,9,4,0,0,10784,0.2737687492618401,19776,0,1,0,0,1,0
21,80,8229,33904,1,0,0,0,1,0,9,4,0,0,42133,0.24270756525586196,59,1,1,0,0,1,1
42920,3306,105594,23314,0,0,1,0,1,0,9,4,0,0,128908,4.5290156551576235,39614,0,0,0,0,1,0
58822,443,276447,234535,0,0,0,0,1,0,10,4,0,0,510982,1.1786975133881366,58379,0,1,1,0,1,0
49260,80,31759,90214,0,0,0,0,1,0,10,4,0,0,121973,0.35203680097544754,49180,0,1,1,0,1,0
51454,25,8719,2616,1,0,1,0,1,0,10,4,0,0,11335,3.3316774933129536,51429,0,1,1,0,1,0
34670,25,306701,1095421,1,0,0,0,1,0,10,4,0,0,1402122,0.27998433480430374,34645,0,1,0,0,1,0
62491,1433,19548,65684,0,0,1,0,0,1,10,4,0,0,85232,0.29760219228134277,61058,0,0,1,0,1,0
443,443,8355,25536,0,1,0,0,1,0,10,4,0,0,33891,0.32717233817597996,0,1,1,0,0,1,1
62180,21,6374,21849,0,0,1,0,1,0,11,4,0,0,28223,0.2917162471395881,62159,0,1,1,0,1,0
9604,25,3255,5056,0,0,1,0,1,0,11,4,0,0,8311,0.643662250346055,9579,0,1,0,0,1,0
53,3389,2050775,3623096,0,0,1,0,1,0,11,4,0,0,5673871,0.566028179758919,3336,1,0,0,0,1,1
21196,445,213957,185718,0,0,1,0,1,0,11,4,0,0,399675,1.1520469095784491,20751,0,1,0,0,1,0
3389,80,7707,21359,0,0,1,0,1,0,11,4,0,0,29066,0.360814606741573,3309,0,1,0,0,1,1
19657,445,351836,593517,0,0,1,0,1,0,11,4,0,0,945353,0.5927975225688185,19212,0,1,0,0,1,0
21,445,51703,8374,1,0,1,0,0,1,12,4,0,0,60077,6.173492537313432,424,1,1,0,0,1,1
61139,3306,47031,135511,1,0,1,0,1,0,12,4,0,0,182542,0.3470615148473936,57833,0,0,1,0,1,0
4228,21,6983,16432,0,0,1,0,0,1,13,4,0,0,23415,0.4249376255096452,4207,0,1,0,0,1,0
4366,443,9675,28239,0,0,1,0,1,0,13,4,0,0,37914,0.34259915014164305,3923,0,1,0,0,1,0
29001,3389,20580,69427,0,0,1,0,1,0,14,4,0,0,90007,0.29642219277524917,25612,0,0,0,0,1,0
3306,80,948,1529,0,0,0,0,0,1,14,4,0,0,2477,0.6196078431372549,3226,0,1,0,0,1,1
1433,21,10108,11758,0,0,0,0,0,1,14,4,0,0,21866,0.8595969044986819,1412,0,1,0,0,1,1
23264,80,22185,18272,0,0,0,0,1,0,14,4,0,0,40457,1.214086356920046,23184,0,1,0,0,1,0
41857,80,179015,607610,0,0,0,0,1,0,14,4,0,0,786625,0.2946210651222575,41777,0,1,0,0,1,0
13491,21,8213,4046,1,0,1,0,1,0,15,4,0,0,12259,2.029404497158389,13470,0,1,0,0,1,0
7941,3389,80774,49636,0,0,1,0,1,0,15,4,0,0,130410,1.627294155569434,4552,0,0,0,0,1,0
53,443,815,3230,0,0,1,0,1,0,15,4,0,0,4045,0.25224388734138037,390,1,1,0,0,1,1
10174,21,142521,85468,0,0,1,0,1,0,16,4,0,0,227989,1.6675168774643438,10153,0,1,0,0,1,0
45395,53,5215,2501,1,0,0,0,0,1,16,4,0,0,7716,2.084332533972822,45342,0,1,0,0,1,0
6002,21,27131,18886,0,0,0,0,1,0,16,4,0,0,46017,1.4364907078943188,5981,0,1,0,0,1,0
80,22,42198,24498,0,0,1,0,1,0,16,4,0,0,66696,1.7224376505163477,58,1,1,0,0,1,1
9467,443,30831,59917,0,0,0,0,0,1,16,4,0,0,90748,0.5145532227377416,9024,0,1,0,0,1,0
9024,443,18567,67226,0,0,1,0,1,0,16,4,0,0,85793,0.2761836762015262,8581,0,1,0,0,1,0
35957,22,3021,6470,1,0,0,0,1,0,17,4,0,0,9491,0.4668521094112193,35935,0,1,0,0,1,0
27860,443,5306,1564,0,0,0,0,1,0,17,4,0,0,6870,3.390415335463259,27417,0,1,0,0,1,0
3389,3389,108476,263128,0,1,0,0,1,0,17,4,0,0,371604,0.4122540654963915,0,0,0,0,0,1,1
26737,1433,8469,28894,0,0,0,0,1,0,17,4,0,0,37363,0.293095691296072,25304,0,0,0,0,1,0
30749,80,18671,68375,0,0,0,0,1,0,17,4,0,0,87046,0.2730636480636481,30669,0,1,0,0,1,0
18778,1433,2023,487,1,1,0,0,1,0,17,4,0,0,2510,4.145491803278689,17345,0,0,0,0,1,0
20283,3306,87004,226457,0,0,1,0,1,0,18,4,0,0,313461,0.3841948617403669,16977,0,0,0,0,1,0
55068,25,2667,11057,1,0,1,0,1,0,18,4,0,0,13724,0.24118285404232231,55043,0,1,1,0,1,0
34874,445,95372,315017,0,0,1,0,1,0,18,4,0,0,410389,0.3027509539137446,34429,0,1,0,0,1,0
13384,445,4022,7066,0,0,1,0,0,1,18,4,0,0,11088,0.5691240979199095,12939,0,1,0,0,1,0
21600,3306,111659,429081,0,0,1,0,1,0,18,4,0,0,540740,0.2602276487944029,18294,0,0,0,0,1,0
15735,80,22388,79524,0,0,1,0,1,0,18,4,0,0,101912,0.28152153410877084,15655,0,1,0,0,1,0
22,10600,9009,26897,0,0,1,0,1,0,19,4,0,0,35906,0.33493196520187374,10578,1,0,0,0,0,1
20719,53,285113,81354,0,0,1,0,1,0,19,4,0,0,366467,3.504554114682564,20666,0,1,0,0,1,0
21,3306,19728,45172,0,0,1,0,1,0,19,4,0,0,64900,0.4367210501848449,3285,1,0,0,0,1,1
3306,53,12346,40779,1,0,0,0,1,0,19,4,0,0,53125,0.30274644433545855,3253,0,1,0,0,1,1
445,25,94333,246387,0,0,1,0,0,1,20,4,0,0,340720,0.38286361348766984,420,1,1,0,0,1,1
28735,22,2061,7172,0,0,1,0,1,0,20,4,0,0,9233,0.28732747804265996,28713,0,1,0,0,1,0
16764,25,386,62,0,0,0,0,1,0,20,4,0,0,448,6.126984126984127,16739,0,1,0,0,1,0
1204,1433,140472,320231,0,0,1,0,0,1,20,4,0,0,460703,0.4386569736940718,229,0,0,0,0,1,0
53,25,5778,22511,0,0,1,0,1,0,20,4,0,0,28289,0.2566631130063966,28,1,1,0,0,1,1
3306,445,87850,244861,0,0,1,0,1,0,20,4,0,0,332711,0.3587735132441947,2861,0,1,0,0,1,1
16678,443,23714,10355,0,0,1,0,1,0,20,4,0,0,34069,2.2898802626496715,16235,0,1,0,0,1,0
43115,1433,3420,595,0,0,0,0,1,0,21,4,0,0,4015,5.738255033557047,41682,0,0,0,0,1,0
3389,443,58200,32241,0,0,1,0,0,1,21,4,0,0,90441,1.8050989392717574,2946,0,1,0,0,1,1
61629,25,11426,2969,0,0,1,0,1,0,21,4,0,0,14395,3.847138047138047,61604,0,1,1,0,1,0
15851,25,3929,5450,0,0,0,1,0,0,22,4,0,1,9379,0.7207851770317373,15826,0,1,0,0,1,0
17437,21,4096,14188,1,0,1,0,1,0,22,4,0,1,18284,0.2886743251814786,17416,0,1,0,0,1,0
80,80,1376,666,0,1,1,0,1,0,22,4,0,1,2042,2.062968515742129,0,1,1,0,0,1,1
59640,53,41975,71289,0,0,1,0,1,0,23,4,0,1,113264,0.5887922569785383,59587,0,1,1,0,1,0
22,3389,4931,16624,0,0,1,0,1,0,23,4,0,1,21555,0.2966015037593985,3367,1,0,0,0,1,1
50518,445,20836,81768,0,0,1,0,1,0,23,4,0,1,102604,0.25481539458719077,50073,0,1,1,0,1,0
19632,25,16469,52621,0,0,1,0,1,0,23,4,0,1,69090,0.3129679601687507,19607,0,1,0,0,1,0
3980,3389,4882,16895,0,0,1,0,0,1,23,4,0,1,21777,0.2889441287878788,591,0,0,0,0,1,0
29809,445,1926,186,0,0,0,0,1,0,23,4,0,1,2112,10.29946524064171,29364,0,1,0,0,1,0
18531,3306,1269250,725009,0,0,0,0,1,0,23,4,0,1,1994259,1.7506655080619578,15225,0,0,0,0,1,0
30850,3389,20380,42369,0,0,1,0,1,0,23,4,0,1,62749,0.48100070804814726,27461,0,0,0,0,1,0
31282,80,407343,737260,0,0,1,0,1,0,0,5,1,1,1144603,0.5525085417511574,31202,0,1,0,0,1,0
18729,21,142044,40785,0,0,1,0,1,0,0,5,1,1,182829,3.482665620556073,18708,0,1,0,0,1,0
45653,22,13175,32774,0,0,0,0,1,0,1,5,1,1,45949,0.40198321891685734,45631,0,1,0,0,1,0
443,21,29423,122390,0,0,1,0,1,0,1,5,1,1,151813,0.24040166352101053,422,1,1,0,0,1,1
9404,3389,28087,91274,0,0,1,0,0,1,1,5,1,1,119361,0.30771843330594356,6015,0,0,0,0,1,0
11695,443,421140,1038726,1,0,0,0,1,0,1,5,1,1,1459866,0.4054385801081516,11252,0,1,0,0,1,0
59933,80,83094,79653,0,0,1,0,1,0,1,5,1,1,162747,1.0431867828357646,59853,0,1,1,0,1,0
6155,25,6053,16935,0,0,1,0,1,0,1,5,1,1,22988,0.35740434577231933,6130,0,1,0,0,1,0
11391,22,38661,53322,0,0,0,0,1,0,2,5,1,1,91983,0.7250342253811676,11369,0,1,0,0,1,0
54083,21,79770,217066,0,0,0,0,1,0,2,5,1,1,296836,0.36749022191304986,54062,0,1,1,0,1,0
2203,22,3359,14058,0,0,0,0,1,0,2,5,1,1,17417,0.2389216871754748,2181,0,1,0,0,1,0
57679,3389,48564,178623,0,1,1,0,1,0,2,5,1,1,227187,0.27187835901110713,54290,0,0,1,0,1,0
443,3306,189620,517905,0,0,1,0,0,1,2,5,1,1,707525,0.36612821631724674,2863,1,0,0,0,1,1
55026,22,5586,20009,0,0,0,0,1,0,2,5,1,1,25595,0.279160419790105,55004,0,1,1,0,1,0
28354,21,6968,10895,0,0,1,0,1,0,2,5,1,1,17863,0.6395007342143906,28333,0,1,0,0,1,0
31164,445,141033,559883,0,0,1,0,1,0,3,5,1,1,700916,0.25189682148445036,30719,0,1,0,0,1,0
23123,42877,12496,13491,0,0,1,0,0,1,3,5,1,1,25987,0.9261784761340054,19754,0,0,0,0,0,0
25,53,4576,6906,0,0,1,0,1,0,3,5,1,1,11482,0.6625162878239467,28,1,1,0,0,1,1
24679,21,90367,176552,0,0,0,0,0,1,3,5,1,1,266919,0.5118406370891461,24658,0,1,0,0,1,0
25,80,55435,22422,0,0,0,0,0,1,4,5,1,1,77857,2.472238326718102,55,1,1,0,0,1,1
55164,445,25617,85855,0,0,1,0,1,0,4,5,1,1,111472,0.29837169213566905,54719,0,1,1,0,1,0
1433,3389,133163,463270,0,0,0,1,0,0,4,5,1,1,596433,0.28744082837043544,1956,0,0,0,0,1,1
443,22,149196,571500,0,0,1,0,1,0,4,5,1,1,720696,0.26105991065632433,421,1,1,0,0,1,1
56945,21,19292,7245,0,0,1,0,1,0,4,5,1,1,26537,2.662434446591223,56924,0,1,1,0,1,0
58928,53,518617,1456543,0,0,0,0,1,0,5,5,1,1,1975160,0.35605996111343013,58875,0,1,1,0,1,0
80,25,277457,213781,0,0,1,0,1,0,5,5,1,1,491238,1.2978501464108296,55,1,1,0,0,1,1
48285,445,920,748,1,0,1,0,1,0,5,5,1,1,1668,1.2283044058744994,47840,0,1,0,0,1,0
1433,3389,4237,2660,0,0,1,0,1,0,6,5,1,0,6897,1.592258549417512,1956,0,0,0,0,1,1
80,80,596,929,1,1,0,0,1,0,6,5,1,0,1525,0.6408602150537634,0,1,1,0,0,1,1
21,3389,13101,52077,1,0,1,0,0,1,6,5,1,0,65178,0.2515649602519298,3368,1,0,0,0,1,1
57784,53,3171,1349,0,0,1,0,1,0,6,5,1,0,4520,2.348888888888889,57731,0,1,1,0,1,0
58125,19338,5985,8174,0,0,1,0,1,0,7,5,1,0,14159,0.7321100917431193,38787,0,0,1,0,0,0
62202,3389,126109,23716,0,0,1,0,0,1,7,5,1,0,149825,5.317240797740018,58813,0,0,1,0,1,0
57459,445,1329,2883,1,0,0,0,1,0,7,5,1,0,4212,0.46081830790568656,57014,0,1,1,0,1,0
26544,445,27107,110847,0,0,1,0,1,0,7,5,1,0,137954,0.24454207563510394,26099,0,1,0,0,1,0
80,80,26846,61888,0,0,1,0,1,0,8,5,1,0,88734,0.4337766000420107,0,1,1,0,0,1,1
42292,3306,19306,56714,0,0,0,0,1,0,8,5,1,0,76020,0.34040377325222604,38986,0,0,0,0,1,0
18553,1433,27153,95894,0,0,1,0,1,0,8,5,1,0,123047,0.28315344908493667,17120,0,0,0,0,1,0
45551,22,619,1577,0,0,0,0,1,0,8,5,1,0,2196,0.39226869455006336,45529,0,1,0,0,1,0
40336,445,6031,19708,0,0,1,0,1,0,9,5,1,0,25739,0.306002333959105,39891,0,1,0,0,1,0
52774,53,260094,1062150,1,0,1,0,1,0,9,5,1,0,1322244,0.24487478710654134,52721,0,1,1,0,1,0
30083,3306,3245,6519,0,0,0,0,1,0,10,5,1,0,9764,0.4976993865030675,26777,0,0,0,0,1,0
43961,443,316974,1283179,0,0,0,0,1,0,10,5,1,0,1600153,0.2470222416184791,43518,0,1,0,0,1,0
47666,445,2319,6320,0,0,1,0,1,0,10,5,1,0,8639,0.36687233032747985,47221,0,1,0,0,1,0
14188,1433,1913,1408,0,0,1,0,1,0,10,5,1,0,3321,1.3577004968062456,12755,0,0,0,0,1,0
24057,3389,4803,2165,1,0,1,0,0,1,10,5,1,0,6968,2.2174515235457064,20668,0,0,0,0,1,0
55851,445,134125,457085,0,0,0,0,0,1,10,5,1,0,591210,0.29343493346985033,55406,0,1,1,0,1,0
23963,443,9193,5800,0,0,1,0,0,1,10,5,1,0,14993,1.5847267712463369,23520,0,1,0,0,1,0
11982,80,38278,125466,0,0,1,0,1,0,10,5,1,0,163744,0.3050842054085935,11902,0,1,0,0,1,0
3389,49686,24780,97635,1,0,0,1,0,0,10,5,1,0,122415,0.25379982793232003,46297,0,0,0,1,0,1
64682,604,2523,4996,0,1,1,0,1,0,10,5,1,0,7519,0.504902941765059,64078,0,1,1,0,0,0
21,3306,169158,312637,0,0,1,0,1,0,11,5,1,0,481795,0.5410666649607533,3285,1,0,0,0,1,1
27232,3306,75692,292709,0,0,1,0,1,0,11,5,1,0,368401,0.25859041372006425,23926,0,0,0,0,1,0
64156,3306,3538,7354,0,0,1,1,0,0,11,5,1,0,10892,0.4810333106730116,60850,0,0,1,0,1,0
29517,21,14172,18177,1,0,0,0,1,0,11,5,1,0,32349,0.7796237209814061,29496,0,1,0,0,1,0
54659,3389,358435,495482,0,0,0,0,1,0,11,5,1,0,853917,0.7234052429649453,51270,0,0,1,0,1,0
37954,3306,36728,136504,0,0,1,0,1,0,11,5,1,0,173232,0.26905974140141387,34648,0,0,0,0,1,0
25,25,1973,6749,0,0,0,0,1,0,11,5,1,0,8722,0.2922962962962963,0,1,1,0,0,1,1
17449,80,2209,1006,0,0,1,0,1,0,11,5,1,0,3215,2.1936444885799404,17369,0,1,0,0,1,0
22,53,91512,288842,0,0,1,0,1,0,12,5,1,0,380354,0.31682263374913017,31,1,1,0,0,1,1
62123,21,67771,118850,0,0,1,0,1,0,12,5,1,0,186621,0.5702181723334259,62102,0,1,1,0,1,0
12023,3389,5043,1261,0,0,1,0,1,0,12,5,1,0,6304,3.9960380348652933,8634,0,0,0,0,1,0
65293,847,358,1111,0,1,1,0,1,0,13,5,1,0,1469,0.32194244604316546,64446,0,1,1,0,0,0
3340,53,284653,458621,0,0,1,0,1,0,13,5,1,0,743274,0.6206701815438422,3287,0,1,0,0,1,0
21662,53,226970,952633,0,0,1,0,1,0,13,5,1,0,1179603,0.23825519559453054,21609,0,1,0,0,1,0
15247,53,286887,642718,0,0,0,0,1,0,13,5,1,0,929605,0.4463645854564748,15194,0,1,0,0,1,0
2777,10792,53572,211073,0,0,1,0,1,0,13,5,1,0,264645,0.25380672181320296,8015,0,0,0,0,0,0
80,80,16576,33914,0,0,0,0,1,0,13,5,1,0,50490,0.4887512899896801,0,1,1,0,0,1,1
40219,445,11568,18116,0,0,0,0,1,0,13,5,1,0,29684,0.6385163106474582,39774,0,1,0,0,1,0
44664,700,1057,163,0,1,1,0,0,1,13,5,1,0,1220,6.445121951219512,43964,0,1,0,0,0,0
53,445,5422,15379,0,0,0,0,1,0,14,5,1,0,20801,0.35253576072821846,392,1,1,0,0,1,1
23456,443,12395,36618,0,0,1,0,1,0,14,5,1,0,49013,0.33848548567683445,23013,0,1,0,0,1,0
53179,21,169429,199357,1,0,1,0,1,0,14,5,1,0,368786,0.8498730926273338,53158,0,1,1,0,1,0
26629,21,1678,4860,0,0,1,0,1,0,14,5,1,0,6538,0.3451964616334088,26608,0,1,0,0,1,0
41964,443,1872,4446,0,0,1,0,0,1,14,5,1,0,6318,0.42095794917922197,41521,0,1,0,0,1,0
63358,25,83187,145903,0,0,1,0,1,0,14,5,1,0,229090,0.570148865007128,63333,0,1,1,0,1,0
37154,445,12578,26817,0,0,1,0,1,0,14,5,1,0,39395,0.4690133492430457,36709,0,1,0,0,1,0
3306,1433,1011,417,0,0,0,1,0,0,14,5,1,0,1428,2.4186602870813396,1873,0,0,0,0,1,1
63707,53,19967,33979,0,0,1,0,1,0,14,5,1,0,53946,0.5876103590347264,63654,0,1,1,0,1,0
52995,25,15889,25665,0,0,1,0,1,0,15,5,1,0,41554,0.6190680277409802,52970,0,1,1,0,1,0
48767,3306,11050,46376,1,0,1,0,1,0,15,5,1,0,57426,0.23826465704983074,45461,0,0,0,0,1,0
23950,53,65981,133167,0,0,0,0,1,0,15,5,1,0,199148,0.49547188513757057,23897,0,1,0,0,1,0
34992,3389,2609,9150,0,0,0,1,0,0,15,5,1,0,11759,0.28510545295596107,31603,0,0,0,0,1,0
443,3306,22488,79199,0,0,0,0,1,0,15,5,1,0,101687,0.28393939393939394,2863,1,0,0,0,1,1
1354,443,15716,14636,0,0,0,0,0,1,15,5,1,0,30352,1.0737172917947666,911,0,1,0,0,1,0
35393,443,23400,95574,0,0,0,1,0,0,15,5,1,0,118974,0.24483390007847242,34950,0,1,0,0,1,0
33146,25,1378,261,0,0,1,0,1,0,16,5,1,0,1639,5.259541984732825,33121,0,1,0,0,1,0
52853,445,9544,10997,0,0,1,0,1,0,16,5,1,0,20541,0.8677941443898891,52408,0,1,1,0,1,0
2404,21,22734,90433,1,0,1,0,1,0,16,5,1,0,113167,0.2513877523940111,2383,0,1,0,0,1,0
42585,445,52357,178150,0,0,1,0,1,0,16,5,1,0,230507,0.29389113729364413,42140,0,1,0,0,1,0
33870,80,422622,635954,0,0,1,0,1,0,16,5,1,0,1058576,0.6645470198363091,33790,0,1,0,0,1,0
63161,53,79978,292071,0,0,1,0,1,0,17,5,1,0,372049,0.2738297406119039,63108,0,1,1,0,1,0
57659,80,46066,26434,0,0,1,0,1,0,17,5,1,0,72500,1.7426139587667864,57579,0,1,1,0,1,0
3911,1433,168444,216503,1,0,1,0,0,1,17,5,1,0,384947,0.7780179580977719,2478,0,0,0,0,1,0
21,443,13546,38429,0,0,1,0,1,0,17,5,1,0,51975,0.35248503773093937,422,1,1,0,0,1,1
53657,25,264682,130748,1,0,1,0,1,0,18,5,1,0,395430,2.024352002692181,53632,0,1,1,0,1,0
25,1433,132036,54582,1,0,0,0,0,1,18,5,1,0,186618,2.4189949251598484,1408,1,0,0,0,1,1
41906,3389,10792,24687,0,0,0,0,1,0,18,5,1,0,35479,0.4371354504212573,38517,0,0,0,0,1,0
27631,445,478460,1279232,0,0,1,0,1,0,18,5,1,0,1757692,0.37402099539333333,27186,0,1,0,0,1,0
49025,21,45030,47268,0,0,0,0,1,0,18,5,1,0,92298,0.9526328037402949,49004,0,1,0,0,1,0
10560,80,735827,1720001,0,0,1,0,1,0,19,5,1,0,2455828,0.42780589790011875,10480,0,1,0,0,1,0
32612,21,35778,51569,0,0,1,0,1,0,19,5,1,0,87347,0.6937754508435137,32591,0,1,0,0,1,0
39375,443,8963,14810,0,1,1,0,1,0,19,5,1,0,23773,0.6051583282695294,38932,0,1,0,0,1,0
49415,53,6450,4430,1,0,0,0,1,0,19,5,1,0,10880,1.4556533513879486,49362,0,1,1,0,1,0
1433,1433,12466,10391,0,0,1,1,0,0,19,5,1,0,22857,1.199576597382602,0,0,0,0,0,1,1
57776,22,8830,6759,0,0,1,0,1,0,20,5,1,0,15589,1.3062130177514792,57754,0,1,1,0,1,0
48340,53,168420,307755,0,0,1,0,1,0,20,5,1,0,476175,0.5472517188941889,48287,0,1,0,0,1,0
47938,25,21028,48331,0,0,1,0,1,0,20,5,1,0,69359,0.4350740710088554,47913,0,1,0,0,1,0
445,25,1664,5686,0,0,1,0,1,0,20,5,1,0,7350,0.2925971513979251,420,1,1,0,0,1,1
24965,3306,30971,53263,0,0,1,0,1,0,20,5,1,0,84234,0.5814621507960348,21659,0,0,0,0,1,0
28957,80,26925,108726,0,0,0,0,0,1,20,5,1,0,135651,0.24763858103323003,28877,0,1,0,0,1,0
21,3389,10406,7484,0,0,1,0,1,0,20,5,1,0,17890,1.390247160988644,3368,1,0,0,0,1,1
28419,1433,33797,102763,0,0,1,0,1,0,21,5,1,0,136560,0.3288797633412479,26986,0,0,0,0,1,0
8459,1433,20525,66221,0,0,1,0,1,0,21,5,1,0,86746,0.3099423152426686,7026,0,0,0,0,1,0
29386,21,60719,77263,0,0,0,0,1,0,21,5,1,0,137982,0.7858640505280596,29365,0,1,0,0,1,0
10161,25,55268,57389,0,0,1,0,1,0,22,5,1,1,112657,0.9630249172329675,10136,0,1,0,0,1,0
3024,22,39491,124694,0,0,0,0,1,0,22,5,1,1,164185,0.3167007498295842,3002,0,1,0,0,1,0
10595,53,2756,1478,0,0,1,0,1,0,22,5,1,1,4234,1.86342123056119,10542,0,1,0,0,1,0
50297,3306,653715,487646,0,0,1,0,1,0,22,5,1,1,1141361,1.340549618884152,46991,0,0,1,0,1,0
32336,443,1826,248,0,0,1,0,1,0,22,5,1,1,2074,7.333333333333333,31893,0,1,0,0,1,0
36389,3306,17927,6204,0,0,1,0,1,0,23,5,1,1,24131,2.8891216760676874,33083,0,0,0,0,1,0
1433,21,3823,9032,0,0,1,0,1,0,23,5,1,1,12855,0.423225949297022,1412,0,1,0,0,1,1
61581,22,41528,113583,0,0,0,1,0,0,23,5,1,1,155111,0.36561487533455417,61559,0,1,1,0,1,0
42380,53,27486,91072,0,0,1,0,1,0,23,5,1,1,118558,0.3018018512621743,42327,0,1,0,0,1,0
54029,53,16814,1693,0,0,1,0,1,0,23,5,1,1,18507,9.925619834710744,53976,0,1,1,0,1,0
1433,3306,249805,116949,1,0,1,0,1,0,23,5,1,1,366754,2.1359982898674645,1873,0,0,0,0,1,1
59691,3306,129779,273147,0,0,1,0,1,0,23,5,1,1,402926,0.4751233763381024,56385,0,0,1,0,1,0
25,1433,13050,30494,0,0,1,0,1,0,0,6,1,1,43544,0.4279390063944909,1408,1,0,0,0,1,1
3389,3389,79747,120233,0,1,0,0,1,0,0,6,1,1,199980,0.663264966648369,0,0,0,0,0,1,1
2944,21,269274,168816,0,0,1,0,1,0,0,6,1,1,438090,1.5950644781035086,2923,0,1,0,0,1,0
26194,445,128303,362262,0,0,1,0,1,0,0,6,1,1,490565,0.3541708648136851,25749,0,1,0,0,1,0
3306,3389,17712,67908,1,0,0,0,0,1,0,6,1,1,85620,0.2608196262645599,83,0,0,0,0,1,1
3389,80,1729,1174,0,0,1,0,1,0,0,6,1,1,2903,1.4714893617021276,3309,0,1,0,0,1,1
59550,21,37028,52335,0,0,1,0,1,0,0,6,1,1,89363,0.7075053500458576,59529,0,1,1,0,1,0
25,22,64201,223906,0,0,0,0,1,0,0,6,1,1,288107,0.28673065156515876,3,1,1,0,0,1,1
22,865,11172,46022,1,1,1,0,0,1,0,6,1,1,57194,0.24274819112183038,843,1,1,0,0,0,1
62287,22,22835,69801,0,0,1,0,1,0,0,6,1,1,92636,0.3271396235064898,62265,0,1,1,0,1,0
63792,443,19290,13515,0,0,1,0,1,0,1,6,1,1,32805,1.427197395679195,63349,0,1,1,0,1,0
1433,445,202873,288482,0,0,0,0,0,1,1,6,1,1,491355,0.7032407455551973,988,0,1,0,0,1,1
63391,80,427669,440274,0,0,1,0,1,0,1,6,1,1,867943,0.971367895065584,63311,0,1,1,0,1,0
29740,22,144400,266379,0,0,1,0,1,0,1,6,1,1,410779,0.5420827389443652,29718,0,1,0,0,1,0
45065,25,19208,43534,0,0,1,0,1,0,1,6,1,1,62742,0.44120822326863446,45040,0,1,0,0,1,0
21510,3306,138184,16181,0,0,1,0,0,1,1,6,1,1,154365,8.53936472623903,18204,0,0,0,0,1,0
48028,21,62196,204063,0,0,1,0,0,1,2,6,1,1,266259,0.3047867335737808,48007,0,1,0,0,1,0
49021,1433,19538,11038,1,0,1,0,0,1,3,6,1,1,30576,1.7699066944469608,47588,0,0,0,0,1,0
54632,53,626450,2015692,0,0,0,0,1,0,3,6,1,1,2642142,0.310786414399415,54579,0,1,1,0,1,0
26116,443,6762,8888,0,0,1,0,0,1,3,6,1,1,15650,0.7607154910563618,25673,0,1,0,0,1,0
12741,26009,57887,94340,0,0,1,0,1,0,3,6,1,1,152227,0.6135932415386736,13268,0,0,0,0,0,0
7123,25,84397,180609,0,0,0,0,1,0,4,6,1,1,265006,0.4672886329660595,7098,0,1,0,0,1,0
3306,21,13904,44788,1,0,1,0,1,0,4,6,1,1,58692,0.3104333653352386,3285,0,1,0,0,1,1
20483,3389,53885,53739,1,0,0,0,1,0,5,6,1,1,107624,1.0026981764049125,17094,0,0,0,0,1,0
8692,443,99987,200390,0,0,1,0,1,0,5,6,1,1,300377,0.49895953411081334,8249,0,1,0,0,1,0
26296,80,32578,52233,0,0,1,0,1,0,6,6,1,0,84811,0.6236933797909407,26216,0,1,0,0,1,0
22,21,46910,143757,0,0,0,0,0,1,6,6,1,0,190667,0.32631227479514185,1,1,1,0,0,1,1
46584,80,26073,107746,0,0,0,0,1,0,6,6,1,0,133819,0.2419835355044688,46504,0,1,0,0,1,0
53,3306,78907,106810,0,0,0,0,1,0,6,6,1,0,185717,0.7387534991714336,3253,1,0,0,0,1,1
25609,25,15269,11844,1,0,1,0,0,1,6,6,1,0,27113,1.2890671169269734,25584,0,1,0,0,1,0
14289,25,13374,40734,1,0,1,0,1,0,7,6,1,0,54108,0.32831717196514054,14264,0,1,0,0,1,0
1433,80,22763,71996,0,1,1,0,1,0,7,6,1,0,94759,0.31616595135908443,1353,0,1,0,0,1,1
10682,21,146366,577537,0,0,1,0,1,0,7,6,1,0,723903,0.25343094307214414,10661,0,1,0,0,1,0
18143,25,1345,3820,0,0,1,0,1,0,7,6,1,0,5165,0.3520020936927506,18118,0,1,0,0,1,0
13901,443,5141,13746,0,0,1,0,1,0,7,6,1,0,18887,0.37397250309158364,13458,0,1,0,0,1,0
36012,3389,840062,153314,0,0,1,0,1,0,7,6,1,0,993376,5.47932035352053,32623,0,0,0,0,1,0
44496,53,34210,10255,0,0,0,0,0,1,7,6,1,0,44465,3.3356084243369737,44443,0,1,0,0,1,0
18645,57766,11484,21363,0,0,0,0,1,0,8,6,1,0,32847,0.5375397865568246,39121,0,0,0,1,0,0
3505,80,78571,212687,0,0,1,0,1,0,8,6,1,0,291258,0.36941905514180395,3425,0,1,0,0,1,0
7550,3389,6272,16513,1,0,1,0,1,0,8,6,1,0,22785,0.3797989584594889,4161,0,0,0,0,1,0
17577,25,761,1844,1,0,1,0,1,0,8,6,1,0,2605,0.4124661246612466,17552,0,1,0,0,1,0
24410,22,38858,151639,0,0,0,0,1,0,8,6,1,0,190497,0.2562516486415194,24388,0,1,0,0,1,0
1880,1433,6841,28504,0,0,1,0,0,1,8,6,1,0,35345,0.23999298368707245,447,0,0,0,0,1,0
44442,21,25905,77490,0,0,0,0,1,0,9,6,1,0,103395,0.3342968860899975,44421,0,1,0,0,1,0
58329,53,37310,135023,0,0,1,0,1,0,9,6,1,0,172333,0.27632124659319823,58276,0,1,1,0,1,0
48166,25,27650,7089,0,0,1,0,0,1,9,6,1,0,34739,3.8998589562764456,48141,0,1,0,0,1,0
64158,443,1430,1284,1,0,0,0,1,0,9,6,1,0,2714,1.11284046692607,63715,0,1,1,0,1,0
21,80,22972,58810,0,0,1,0,1,0,9,6,1,0,81782,0.390607199333458,59,1,1,0,0,1,1
15491,3389,44862,52535,0,0,1,0,1,0,9,6,1,0,97397,0.8539287345820009,12102,0,0,0,0,1,0
19602,3389,2344,517,0,0,1,0,1,0,9,6,1,0,2861,4.525096525096525,16213,0,0,0,0,1,0
445,25,1937,6765,0,0,1,0,0,1,9,6,1,0,8702,0.28628436299142773,420,1,1,0,0,1,1
22,443,3982,2669,0,0,1,0,1,0,10,6,1,0,6651,1.4913857677902622,421,1,1,0,0,1,1
51902,22,72752,182075,0,0,1,0,1,0,10,6,1,0,254827,0.39956941057580353,51880,0,1,1,0,1,0
55287,445,900,2153,0,0,0,0,1,0,11,6,1,0,3053,0.4178272980501393,54842,0,1,1,0,1,0
25,445,83086,346642,0,0,1,0,0,1,11,6,1,0,429728,0.2396875171285732,420,1,1,0,0,1,1
59547,3389,41245,139667,0,0,0,0,0,1,11,6,1,0,180912,0.2953074433656958,56158,0,0,1,0,1,0
3306,22,14588,39122,0,0,1,0,1,0,11,6,1,0,53710,0.3728752907496869,3284,0,1,0,0,1,1
1433,3306,2061,7953,1,0,1,0,1,0,12,6,1,0,10014,0.25911491073673626,1873,0,0,0,0,1,1
28483,22,6158,1191,1,0,0,0,1,0,12,6,1,0,7349,5.166107382550336,28461,0,1,0,0,1,0
55206,3389,76960,24753,0,0,1,0,1,0,12,6,1,0,101713,3.1089924860628586,51817,0,0,1,0,1,0
445,443,164515,681285,0,0,1,0,0,1,12,6,1,0,845800,0.24147714762962985,2,1,1,0,0,1,1
11507,3306,4229,4546,0,0,1,0,0,1,12,6,1,0,8775,0.9300637783153728,8201,0,0,0,0,1,0
43751,25,136896,296885,0,0,1,0,0,1,12,6,1,0,433781,0.4611062832198217,43726,0,1,0,0,1,0
60290,80,65999,139114,0,0,1,0,1,0,13,6,1,0,205113,0.47442044351795276,60210,0,1,1,0,1,0
48050,1433,21786,84894,0,0,1,0,0,1,13,6,1,0,106680,0.25662288709582426,46617,0,0,0,0,1,0
53,22,6764,27990,0,0,1,0,0,1,13,6,1,0,34754,0.2416491014969097,31,1,1,0,0,1,1
49576,3389,8688,34429,0,0,1,0,1,0,14,6,1,0,43117,0.25233807725820506,46187,0,0,1,0,1,0
62440,443,407043,718035,0,0,1,0,1,0,14,6,1,0,1125078,0.5668838331225733,61997,0,1,1,0,1,0
59324,25,29304,60809,1,0,1,0,1,0,14,6,1,0,90113,0.48189442525900344,59299,0,1,1,0,1,0
46782,1433,184940,341244,0,0,0,0,1,0,14,6,1,0,526184,0.541956658705622,45349,0,0,0,0,1,0
18926,3389,32418,17648,0,0,1,1,0,0,14,6,1,0,50066,1.8368179500254973,15537,0,0,0,0,1,0
25604,80,10675,35505,0,1,1,0,1,0,14,6,1,0,46180,0.3006534106911508,25524,0,1,0,0,1,0
14598,3306,56080,11857,1,0,1,0,1,0,14,6,1,0,67937,4.729296677348626,11292,0,0,0,0,1,0
49217,1433,695604,1098601,0,0,1,0,0,1,14,6,1,0,1794205,0.6331719767486315,47784,0,0,1,0,1,0
58544,22,7858,3670,0,0,1,0,1,0,14,6,1,0,11528,2.140561154998638,58522,0,1,1,0,1,0
445,445,95053,276017,0,0,0,0,0,1,15,6,1,0,371070,0.34437246846220176,0,1,1,0,0,1,1
44502,21,29876,56332,0,0,1,0,1,0,15,6,1,0,86208,0.5303463334102568,44481,0,1,0,0,1,0
27214,443,2166,4488,0,0,1,0,1,0,15,6,1,0,6654,0.48251280908888394,26771,0,1,0,0,1,0
16373,53,2090,7813,0,0,0,0,1,0,15,6,1,0,9903,0.2674686460199642,16320,0,1,0,0,1,0
62364,3389,10687,22234,0,0,1,0,1,0,15,6,1,0,32921,0.480638632786148,58975,0,0,1,0,1,0
52205,21,38406,106094,0,1,1,0,1,0,15,6,1,0,144500,0.3619963240492012,52184,0,1,1,0,1,0
3306,31084,89805,328037,0,0,0,0,0,1,16,6,1,0,417842,0.2737640151445869,27778,0,0,0,0,0,1
45127,3306,1783,5725,0,0,1,0,1,0,16,6,1,0,7508,0.31138665735242754,41821,0,0,0,0,1,0
7196,25,62587,235604,0,0,1,0,1,0,16,6,1,0,298191,0.26564376817130364,7171,0,1,0,0,1,0
22,3306,18225,69254,0,0,1,0,1,0,16,6,1,0,87479,0.2631578947368421,3284,1,0,0,0,1,1
51604,3389,22143,31900,0,0,1,0,1,0,16,6,1,0,54043,0.6941161719068367,48215,0,0,1,0,1,0
13311,3389,56487,167689,0,0,1,0,0,1,16,6,1,0,224176,0.3368537181704335,9922,0,0,0,0,1,0
80,80,359967,42500,0,1,1,0,1,0,16,6,1,0,402467,8.46961247970636,0,1,1,0,0,1,1
63308,3389,35804,61745,0,0,0,0,1,0,17,6,1,0,97549,0.5798594240922489,59919,0,0,1,0,1,0
30944,33299,2512,7259,1,0,1,0,1,0,17,6,1,0,9771,0.34600550964187327,2355,0,0,0,0,0,0
3389,3389,16328,38794,0,0,1,0,1,0,17,6,1,0,55122,0.42087897924990336,0,0,0,0,0,1,1
31719,445,86112,168899,0,0,1,0,1,0,17,6,1,0,255011,0.5098401420959148,31274,0,1,0,0,1,0
443,25,90768,204865,0,0,1,0,1,0,17,6,1,0,295633,0.44306034188201066,418,1,1,0,0,1,1
28643,22,63915,245630,0,0,1,0,1,0,17,6,1,0,309545,0.2602073842471024,28621,0,1,0,0,1,0
19404,21,9739,34871,1,0,1,0,0,1,18,6,1,0,44610,0.2792785042440927,19383,0,1,0,0,1,0
445,21,2468,9379,0,0,1,0,0,1,18,6,1,0,11847,0.26311300639658847,424,1,1,0,0,1,1
41021,25,56568,4659,1,0,0,0,0,1,18,6,1,0,61227,12.139055793991416,40996,0,1,0,0,1,0
3925,21,3156,1305,0,0,0,0,0,1,19,6,1,0,4461,2.4165390505359876,3904,0,1,0,0,1,0
12987,445,66757,195782,0,1,1,1,0,0,19,6,1,0,262539,0.34097444619808664,12542,0,1,0,0,1,0
35881,80,66786,190205,1,0,1,0,1,0,19,6,1,0,256991,0.3511245702028327,35801,0,1,0,0,1,0
445,22,10422,33156,0,0,0,0,1,0,19,6,1,0,43578,0.3143227674397563,423,1,1,0,0,1,1
27600,53,18399,44697,1,0,0,0,1,0,19,6,1,0,63096,0.4116291556669202,27547,0,1,0,0,1,0
443,1433,30269,89222,0,0,0,0,0,1,20,6,1,0,119491,0.33925108996559183,990,1,0,0,0,1,1
56836,1433,8236,5611,0,0,1,0,1,0,20,6,1,0,13847,1.4675694939415538,55403,0,0,1,0,1,0
6408,25,2414,8053,0,0,1,0,1,0,21,6,1,0,10467,0.29972684380432085,6383,0,1,0,0,1,0
34816,3306,20686,73064,0,0,0,0,1,0,21,6,1,0,93750,0.28311777184698556,31510,0,0,0,0,1,0
80,80,24441,17834,0,1,0,0,1,0,21,6,1,0,42275,1.3703952901597982,0,1,1,0,0,1,1
42103,3389,194400,735985,0,0,1,0,1,0,21,6,1,0,930385,0.26413545909840674,38714,0,0,0,0,1,0
40194,26080,6303,16154,0,0,1,0,1,0,21,6,1,0,22457,0.3901578458681523,14114,0,0,0,0,0,0
25,3389,121734,167159,1,0,1,0,1,0,22,6,1,1,288893,0.7282483847810481,3364,1,0,0,0,1,1
62334,22,3514,10370,1,0,1,0,1,0,22,6,1,1,13884,0.33882942821328704,62312,0,1,1,0,1,0
62884,3306,2562,2270,0,0,1,0,1,0,22,6,1,1,4832,1.1281373844121532,59578,0,0,1,0,1,0
42805,22,13610,24178,0,0,1,0,1,0,23,6,1,1,37788,0.5628851482691591,42783,0,1,0,0,1,0
38110,445,4888,15196,0,0,0,0,1,0,23,6,1,1,20084,0.32164242942686055,37665,0,1,0,0,1,0
61229,21,2505,8865,0,0,1,0,1,0,0,0,0,1,11370,0.28254004060455673,61208,0,1,1,0,1,0
3306,3306,494315,1595162,0,0,1,0,1,0,0,0,0,1,2089477,0.309883692136791,0,0,0,0,0,1,1
445,22,10693,38287,1,0,0,0,1,0,0,0,0,1,48980,0.27927810279983284,423,1,1,0,0,1,1
32228,3306,889207,1148984,0,0,0,0,1,0,0,0,0,1,2038191,0.7739065348981927,28922,0,0,0,0,1,0
27948,53,4484,633,0,0,1,0,0,1,0,0,0,1,5117,7.072555205047319,27895,0,1,0,0,1,0
56477,1433,1431,3658,0,0,1,0,1,0,0,0,0,1,5089,0.3910904618748292,55044,0,0,1,0,1,0
6101,445,173870,91504,0,0,1,0,1,0,0,0,0,1,265374,1.9001147478279876,5656,0,1,0,0,1,0
443,443,6886,14362,1,0,1,0,0,1,0,0,0,1,21248,0.47942630369699923,0,1,1,0,0,1,1
57014,3306,27506,7002,0,0,1,0,1,0,0,0,0,1,34508,3.927745252034842,53708,0,0,1,0,1,0
10763,3306,2517,7421,0,0,1,0,1,0,0,0,0,1,9938,0.3391269199676637,7457,0,0,0,0,1,0
21,53,20723,17672,1,0,1,0,1,0,0,0,0,1,38395,1.1725796412606801,32,1,1,0,0,1,1
33247,443,2453,769,0,0,1,0,0,1,1,0,0,1,3222,3.1857142857142855,32804,0,1,0,0,1,0
21,443,19569,16597,0,0,0,0,1,0,1,0,0,1,36166,1.1789974695746475,422,1,1,0,0,1,1
443,21,10318,17124,0,0,1,0,1,0,1,0,0,1,27442,0.6025109489051095,422,1,1,0,0,1,1
3389,3389,31838,133176,0,1,1,0,1,0,1,0,0,1,165014,0.23906530406902093,0,0,0,0,0,1,1
31770,25,59940,136773,0,0,1,0,1,0,1,0,0,1,196713,0.4382411861903578,31745,0,1,0,0,1,0
25,53,32393,40321,0,0,0,0,1,0,1,0,0,1,72714,0.8033579683547443,28,1,1,0,0,1,1
42428,8485,45327,145559,0,0,0,0,1,0,2,0,0,1,190886,0.31139736191261336,33943,0,0,0,0,0,0
45396,1433,18500,50136,0,0,0,0,1,0,2,0,0,1,68636,0.3689889702215928,43963,0,0,0,0,1,0
445,443,10976,24918,0,0,1,0,1,0,2,0,0,1,35894,0.4404671134475701,2,1,1,0,0,1,1
54490,80,46732,104854,0,0,1,0,1,0,2,0,0,1,151586,0.4456821324686472,54410,0,1,1,0,1,0
1433,21,18429,40292,0,0,0,0,1,0,2,0,0,1,58721,0.4573747301020028,1412,0,1,0,0,1,1
10260,53,19588,12287,0,0,1,0,1,0,2,0,0,1,31875,1.5940755208333333,10207,0,1,0,0,1,0
22,53,41622,169352,0,0,0,0,1,0,2,0,0,1,210974,0.24577066836725656,31,1,1,0,0,1,1
26091,3389,4216,1096,0,0,1,0,1,0,2,0,0,1,5312,3.8432087511394712,22702,0,0,0,0,1,0
80,443,216940,247974,0,0,1,0,1,0,3,0,0,1,464914,0.8748462546627684,363,1,1,0,0,1,1
39070,3389,14779,56063,0,0,0,0,1,0,3,0,0,1,70842,0.263609446347032,35681,0,0,0,0,1,0
21,80,26867,72088,0,0,1,0,1,0,3,0,0,1,98955,0.3726920889456089,59,1,1,0,0,1,1
53,22,20512,18446,0,0,0,0,1,0,3,0,0,1,38958,1.1119423212446469,31,1,1,0,0,1,1
49375,1433,62591,186417,0,0,1,0,1,0,3,0,0,1,249008,0.3357562038000622,47942,0,0,1,0,1,0
52738,3389,37899,150114,0,0,1,0,1,0,3,0,0,1,188013,0.2524664423941645,49349,0,0,1,0,1,0
36773,3306,20335,64722,0,1,1,0,0,1,4,0,0,1,85057,0.31418506558719467,33467,0,0,0,0,1,0
21,3306,223687,718111,0,0,1,0,1,0,4,0,0,1,941798,0.3114931932623323,3285,1,0,0,0,1,1
443,1433,130,180,0,0,0,0,1,0,5,0,0,1,310,0.7182320441988951,990,1,0,0,0,1,1
58730,80,160858,63171,0,0,0,0,1,0,5,0,0,1,224029,2.546349648578484,58650,0,1,1,0,1,0
16066,80,96023,80758,0,0,0,0,0,1,5,0,0,1,176781,1.1890067980039376,15986,0,1,0,0,1,0
14204,15510,1167,1482,0,0,0,1,0,0,5,0,0,1,2649,0.786918408631153,1306,0,0,0,0,0,0
80,21,97426,130847,0,0,0,0,1,0,5,0,0,1,228273,0.7445738566886769,59,1,1,0,0,1,1
1433,53,119796,160260,0,0,1,0,1,0,5,0,0,1,280056,0.7475056314387156,1380,0,1,0,0,1,1
51441,1433,54112,61600,0,0,0,0,1,0,5,0,0,1,115712,0.8784272982581451,50008,0,0,1,0,1,0
45567,3389,1817,6892,0,0,1,0,1,0,6,0,0,0,8709,0.2636007543885101,42178,0,0,0,0,1,0
6096,368,2700,7189,0,1,0,0,1,0,6,0,0,0,9889,0.37552155771905427,5728,0,1,0,0,0,0
42079,3306,110361,87842,0,0,1,0,0,1,6,0,0,0,198203,1.2563437041084662,38773,0,0,0,0,1,0
17318,80,8817,4912,0,0,0,0,1,0,7,0,0,0,13729,1.7946265011194789,17238,0,1,0,0,1,0
55542,53,44614,186017,0,0,0,0,1,0,7,0,0,0,230631,0.23983700502101948,55489,0,1,1,0,1,0
3306,445,12517,50725,0,0,1,0,1,0,7,0,0,0,63242,0.24675708709537517,2861,0,1,0,0,1,1
15111,445,90817,53478,0,0,1,0,1,0,7,0,0,0,144295,1.6981805942519494,14666,0,1,0,0,1,0
9965,53,13338,18796,0,0,0,0,1,0,7,0,0,0,32134,0.7095813161674736,9912,0,1,0,0,1,0
1433,80,8706,25590,1,0,0,0,1,0,7,0,0,0,34296,0.34019772576296353,1353,0,1,0,0,1,1
22,3389,20684,75545,0,0,1,0,1,0,7,0,0,0,96229,0.27379345034813224,3367,1,0,0,0,1,1
41198,443,2574,3485,0,0,1,0,1,0,7,0,0,0,6059,0.7383820998278829,40755,0,1,0,0,1,0
48863,443,17646,21037,1,0,1,0,1,0,7,0,0,0,38683,0.838767943720886,48420,0,1,0,0,1,0
59118,1433,39314,45220,1,0,1,0,0,1,7,0,0,0,84534,0.869374847968864,57685,0,0,1,0,1,0
42092,3389,88604,282907,0,0,1,0,1,0,7,0,0,0,371511,0.3131901536895387,38703,0,0,0,0,1,0
27771,80,32804,105780,0,0,0,0,1,0,8,0,0,0,138584,0.3101124020381732,27691,0,1,0,0,1,0
62933,25,2225,5336,0,0,1,0,1,0,8,0,0,0,7561,0.4169008806445569,62908,0,1,1,0,1,0
3389,445,191689,86058,0,0,1,0,1,0,8,0,0,0,277747,2.227413751031269,2944,0,1,0,0,1,1
42941,443,219224,465943,0,0,1,0,0,1,8,0,0,0,685167,0.4704943083288979,42498,0,1,0,0,1,0
21,1433,26373,51357,0,0,1,0,0,1,9,0,0,0,77730,0.5135129872658593,1412,1,0,0,0,1,1
20811,25,6613,10390,0,0,1,0,1,0,9,0,0,0,17003,0.6364161293427004,20786,0,1,0,0,1,0
26316,22,9408,36850,0,0,1,0,1,0,9,0,0,0,46258,0.2552983636807685,26294,0,1,0,0,1,0
4995,25,15904,18251,0,0,1,0,1,0,9,0,0,0,34155,0.871356563664256,4970,0,1,0,0,1,0
34571,3389,34401,28979,0,0,0,1,0,0,9,0,0,0,63380,1.1870600414078676,31182,0,0,0,0,1,0
32581,21,13532,31539,1,0,1,0,1,0,9,0,0,0,45071,0.4290424857324033,32560,0,1,0,0,1,0
22469,53,5577,17314,1,0,1,0,1,0,9,0,0,0,22891,0.3220906728270286,22416,0,1,0,0,1,0
25,25,113189,125906,1,0,1,0,1,0,10,0,0,0,239095,0.8989889362783642,0,1,1,0,0,1,1
7029,25,33244,74100,0,0,1,0,0,1,10,0,0,0,107344,0.44863092265961324,7004,0,1,0,0,1,0
56968,25,4089,8721,0,0,0,0,1,0,10,0,0,0,12810,0.4688144920889704,56943,0,1,1,0,1,0
13698,22,35104,49812,0,0,0,0,1,0,10,0,0,0,84916,0.7047156364804368,13676,0,1,0,0,1,0
65022,445,28538,18746,0,0,1,0,1,0,10,0,0,0,47284,1.5222702299034512,64577,0,1,1,0,1,0
51311,53,6982,19509,0,0,1,0,0,1,10,0,0,0,26491,0.35786776012301386,51258,0,1,1,0,1,0
28161,3389,149056,168034,0,0,1,0,1,0,10,0,0,0,317090,0.8870532924688309,24772,0,0,0,0,1,0
5424,445,27332,18339,0,0,1,0,0,1,11,0,0,0,45671,1.4902944383860415,4979,0,1,0,0,1,0
443,1433,15574,28214,1,0,0,0,1,0,11,0,0,0,43788,0.5519758993443203,990,1,0,0,0,1,1
44349,25,19272,9741,0,0,1,0,1,0,11,0,0,0,29013,1.9782385547115582,44324,0,1,0,0,1,0
13922,21,44813,143132,0,0,1,1,0,0,11,0,0,0,187945,0.3130864301034702,13901,0,1,0,0,1,0
2416,22,19623,59822,0,0,1,1,0,0,11,0,0,0,79445,0.32801765207361716,2394,0,1,0,0,1,0
35223,3389,19363,37293,0,0,0,0,1,0,12,0,0,0,56656,0.5191987987343809,31834,0,0,0,0,1,0
24944,3306,121242,487570,0,0,0,0,1,0,12,0,0,0,608812,0.24866532258891524,21638,0,0,0,0,1,0
57444,25,2276,3282,0,0,1,0,1,0,12,0,0,0,5558,0.6932683521169661,57419,0,1,1,0,1,0
4556,53,2973,663,0,0,0,0,1,0,13,0,0,0,3636,4.477409638554217,4503,0,1,0,0,1,0
1433,3389,76354,229546,0,0,1,0,1,0,13,0,0,0,305900,0.33262904764601586,1956,0,0,0,0,1,1
1103,80,1051112,3279969,0,0,0,0,1,0,14,0,0,0,4331081,0.3204639066820733,1023,0,1,0,0,1,0
37159,53,89535,86809,0,0,0,0,1,0,14,0,0,0,176344,1.031390392811888,37106,0,1,0,0,1,0
46726,443,434840,174837,0,0,1,0,1,0,14,0,0,0,609677,2.4871023461718846,46283,0,1,0,0,1,0
30408,1433,10992,16382,0,0,1,0,1,0,14,0,0,0,27374,0.6709393883904047,28975,0,0,0,0,1,0
22647,80,7947,26384,0,0,0,0,1,0,15,0,0,0,34331,0.30119386014781124,22567,0,1,0,0,1,0
9900,22,45727,49337,0,0,0,0,1,0,15,0,0,0,95064,0.9268109773399813,9878,0,1,0,0,1,0
445,25,101299,18956,0,0,0,0,1,0,15,0,0,0,120255,5.343619771060822,420,1,1,0,0,1,1
39681,3306,2701,899,0,0,1,0,1,0,16,0,0,0,3600,3.0011111111111113,36375,0,0,0,0,1,0
53417,53,15659,3137,0,0,0,0,1,0,16,0,0,0,18796,4.990121096239643,53364,0,1,1,0,1,0
16846,445,21094,23432,1,0,0,0,1,0,16,0,0,0,44526,0.9001835018990313,16401,0,1,0,0,1,0
25607,3306,7433,18919,1,0,1,0,1,0,16,0,0,0,26352,0.3928646934460888,22301,0,0,0,0,1,0
43451,53,8959,26194,0,0,1,0,1,0,17,0,0,0,35153,0.34201183431952664,43398,0,1,0,0,1,0
3389,1433,84872,26127,0,0,1,0,1,0,17,0,0,0,110999,3.2483159828536436,1956,0,0,0,0,1,1
32458,3306,46699,46234,0,0,0,0,1,0,17,0,0,0,92933,1.010035687249919,29152,0,0,0,0,1,0
20916,443,79025,227297,0,0,0,0,1,0,17,0,0,0,306322,0.34767133894710905,20473,0,1,0,0,1,0
24324,25,37759,69945,1,0,0,0,1,0,17,0,0,0,107704,0.5398307265604895,24299,0,1,0,0,1,0
41021,80,5446,5689,0,0,0,0,0,1,18,0,0,0,11135,0.9571177504393673,40941,0,1,0,0,1,0
41426,21729,43345,172084,0,0,1,0,1,0,18,0,0,0,215429,0.2518813377110149,19697,0,0,0,0,0,0
445,1433,4801,2453,0,0,1,0,0,1,19,0,0,0,7254,1.95639771801141,988,1,0,0,0,1,1
40575,443,13375,47335,0,0,0,0,1,0,19,0,0,0,60710,0.28255450397160725,40132,0,1,0,0,1,0
58612,25,4196,6670,0,0,1,0,1,0,19,0,0,0,10866,0.6289911557487633,58587,0,1,1,0,1,0
60466,445,8288,32332,1,0,1,0,1,0,19,0,0,0,40620,0.2563325395107166,60021,0,1,1,0,1,0
34354,3389,25457,15356,0,0,1,0,1,0,20,0,0,0,40813,1.6576805365631309,30965,0,0,0,0,1,0
1433,1433,10593,7215,0,0,0,0,0,1,20,0,0,0,17808,1.4679878048780488,0,0,0,0,0,1,1
62765,25,5361,18506,0,0,0,0,1,0,20,0,0,0,23867,0.2896741773383044,62740,0,1,1,0,1,0
21,21,136008,521666,0,0,1,0,1,0,20,0,0,0,657674,0.26071804426962025,0,1,1,0,0,1,1
13540,3389,18190,29412,0,0,1,0,1,0,21,0,0,0,47602,0.6184340257709177,10151,0,0,0,0,1,0
1682,3306,9464,13136,0,0,1,0,1,0,21,0,0,0,22600,0.7204080079165716,1624,0,0,0,0,1,0
47418,21,3897,4842,0,0,1,0,0,1,21,0,0,0,8739,0.8046665290109436,47397,0,1,0,0,1,0
80,22,47101276,90054875,0,1,1,0,1,0,21,0,0,0,137156151,0.5230286031374914,58,1,1,0,0,1,1
13679,443,15440,25197,0,0,1,0,0,1,21,0,0,0,40637,0.6127470434161442,13236,0,1,0,0,1,0
44236,1433,2428,598,0,0,0,0,0,1,21,0,0,0,3026,4.053422370617696,42803,0,0,0,0,1,0
22042,3389,68820,179665,0,0,0,0,1,0,21,0,0,0,248485,0.3830440929279886,18653,0,0,0,0,1,0
3389,445,23090,69546,0,0,1,0,1,0,21,0,0,0,92636,0.3320056939911139,2944,0,1,0,0,1,1
42891,53,266566,129506,0,0,1,0,1,0,22,0,0,1,396072,2.058313450238211,42838,0,1,0,0,1,0
16736,445,31474,3089,1,0,1,0,1,0,22,0,0,1,34563,10.185760517799352,16291,0,1,0,0,1,0
3306,22,6886,14202,1,0,1,1,0,0,22,0,0,1,21088,0.4848271491938323,3284,0,1,0,0,1,1
19292,80,1087,1349,0,0,0,0,1,0,22,0,0,1,2436,0.8051851851851852,19212,0,1,0,0,1,0
37450,22,80055,102518,0,0,1,0,1,0,23,0,0,1,182573,0.7808796418224915,37428,0,1,0,0,1,0
29061,25,2756,5889,0,0,1,0,0,1,23,0,0,1,8645,0.46791171477079796,29036,0,1,0,0,1,0
58349,21,11464,40794,0,1,1,0,1,0,23,0,0,1,52258,0.281014830248805,58328,0,1,1,0,1,0
13663,1433,320789,598643,1,0,1,0,1,0,0,1,0,1,919432,0.5358593755220131,12230,0,0,0,0,1,0
56245,445,58546,174776,0,0,1,0,1,0,0,1,0,1,233322,0.3349754258283413,55800,0,1,1,0,1,0
59445,22,41100,74182,0,0,1,0,0,1,0,1,0,1,115282,0.554035291104431,59423,0,1,1,0,1,0
24775,3389,99799,39658,0,0,1,0,1,0,1,1,0,1,139457,2.516427544819587,21386,0,0,0,0,1,0
445,3306,94021,136069,1,0,1,0,1,0,1,1,0,1,230090,0.690975233335783,2861,1,0,0,0,1,1
41950,53,276375,610362,0,0,0,0,1,0,1,1,0,1,886737,0.45280431480938393,41897,0,1,0,0,1,0
26350,443,8404,23920,0,0,1,0,1,0,1,1,0,1,32324,0.3513231052213536,25907,0,1,0,0,1,0
20929,287,3948,2177,0,1,1,0,1,0,1,1,0,1,6125,1.81267217630854,20642,0,1,0,0,0,0
14768,53,5035,4796,0,0,1,0,1,0,2,1,0,1,9831,1.049614342297269,14715,0,1,0,0,1,0
39626,21,20903,13356,0,0,1,0,1,0,2,1,0,1,34259,1.564947218686831,39605,0,1,0,0,1,0
3971,53,17826,33075,0,0,1,0,0,1,2,1,0,1,50901,0.5389406215987423,3918,0,1,0,0,1,0
13459,445,1328,1475,0,0,1,0,1,0,2,1,0,1,2803,0.8997289972899729,13014,0,1,0,0,1,0
29692,21,7736,31796,1,0,1,0,1,0,2,1,0,1,39532,0.24329339245840803,29671,0,1,0,0,1,0
54369,53,220264,259693,0,0,1,0,0,1,2,1,0,1,479957,0.848167458624381,54316,0,1,1,0,1,0
52775,53,32556,86356,0,0,0,0,1,0,2,1,0,1,118912,0.37699317947589656,52722,0,1,1,0,1,0
25127,443,69191,218034,1,0,1,0,0,1,2,1,0,1,287225,0.31733895934139017,24684,0,1,0,0,1,0
32144,80,18162,35336,1,0,1,0,1,0,3,1,0,1,53498,0.5139655318787673,32064,0,1,0,0,1,0
80,80,1075,897,0,1,0,0,1,0,3,1,0,1,1972,1.1971046770601337,0,1,1,0,0,1,1
22,22,17929,63267,0,1,0,0,1,0,3,1,0,1,81196,0.2833818043876841,0,1,1,0,0,1,1
41805,25,116624,60937,0,0,0,0,1,0,3,1,0,1,177561,1.9138140405001804,41780,0,1,0,0,1,0
37472,25,3304,3497,0,0,1,0,1,0,3,1,0,1,6801,0.9445397369925672,37447,0,1,0,0,1,0
63370,53,72784,105430,1,0,1,0,1,0,3,1,0,1,178214,0.6903472413237094,63317,0,1,1,0,1,0
61108,25,1446,5851,1,0,1,0,1,0,4,1,0,1,7297,0.24709501025290498,61083,0,1,1,0,1,0
9070,21,22749,35223,0,0,1,0,1,0,4,1,0,1,57972,0.645838064955712,9049,0,1,0,0,1,0
27513,443,52639,63886,1,0,1,0,1,0,4,1,0,1,116525,0.8239391425485623,27070,0,1,0,0,1,0
3389,22,13368,46067,0,0,1,0,1,0,4,1,0,1,59435,0.2901797343058088,3367,0,1,0,0,1,1
445,3306,1150784,4089738,0,0,1,0,1,0,4,1,0,1,5240522,0.2813832374144169,2861,1,0,0,0,1,1
14653,3306,10005,4636,0,0,1,0,1,0,4,1,0,1,14641,2.157645029113651,11347,0,0,0,0,1,0
41632,22,8730,21832,0,0,1,0,1,0,5,1,0,1,30562,0.39985343287683783,41610,0,1,0,0,1,0
23955,22,30552,44138,1,0,1,0,1,0,5,1,0,1,74690,0.6921769863386121,23933,0,1,0,0,1,0
7184,1433,6581,7311,0,0,1,0,1,0,5,1,0,1,13892,0.900027352297593,5751,0,0,0,0,1,0
21901,22,2194,7690,0,0,1,0,1,0,6,1,0,0,9884,0.28526849564425955,21879,0,1,0,0,1,0
63811,22,3803,10341,0,0,1,0,1,0,6,1,0,0,14144,0.36772384451750145,63789,0,1,1,0,1,0
42736,3306,74070,200603,0,0,0,0,0,1,6,1,0,0,274673,0.36923491057007835,39430,0,0,0,0,1,0
26109,3306,13522,37233,0,0,1,0,1,0,6,1,0,0,50755,0.3631627007573723,22803,0,0,0,0,1,0
21,445,335451,692484,0,0,0,0,1,0,6,1,0,0,1027935,0.48441626894445367,424,1,1,0,0,1,1
443,1433,10872,35002,0,0,1,1,0,0,6,1,0,0,45874,0.31060194840442246,990,1,0,0,0,1,1
43821,443,68652,227879,0,0,1,0,1,0,7,1,0,0,296531,0.30126382306477095,43378,0,1,0,0,1,0
64442,53,49878,137933,0,0,0,0,1,0,8,1,0,0,187811,0.3616077254339032,64389,0,1,1,0,1,0
14261,443,10616,42803,0,0,1,0,1,0,8,1,0,0,53419,0.24801420427997384,13818,0,1,0,0,1,0
58661,445,5398,22379,0,0,1,0,1,0,8,1,0,0,27777,0.24119749776586238,58216,0,1,1,0,1,0
2615,443,1379,5239,0,0,1,0,1,0,8,1,0,0,6618,0.2631679389312977,2172,0,1,0,0,1,0
20907,3306,53369,21261,1,0,0,0,1,0,8,1,0,0,74630,2.5100649045245036,17601,0,0,0,0,1,0
8585,22,149823,32492,0,0,1,0,1,0,9,1,0,0,182315,4.6109315852645185,8563,0,1,0,0,1,0
15936,3306,1730,3906,0,0,0,0,1,0,9,1,0,0,5636,0.4427949833631943,12630,0,0,0,0,1,0
443,443,12176,20912,0,1,1,0,1,0,9,1,0,0,33088,0.5822215846602592,0,1,1,0,0,1,1
56404,1433,7577,6686,0,0,1,0,1,0,10,1,0,0,14263,1.1330940631075221,54971,0,0,1,0,1,0
443,443,53220,65252,0,1,1,0,1,0,10,1,0,0,118472,0.8155946853018252,0,1,1,0,0,1,1
11137,3306,13018,24159,0,0,1,0,1,0,10,1,0,0,37177,0.5388245033112583,7831,0,0,0,0,1,0
55022,25,182913,557773,0,0,1,0,1,0,11,1,0,0,740686,0.32793389437298975,54997,0,1,1,0,1,0
35557,445,11908,23626,0,0,0,0,1,0,12,1,0,0,35534,0.5039996614043255,35112,0,1,0,0,1,0
63997,445,3046,12723,1,0,1,0,0,1,12,1,0,0,15769,0.23939012889028607,63552,0,1,1,0,1,0
65360,22,10403,25977,0,0,1,0,1,0,12,1,0,0,36380,0.4004542305027331,65338,0,1,1,0,1,0
28420,443,12409,26654,0,0,0,0,1,0,12,1,0,0,39063,0.46554117426374036,27977,0,1,0,0,1,0
33582,3306,51111,131781,0,0,1,0,1,0,13,1,0,0,182892,0.38784507747643837,30276,0,0,0,0,1,0
22,3389,12117,46023,0,0,1,0,1,0,13,1,0,0,58140,0.2632756822527377,3367,1,0,0,0,1,1
38425,443,44540,28732,0,0,1,0,1,0,14,1,0,0,73272,1.5501339922736923,37982,0,1,0,0,1,0
23738,25017,6218,1904,0,0,1,0,1,0,14,1,0,0,8122,3.2640419947506563,1279,0,0,0,0,0,0
3389,3389,13746,8883,1,1,1,0,1,0,14,1,0,0,22629,1.5472760018009906,0,0,0,0,0,1,1
22,21,6272,9972,0,0,0,0,0,1,14,1,0,0,16244,0.6288980246665998,1,1,1,0,0,1,1
64795,25,5683,22607,0,0,1,0,1,0,14,1,0,0,28290,0.25137119603680114,64770,0,1,1,0,1,0
47529,80,169351,571066,0,0,0,0,0,1,14,1,0,0,740417,0.2965518932104289,47449,0,1,0,0,1,0
37459,1433,7014,3380,0,0,1,0,1,0,15,1,0,0,10394,2.0745341614906834,36026,0,0,0,0,1,0
4758,443,12630,39334,0,0,1,0,1,0,15,1,0,0,51964,0.3210880894877336,4315,0,1,0,0,1,0
443,3306,117168,212708,0,0,1,1,0,0,16,1,0,0,329876,0.5508370590807159,2863,1,0,0,0,1,1
60280,80,73130,254075,1,0,1,0,1,0,16,1,0,0,327205,0.2878272642831279,60200,0,1,1,0,1,0
38500,53,304349,1112834,0,0,1,0,0,1,16,1,0,0,1417183,0.27348978060539075,38447,0,1,0,0,1,0
1433,80,47690,154874,0,0,1,0,1,0,16,1,0,0,202564,0.30792574656981436,1353,0,1,0,0,1,1
57620,21,8428,22612,0,0,1,0,1,0,16,1,0,0,31040,0.37270596559501173,57599,0,1,1,0,1,0
48385,1433,592100,686116,0,0,1,0,1,0,17,1,0,0,1278216,0.8629723501968323,46952,0,0,0,0,1,0
3306,3306,55900,73577,0,0,1,0,1,0,17,1,0,0,129477,0.7597379651526271,0,0,0,0,0,1,1
30830,20144,17196,56350,1,0,1,0,1,0,17,1,0,0,73546,0.30515873720075953,10686,0,0,0,0,0,0
8743,3306,24147,73177,0,0,0,0,1,0,17,1,0,0,97324,0.32997622236191204,5437,0,0,0,0,1,0
56139,21,29344,113436,1,0,1,0,1,0,18,1,0,0,142780,0.2586810299990303,56118,0,1,1,0,1,0
44450,21,15079,23662,0,0,1,0,1,0,18,1,0,0,38741,0.6372395723281071,44429,0,1,0,0,1,0
23535,80,2437,6685,0,0,1,0,1,0,18,1,0,0,9122,0.36449297038588097,23455,0,1,0,0,1,0
31792,443,297376,431115,0,0,1,0,1,0,18,1,0,0,728491,0.6897818684530381,31349,0,1,0,0,1,0
31983,25,21270,74158,0,0,0,0,1,0,18,1,0,0,95428,0.2868161652665219,31958,0,1,0,0,1,0
22012,80,29542,33756,1,0,1,0,1,0,19,1,0,0,63298,0.8751370086204343,21932,0,1,0,0,1,0
60367,21,612332,940763,0,0,1,0,1,0,19,1,0,0,1553095,0.6508880016667304,60346,0,1,1,0,1,0
57616,53,7381,24683,0,0,1,0,0,1,19,1,0,0,32064,0.29901960784313725,57563,0,1,1,0,1,0
14718,3306,62866,106282,0,0,1,0,1,0,20,1,0,0,169148,0.5914962882116613,11412,0,0,0,0,1,0
64601,53,6200,10999,0,0,1,0,1,0,20,1,0,0,17199,0.5636363636363636,64548,0,1,1,0,1,0
62968,80,36814,50107,0,0,1,0,1,0,20,1,0,0,86921,0.7346930629839546,62888,0,1,1,0,1,0
32151,80,30406,108258,0,0,1,0,0,1,20,1,0,0,138664,0.2808634847911028,32071,0,1,0,0,1,0
50803,21,78038,79839,1,0,1,0,1,0,20,1,0,0,157877,0.9774298597194389,50782,0,1,1,0,1,0
52563,1433,152218,156680,0,0,0,0,1,0,20,1,0,0,308898,0.9715153719978811,51130,0,0,1,0,1,0
34839,25,8714,19561,0,0,1,0,1,0,21,1,0,0,28275,0.44545547490031695,34814,0,1,0,0,1,0
29422,3389,212496,405161,0,0,1,0,1,0,21,1,0,0,617657,0.5244716928043598,26033,0,0,0,0,1,0
21377,22,237986,44607,0,0,1,0,1,0,21,1,0,0,282593,5.335052008608321,21355,0,1,0,0,1,0
49774,443,14765,31904,1,0,0,1,0,0,22,1,0,1,46669,0.4627801285065037,49331,0,1,1,0,1,0
11822,21,21795,73183,1,0,0,0,0,1,22,1,0,1,94978,0.2978109969392217,11801,0,1,0,0,1,0
25,53,9987,7191,0,0,1,0,1,0,22,1,0,1,17178,1.3886262513904337,28,1,1,0,0,1,1
443,445,13511,26828,0,0,1,0,1,0,22,1,0,1,40339,0.5035968541503597,2,1,1,0,0,1,1
48682,1433,3211,13043,1,0,0,0,0,1,22,1,0,1,16254,0.24616681999386691,47249,0,0,0,0,1,0
47564,22,76424,212406,1,0,1,0,1,0,22,1,0,1,288830,0.35979981827340907,47542,0,1,0,0,1,0
22071,443,828,2503,0,0,1,0,1,0,23,1,0,1,3331,0.3306709265175719,21628,0,1,0,0,1,0
56332,3389,7220,14183,0,0,0,0,1,0,23,1,0,1,21403,0.509024252679075,52943,0,0,1,0,1,0
26746,443,20458,66108,0,0,1,0,1,0,23,1,0,1,86566,0.30945862136774116,26303,0,1,0,0,1,0
31021,709,385,717,1,1,1,0,1,0,23,1,0,1,1102,0.5362116991643454,30312,0,1,0,0,0,0
1433,21,9205,16985,0,0,0,0,0,1,23,1,0,1,26190,0.5419168727187095,1412,0,1,0,0,1,1
58843,25,43676,120613,1,0,1,0,1,0,23,1,0,1,164289,0.3621138507967566,58818,0,1,1,0,1,0
46865,22,19349,75894,1,0,1,0,1,0,23,1,0,1,95243,0.25494433098359576,46843,0,1,0,0,1,0
41312,3306,99926,155061,0,0,1,0,1,0,23,1,0,1,254987,0.6444261005275309,38006,0,0,0,0,1,0
5702,3389,40172,132047,0,0,1,0,1,0,23,1,0,1,172219,0.3042227068944626,2313,0,0,0,0,1,0
25,3306,83144,127275,0,0,1,0,1,0,0,2,0,1,210419,0.6532574876646029,3281,1,0,0,0,1,1
29616,1433,9126,6208,0,0,1,0,1,0,0,2,0,1,15334,1.469801900467064,28183,0,0,0,0,1,0
25,3306,4348,6766,0,0,1,0,1,0,0,2,0,1,11114,0.6425299246342545,3281,1,0,0,0,1,1
64522,21,39632,75806,0,0,1,0,0,1,0,2,0,1,115438,0.5228013244159511,64501,0,1,1,0,1,0
59689,53,10093,7530,0,0,1,0,1,0,0,2,0,1,17623,1.3401938653565264,59636,0,1,1,0,1,0
57145,25,23121,10258,0,0,1,0,0,1,0,2,0,1,33379,2.2537284335705237,57120,0,1,1,0,1,0
48305,443,36594,82509,0,0,0,0,1,0,0,2,0,1,119103,0.44350987759059507,47862,0,1,0,0,1,0
65363,445,160661,466606,0,0,1,0,1,0,0,2,0,1,627267,0.3443175948924898,64918,0,1,1,0,1,0
37655,445,77537,300542,0,0,1,0,1,0,0,2,0,1,378079,0.25798970530007354,37210,0,1,0,0,1,0
49304,15405,7408,3372,0,0,0,0,1,0,0,2,0,1,10780,2.196264453009191,33899,0,0,1,0,0,0
44908,1433,3526,687,0,0,1,0,1,0,1,2,0,1,4213,5.125,43475,0,0,0,0,1,0
56666,21,338341,1133871,0,0,1,0,1,0,1,2,0,1,1472212,0.29839435139063314,56645,0,1,1,0,1,0
30356,443,1750,5418,0,0,0,0,1,0,1,2,0,1,7168,0.32293781140431815,29913,0,1,0,0,1,0
41997,3389,10678,18434,0,0,0,0,1,0,2,2,0,1,29112,0.579224301600217,38608,0,0,0,0,1,0
35458,3306,61845,82160,1,0,0,0,1,0,2,2,0,1,144005,0.7527293971592361,32152,0,0,0,0,1,0
6294,3389,303160,1182080,0,0,0,0,1,0,2,2,0,1,1485240,0.25646296658181633,2905,0,0,0,0,1,0
61628,25,16261,3640,0,0,1,0,1,0,2,2,0,1,19901,4.466080747047514,61603,0,1,1,0,1,0
22986,443,23011,36016,0,0,0,0,1,0,3,2,0,1,59027,0.6388927450925952,22543,0,1,0,0,1,0
25,80,5431,8580,0,0,0,0,1,0,3,2,0,1,14011,0.6329099172590608,55,1,1,0,0,1,1
5517,3389,26972,47927,0,0,0,0,1,0,3,2,0,1,74899,0.5627608078784844,2128,0,0,0,0,1,0
3389,443,3497,13436,0,0,1,0,1,0,3,2,0,1,16933,0.2602515442435067,2946,0,1,0,0,1,1
55184,80,6631,21501,0,1,1,0,1,0,4,2,0,1,28132,0.3083899172170031,55104,0,1,1,0,1,0
50389,25,74773,173641,0,0,1,0,1,0,4,2,0,1,248414,0.43061586482533026,50364,0,1,1,0,1,0
80,25,11006,43428,0,0,1,0,0,1,4,2,0,1,54434,0.25342513067305256,55,1,1,0,0,1,1
58820,443,95568,23185,0,0,1,0,1,0,5,2,0,1,118753,4.1217976365047875,58377,0,1,1,0,1,0
64056,25,17229,57722,0,0,0,0,0,1,5,2,0,1,74951,0.2984772101242139,64031,0,1,1,0,1,0
27792,80,2464,8604,0,0,1,0,1,0,6,2,0,0,11068,0.2863451481696688,27712,0,1,0,0,1,0
6314,25,142826,494976,1,0,0,0,0,1,6,2,0,0,637802,0.28855078114740684,6289,0,1,0,0,1,0
39728,3306,2685,296,0,0,1,0,1,0,6,2,0,0,2981,9.04040404040404,36422,0,0,0,0,1,0
4503,443,8409,21491,0,0,1,1,0,0,6,2,0,0,29900,0.39126186487995535,4060,0,1,0,0,1,0
54288,1433,16002,16399,0,0,0,0,1,0,6,2,0,0,32401,0.9757317073170731,52855,0,0,1,0,1,0
80,80,110119,288866,0,1,0,0,1,0,6,2,0,0,398985,0.3812100378374823,0,1,1,0,0,1,1
59223,21,9486,9216,0,0,0,0,1,0,6,2,0,0,18702,1.029185201258544,59202,0,1,1,0,1,0
21113,80,5000,9794,1,0,1,0,1,0,7,2,0,0,14794,0.5104645227156712,21033,0,1,0,0,1,0
39060,53,28574,63549,1,0,0,0,0,1,7,2,0,0,92123,0.4496302124311566,39007,0,1,0,0,1,0
44139,1433,15641,23367,0,0,0,0,1,0,7,2,0,0,39008,0.6693341321465252,42706,0,0,0,0,1,0
34137,25,10427,34072,0,0,0,1,0,0,7,2,0,0,44499,0.3060194288733014,34112,0,1,0,0,1,0
58966,80,31143,97048,0,0,0,0,1,0,7,2,0,0,128191,0.3208997516718359,58886,0,1,1,0,1,0
16681,21,3210,4191,0,0,1,0,1,0,7,2,0,0,7401,0.7657442748091603,16660,0,1,0,0,1,0
29699,3389,1401,3499,0,0,1,0,1,0,7,2,0,0,4900,0.4002857142857143,26310,0,0,0,0,1,0
39632,445,674662,1977100,0,0,1,1,0,0,7,2,0,0,2651762,0.34123800453289943,39187,0,1,0,0,1,0
33568,22,26022,71219,0,0,1,0,1,0,8,2,0,0,97241,0.3653748946925021,33546,0,1,0,0,1,0
55648,3389,29105,65289,0,0,1,0,1,0,8,2,0,0,94394,0.4457803645274927,52259,0,0,1,0,1,0
17902,445,6303,21954,1,0,1,0,1,0,8,2,0,0,28257,0.2870872238670007,17457,0,1,0,0,1,0
445,3306,92625,209323,0,0,0,0,1,0,8,2,0,0,301948,0.4424958437637347,2861,1,0,0,0,1,1
18850,443,9380,12682,1,0,1,0,0,1,8,2,0,0,22062,0.7395726563115982,18407,0,1,0,0,1,0
41546,445,255,325,0,0,0,0,1,0,9,2,0,0,580,0.7822085889570553,41101,0,1,0,0,1,0
46570,22,8890,32630,1,0,1,0,1,0,9,2,0,0,41520,0.27244031748950387,46548,0,1,0,0,1,0
21261,22,14041,16099,0,0,0,0,1,0,9,2,0,0,30140,0.872111801242236,21239,0,1,0,0,1,0
30931,80,16778,9358,0,0,1,0,0,1,9,2,0,0,26136,1.7927128966769954,30851,0,1,0,0,1,0
17901,867,876,2111,0,1,1,0,1,0,9,2,0,0,2987,0.4147727272727273,17034,0,1,0,0,0,0
23389,25,7848,2147,0,0,1,0,1,0,9,2,0,0,9995,3.653631284916201,23364,0,1,0,0,1,0
3389,3389,6724,16647,0,0,1,0,1,0,10,2,0,0,23371,0.4038923594425757,0,0,0,0,0,1,1
63930,80,13673,12179,0,0,0,0,1,0,10,2,0,0,25852,1.1225779967159277,63850,0,1,1,0,1,0
9569,3306,1583,4359,1,0,0,0,1,0,11,2,0,0,5942,0.36307339449541287,6263,0,0,0,0,1,0
39321,22,960,892,0,0,0,0,1,0,11,2,0,0,1852,1.0750279955207167,39299,0,1,0,0,1,0
46122,3306,25768,46965,1,0,1,0,0,1,11,2,0,0,72733,0.5486522164970404,42816,0,0,0,0,1,0
36901,21,26464,24393,0,0,0,0,0,1,11,2,0,0,50857,1.084856932032467,36880,0,1,0,0,1,0
34162,80,89952,81327,0,0,1,0,1,0,11,2,0,0,171279,1.10603974031084,34082,0,1,0,0,1,0
28169,80,14633,16106,0,0,1,0,1,0,12,2,0,0,30739,0.908486993232756,28089,0,1,0,0,1,0
21,25,3262,7405,0,0,1,0,1,0,12,2,0,0,10667,0.44045368620037806,4,1,1,0,0,1,1
17052,445,988,577,0,0,0,0,1,0,12,2,0,0,1565,1.7093425605536332,16607,0,1,0,0,1,0
38317,53,5301,20539,0,0,1,0,1,0,12,2,0,0,25840,0.2580817916260954,38264,0,1,0,0,1,0
41016,1433,43305,94076,0,0,1,0,1,0,13,2,0,0,137381,0.460314423291559,39583,0,0,0,0,1,0
38650,3306,221088,691484,1,0,0,0,1,0,13,2,0,0,912572,0.31972927829237074,35344,0,0,0,0,1,0
22,25,24017,99023,1,0,0,0,1,0,13,2,0,0,123040,0.24253716270803038,3,1,1,0,0,1,1
5868,21,3159,12939,0,0,1,0,0,1,13,2,0,0,16098,0.24412673879443586,5847,0,1,0,0,1,0
53797,80,5389,15282,0,0,0,0,1,0,13,2,0,0,20671,0.3526140155728587,53717,0,1,1,0,1,0
445,3389,5665,11575,0,0,0,0,1,0,14,2,0,0,17240,0.48937456807187285,2944,1,0,0,0,1,1
445,22,11503,39602,1,0,0,0,1,0,14,2,0,0,51105,0.2904577936014948,423,1,1,0,0,1,1
23892,3306,132380,503026,0,0,1,0,1,0,14,2,0,0,635406,0.26316678826385065,20586,0,0,0,0,1,0
45105,80,149979,226429,0,0,0,0,1,0,14,2,0,0,376408,0.6623636443934108,45025,0,1,0,0,1,0
10348,1433,16720,22960,0,0,0,0,1,0,14,2,0,0,39680,0.728191280867558,8915,0,0,0,0,1,0
80,1433,29522,8797,0,0,0,0,0,1,14,2,0,0,38319,3.3555353489429414,1353,1,0,0,0,1,1
34737,3306,6148,23647,0,0,1,0,1,0,14,2,0,0,29795,0.25997970230040596,31431,0,0,0,0,1,0
32626,53,1428,5624,0,0,0,0,1,0,14,2,0,0,7052,0.2538666666666667,32573,0,1,0,0,1,0
31436,3389,385131,880767,0,0,1,0,1,0,14,2,0,0,1265898,0.43726724858305477,28047,0,0,0,0,1,0
18200,80,535,1007,0,0,0,0,0,1,14,2,0,0,1542,0.5307539682539683,18120,0,1,0,0,1,0
3389,22,1167,2387,0,0,0,0,1,0,14,2,0,0,3554,0.4886934673366834,3367,0,1,0,0,1,1
53,80,390135,1225024,0,0,0,0,1,0,14,2,0,0,1615159,0.3184710516111916,27,1,1,0,0,1,1
63997,22,22619,65206,0,0,1,0,1,0,15,2,0,0,87825,0.34687993620316837,63975,0,1,1,0,1,0
10542,443,3635,11929,0,0,1,0,1,0,15,2,0,0,15564,0.3046940486169321,10099,0,1,0,0,1,0
36715,443,65665,42360,0,0,1,0,0,1,15,2,0,0,108025,1.5501286560751635,36272,0,1,0,0,1,0
443,80,75878,93047,0,0,0,0,1,0,15,2,0,0,168925,0.8154715845585074,363,1,1,0,0,1,1
80,3306,2611,7867,0,0,0,0,1,0,16,2,0,0,10478,0.3318505338078292,3226,1,0,0,0,1,1
20257,42480,9390,1411,0,0,1,0,1,0,16,2,0,0,10801,6.65014164305949,22223,0,0,0,0,0,0
80,3389,89499,59215,0,0,1,0,1,0,16,2,0,0,148714,1.5113989462307484,3309,1,0,0,0,1,1
25447,1433,5960,7321,0,0,1,0,0,1,16,2,0,0,13281,0.8139852499317126,24014,0,0,0,0,1,0
13409,1433,34594,2885,0,0,0,0,1,0,17,2,0,0,37479,11.986832986832987,11976,0,0,0,0,1,0
4045,22,215281,117756,1,0,1,0,1,0,17,2,0,0,333037,1.8281800657285767,4023,0,1,0,0,1,0
445,3389,479,299,0,0,0,0,0,1,18,2,0,0,778,1.5966666666666667,2944,1,0,0,0,1,1
13208,80,12759,38062,1,0,1,0,1,0,18,2,0,0,50821,0.3352074192785645,13128,0,1,0,0,1,0
12369,445,33477,129002,0,0,1,0,1,0,18,2,0,0,162479,0.25950559289318853,11924,0,1,0,0,1,0
1712,445,1252,5087,0,0,1,0,1,0,18,2,0,0,6339,0.2460691823899371,1267,0,1,0,0,1,0
445,443,9439,7496,0,0,1,0,1,0,19,2,0,0,16935,1.2590369481125783,2,1,1,0,0,1,1
13335,3389,117148,188492,0,0,1,0,1,0,19,2,0,0,305640,0.6214978805578987,9946,0,0,0,0,1,0
20695,445,7137,18997,0,0,1,0,1,0,19,2,0,0,26134,0.37567112327613433,20250,0,1,0,0,1,0
13649,445,2048,2305,0,0,1,0,1,0,19,2,0,0,4353,0.8881179531656548,13204,0,1,0,0,1,0
40687,3306,134501,98921,1,0,1,0,0,1,20,2,0,0,233422,1.359667212551303,37381,0,0,0,0,1,0
50861,3389,44855,174423,1,0,0,0,1,0,20,2,0,0,219278,0.2571607118286474,47472,0,0,1,0,1,0
6973,80,19728,18906,0,0,0,0,1,0,20,2,0,0,38634,1.0434230708203311,6893,0,1,0,0,1,0
49880,25,18818,72307,0,0,1,0,1,0,20,2,0,0,91125,0.2602478287326437,49855,0,1,1,0,1,0
24368,3306,114148,383376,1,0,0,0,0,1,20,2,0,0,497524,0.2977434744389987,21062,0,0,0,0,1,0
9193,21,35286,131464,1,0,1,0,1,0,20,2,0,0,166750,0.26840603963031984,9172,0,1,0,0,1,0
16665,53,61881,133281,0,0,0,0,0,1,20,2,0,0,195162,0.4642862502063294,16612,0,1,0,0,1,0
48355,443,7272,24806,0,0,1,0,1,0,20,2,0,0,32078,0.2931430644576128,47912,0,1,0,0,1,0
32920,1433,1024,1816,0,0,0,0,0,1,21,2,0,0,2840,0.5635663181067694,31487,0,0,0,0,1,0
2505,28890,59579,118018,0,0,1,0,1,0,21,2,0,0,177597,0.5048254942000864,26385,0,0,0,0,0,0
4018,443,128217,209203,1,0,1,0,1,0,21,2,0,0,337420,0.6128802508556241,3575,0,1,0,0,1,0
7796,1433,15378,59836,0,0,1,0,1,0,21,2,0,0,75214,0.25699817838461153,6363,0,0,0,0,1,0
22,80,91163,111178,0,0,0,0,0,1,22,2,0,1,202341,0.8199660007735273,58,1,1,0,0,1,1
40859,445,12882,9218,0,0,0,0,1,0,22,2,0,1,22100,1.3973315977871787,40414,0,1,0,0,1,0
3306,3389,19051,9555,0,0,1,0,1,0,22,2,0,1,28606,1.9936165759732105,83,0,0,0,0,1,1
46578,3306,363627,1181893,0,0,1,0,1,0,22,2,0,1,1545520,0.30766464674497035,43272,0,0,0,0,1,0
39184,1433,13815,29797,0,0,1,0,0,1,22,2,0,1,43612,0.4636217195784952,37751,0,0,0,0,1,0
62996,3306,12570,19322,0,0,0,0,1,0,23,2,0,1,31892,0.6505201055736687,59690,0,0,1,0,1,0
36826,3389,1105,4044,0,0,0,0,1,0,23,2,0,1,5149,0.273176761433869,33437,0,0,0,0,1,0
48711,3306,66444,40154,0,0,0,0,1,0,23,2,0,1,106598,1.6546880836757565,45405,0,0,0,0,1,0
58096,21,7074,21024,0,0,0,0,1,0,23,2,0,1,28098,0.33645659928656363,58075,0,1,1,0,1,0
31271,22,27877,58793,0,0,1,0,0,1,0,3,0,1,86670,0.47414702180494606,31249,0,1,0,0,1,0
48871,21,13305,2002,1,0,1,0,0,1,0,3,0,1,15307,6.64253619570644,48850,0,1,0,0,1,0
23695,80,10793,44883,0,0,1,0,1,0,0,3,0,1,55676,0.24046430799393995,23615,0,1,0,0,1,0
63087,21,18244,68923,0,0,0,0,1,0,1,3,0,1,87167,0.2646973478033776,63066,0,1,1,0,1,0
5882,80,20632,53979,0,0,0,0,0,1,1,3,0,1,74611,0.3822156354205261,5802,0,1,0,0,1,0
21559,22,144599,297413,0,0,1,0,0,1,1,3,0,1,442012,0.486187603811522,21537,0,1,0,0,1,0
22,53,250781,143208,0,0,0,0,1,0,2,3,0,1,393989,1.7511539079247813,31,1,1,0,0,1,1
60139,80,62388,103931,0,0,1,0,1,0,2,3,0,1,166319,0.600277104260478,60059,0,1,1,0,1,0
14759,25,168466,48823,0,0,1,0,1,0,2,3,0,1,217289,3.4504751761428807,14734,0,1,0,0,1,0
65313,25,86390,98070,0,0,1,0,1,0,2,3,0,1,184460,0.880892414679161,65288,0,1,1,0,1,0
9401,22,48600,71253,0,1,1,0,1,0,2,3,0,1,119853,0.6820669716787829,9379,0,1,0,0,1,0
60002,25,225986,932962,1,0,1,0,1,0,3,3,0,1,1158948,0.2422239681530779,59977,0,1,1,0,1,0
52195,22,2714,3873,0,0,1,0,1,0,3,3,0,1,6587,0.7005678884873515,52173,0,1,1,0,1,0
4168,445,7367,23434,0,0,0,0,1,0,3,3,0,1,30801,0.3143588649455942,3723,0,1,0,0,1,0
15520,443,5922,11869,0,0,1,0,1,0,3,3,0,1,17791,0.49890480202190396,15077,0,1,0,0,1,0
80,80,13599,42244,0,1,0,0,1,0,3,3,0,1,55843,0.3219079180968162,0,1,1,0,0,1,1
65281,3389,66002,99516,0,0,1,0,1,0,3,3,0,1,165518,0.6632233688716501,61892,0,0,1,0,1,0
31114,21,3699,311,1,0,1,0,1,0,4,3,0,1,4010,11.85576923076923,31093,0,1,0,0,1,0
21,445,49240,14275,0,0,1,0,1,0,4,3,0,1,63515,3.4491454188848416,424,1,1,0,0,1,1
61119,3389,8610,16023,1,0,1,0,1,0,4,3,0,1,24633,0.5373190214677983,57730,0,0,1,0,1,0
54698,30675,12640,18343,0,0,1,0,0,1,4,3,0,1,30983,0.6890536415176625,24023,0,0,1,0,0,0
2560,80,30353,125283,0,0,0,0,1,0,5,3,0,1,155636,0.24227355448421187,2480,0,1,0,0,1,0
54065,1433,324485,1118940,0,0,1,0,1,0,5,3,0,1,1443425,0.2899929486898773,52632,0,0,1,0,1,0
18032,53,7046,25641,0,0,0,0,0,1,5,3,0,1,32687,0.27478355822478745,17979,0,1,0,0,1,0
38040,1433,19377,75958,0,0,1,0,1,0,5,3,0,1,95335,0.2550981450519359,36607,0,0,0,0,1,0
7361,3389,3923,6562,1,0,1,0,0,1,5,3,0,1,10485,0.5977449337193357,3972,0,0,0,0,1,0
16169,25,6938,14702,0,0,1,0,1,0,6,3,0,0,21640,0.4718764877916072,16144,0,1,0,0,1,0
15602,80,3867,12697,0,0,0,0,1,0,6,3,0,0,16564,0.3045361474247913,15522,0,1,0,0,1,0
21,25,32586,24610,1,1,1,0,1,0,6,3,0,0,57196,1.3240420949981715,4,1,1,0,0,1,1
443,443,43499,116826,0,1,0,0,1,0,6,3,0,0,160325,0.37233687418148204,0,1,1,0,0,1,1
59165,25,66123,164066,0,0,0,0,1,0,7,3,0,0,230189,0.40302437418859366,59140,0,1,1,0,1,0
63324,25847,6595,24096,1,0,1,0,0,1,7,3,0,0,30691,0.273685521019214,37477,0,0,1,0,0,0
42340,53,49647,111347,0,0,0,0,0,1,7,3,0,0,160994,0.4458724000431081,42287,0,1,0,0,1,0
6900,80,26395,48068,1,0,1,0,1,0,8,3,0,0,74463,0.5491064927500052,6820,0,1,0,0,1,0
21,443,20082,50876,0,0,1,0,1,0,8,3,0,0,70958,0.3947166696149537,422,1,1,0,0,1,1
18485,445,3022,12532,0,0,1,0,1,0,8,3,0,0,15554,0.24112343413388654,18040,0,1,0,0,1,0
59782,443,28147,49036,0,0,1,0,1,0,9,3,0,0,77183,0.573995146522014,59339,0,1,1,0,1,0
19095,25,29611,50311,0,0,1,0,1,0,9,3,0,0,79922,0.5885474638257274,19070,0,1,0,0,1,0
35274,445,25919,86364,0,0,1,0,1,0,9,3,0,0,112283,0.3001099982631853,34829,0,1,0,0,1,0
54868,3306,41776,46304,0,0,1,0,1,0,9,3,0,0,88080,0.9021919879062736,51562,0,0,1,0,1,0
60500,443,66926,231944,0,0,1,0,1,0,9,3,0,0,298870,0.2885425424130721,60057,0,1,1,0,1,0
12413,1433,3801,12504,0,0,0,0,1,0,9,3,0,0,16305,0.30395841663334666,10980,0,0,0,0,1,0
30159,21,15572,23772,0,0,0,0,1,0,9,3,0,0,39344,0.6550288142009844,30138,0,1,0,0,1,0
22094,4871,50273,73079,0,0,1,0,1,0,10,3,0,0,123352,0.6879173508483853,17223,0,0,0,0,0,0
11502,21,14336,57786,0,0,0,0,1,0,10,3,0,0,72122,0.2480834789831623,11481,0,1,0,0,1,0
52470,25,102239,275474,0,0,1,0,0,1,10,3,0,0,377713,0.3711371267810146,52445,0,1,1,0,1,0
1722,22,25445,71146,0,0,1,0,1,0,10,3,0,0,96591,0.3576398161552841,1700,0,1,0,0,1,0
41176,3389,964,2352,0,0,1,0,1,0,10,3,0,0,3316,0.4096897577560561,37787,0,0,0,0,1,0
3306,80,84380,124675,0,0,1,0,1,0,10,3,0,0,209055,0.6767942506978087,3226,0,1,0,0,1,1
20338,1433,18263,59608,0,0,1,0,1,0,10,3,0,0,77871,0.3063799090741331,18905,0,0,0,0,1,0
61435,445,1297,2023,0,0,1,0,1,0,10,3,0,0,3320,0.6408102766798419,60990,0,1,1,0,1,0
42011,25,14710,9813,0,0,1,0,1,0,11,3,0,0,24523,1.498879152231506,41986,0,1,0,0,1,0
61394,443,2894,936,0,0,1,0,1,0,12,3,0,0,3830,3.088580576307364,60951,0,1,1,0,1,0
30045,445,73497,113255,0,0,1,0,0,1,12,3,0,0,186752,0.6489457512184785,29600,0,1,0,0,1,0
39923,53,20798,51459,0,0,0,0,1,0,12,3,0,0,72257,0.40415856976292264,39870,0,1,0,0,1,0
45811,445,5024,6842,0,0,1,0,1,0,12,3,0,0,11866,0.7341809148034488,45366,0,1,0,0,1,0
55263,443,80608,278693,0,0,1,0,1,0,12,3,0,0,359301,0.28923478797534213,54820,0,1,1,0,1,0
33307,443,45873,109637,0,0,0,0,0,1,12,3,0,0,155510,0.4184042029223444,32864,0,1,0,0,1,0
14268,25,15104,40090,0,0,1,0,1,0,13,3,0,0,55194,0.37674290988002296,14243,0,1,0,0,1,0
26222,80,3002,464,0,0,1,0,1,0,13,3,0,0,3466,6.455913978494624,26142,0,1,0,0,1,0
19752,443,5721,7128,1,0,1,0,1,0,13,3,0,0,12849,0.8024968438771216,19309,0,1,0,0,1,0
42382,445,5586,1120,0,0,0,0,1,0,13,3,0,0,6706,4.983050847457627,41937,0,1,0,0,1,0
21206,22,72721,20024,0,0,1,0,1,0,13,3,0,0,92745,3.631510611735331,21184,0,1,0,0,1,0
24412,3389,1496,4749,0,0,0,0,1,0,14,3,0,0,6245,0.31494736842105264,21023,0,0,0,0,1,0
30677,1433,20423,24277,0,1,0,0,1,0,14,3,0,0,44700,0.8412142680616196,29244,0,0,0,0,1,0
14580,1433,14758,3672,1,0,1,0,0,1,14,3,0,0,18430,4.01796896270079,13147,0,0,0,0,1,0
9652,443,115481,324121,0,0,1,0,1,0,14,3,0,0,439602,0.35628868142242737,9209,0,1,0,0,1,0
80,80,31964,129761,0,0,1,0,1,0,14,3,0,0,161725,0.2463278926033816,0,1,1,0,0,1,1
40981,80,51861,93435,1,0,1,0,1,0,14,3,0,0,145296,0.5550430241020592,40901,0,1,0,0,1,0
63965,3389,9503,7834,0,0,1,0,1,0,15,3,0,0,17337,1.2128908742820677,60576,0,0,1,0,1,0
36278,445,3072,5040,0,0,1,0,0,1,15,3,0,0,8112,0.609402896250744,35833,0,1,0,0,1,0
32789,3389,13085,18211,0,0,1,0,1,0,16,3,0,0,31296,0.7184823193498792,29400,0,0,0,0,1,0
445,22,76378,160632,0,0,1,0,1,0,16,3,0,0,237010,0.47548137680302305,423,1,1,0,0,1,1
49109,80,76101,9791,0,0,1,0,0,1,16,3,0,0,85892,7.771752450980392,49029,0,1,0,0,1,0
22680,22,11059,17137,0,0,1,0,1,0,16,3,0,0,28196,0.6452911658303185,22658,0,1,0,0,1,0
19250,3306,5556,7302,1,0,1,0,1,0,17,3,0,0,12858,0.7607832397644804,15944,0,0,0,0,1,0
21245,80,4061,4355,0,0,1,0,1,0,17,3,0,0,8416,0.932277318640955,21165,0,1,0,0,1,0
47718,3306,17701,53584,0,0,1,1,0,0,17,3,0,0,71285,0.3303349818046095,44412,0,0,0,0,1,0
63146,25,27405,105167,0,0,1,0,0,1,17,3,0,0,132572,0.2605830670926518,63121,0,1,1,0,1,0
10019,53,232607,789677,0,0,1,0,1,0,17,3,0,0,1022284,0.2945593013861346,9966,0,1,0,0,1,0
43900,80,26831,67212,0,0,1,0,1,0,17,3,0,0,94043,0.3991936083793314,43820,0,1,0,0,1,0
28647,443,58807,79698,0,0,0,0,0,1,17,3,0,0,138505,0.7378637122172172,28204,0,1,0,0,1,0
1433,53,6318,15486,0,0,1,0,1,0,18,3,0,0,21804,0.40795505908181057,1380,0,1,0,0,1,1
32737,25,23546,62537,0,0,0,0,0,1,18,3,0,0,86083,0.3765070836931146,32712,0,1,0,0,1,0
3389,53,27560,6409,0,0,1,0,1,0,19,3,0,0,33969,4.299531981279251,3336,0,1,0,0,1,1
24706,443,17591,28227,0,0,1,0,1,0,19,3,0,0,45818,0.6231755703556752,24263,0,1,0,0,1,0
44481,21,21270,4753,0,0,0,0,1,0,19,3,0,0,26023,4.474127050904501,44460,0,1,0,0,1,0
3306,445,26955,6417,0,0,1,0,1,0,19,3,0,0,33372,4.199906512932378,2861,0,1,0,0,1,1
13169,3389,47555,193914,0,0,1,0,1,0,19,3,0,0,241469,0.24523631488023104,9780,0,0,0,0,1,0
32826,21,142998,381764,0,0,0,0,0,1,19,3,0,0,524762,0.37457074378216965,32805,0,1,0,0,1,0
32365,22,587,729,0,0,1,0,1,0,19,3,0,0,1316,0.8041095890410959,32343,0,1,0,0,1,0
52366,445,130872,130346,0,0,0,0,0,1,20,3,0,0,261218,1.004027710649267,51921,0,1,1,0,1,0
25,80,1426,3958,0,0,0,0,1,0,20,3,0,0,5384,0.3601919676686032,55,1,1,0,0,1,1
19842,1433,36099,13300,0,0,1,0,1,0,21,3,0,0,49399,2.7140064656792724,18409,0,0,0,0,1,0
12670,80,954560,522978,0,0,1,0,0,1,21,3,0,0,1477538,1.8252358125278454,12590,0,1,0,0,1,0
8154,443,20577,68472,0,0,0,0,1,0,21,3,0,0,89049,0.30051261081010033,7711,0,1,0,0,1,0
3389,80,29378,89914,0,0,1,0,1,0,21,3,0,0,119292,0.32673080131235055,3309,0,1,0,0,1,1
53299,3389,13407,29376,0,0,1,0,1,0,21,3,0,0,42783,0.45637743813187187,49910,0,0,1,0,1,0
30417,3389,64062,32373,0,0,1,0,1,0,22,3,0,1,96435,1.978810156298264,27028,0,0,0,0,1,0
443,443,39321,115253,1,1,1,0,1,0,22,3,0,1,154574,0.3411682024051226,0,1,1,0,0,1,1
52678,1433,7467,9672,0,0,1,0,0,1,22,3,0,1,17139,0.7719425204176574,51245,0,0,1,0,1,0
48106,25,18343,10836,1,0,1,0,0,1,22,3,0,1,29179,1.6926271108240287,48081,0,1,0,0,1,0
1433,22,3679,14136,0,0,1,0,1,0,22,3,0,1,17815,0.26023908891561154,1411,0,1,0,0,1,1
1314,3306,18209,23802,0,0,1,0,1,0,23,3,0,1,42011,0.7649876066042095,1992,0,0,0,0,1,0
45819,443,11259,22190,0,0,0,0,1,0,23,3,0,1,33449,0.5073678518318238,45376,0,1,0,0,1,0
5232,443,27404,45960,0,0,0,0,1,0,23,3,0,1,73364,0.596244642196645,4789,0,1,0,0,1,0
443,443,7073,15913,0,1,0,0,1,0,23,3,0,1,22986,0.4444514264169913,0,1,1,0,0,1,1
45262,3389,15629,14047,0,0,1,0,0,1,23,3,0,1,29676,1.1125427107061503,41873,0,0,0,0,1,0
14509,443,22337,19277,1,0,1,0,1,0,23,3,0,1,41614,1.1586782861292666,14066,0,1,0,0,1,0
22830,25,24970,65741,0,0,1,0,1,0,23,3,0,1,90711,0.3798180767241642,22805,0,1,0,0,1,0
47478,445,34161,130308,0,0,0,0,0,1,23,3,0,1,164469,0.26215380365132107,47033,0,1,0,0,1,0
4279,53,16669,39440,1,1,1,0,1,0,0,4,0,1,56109,0.42263127202657136,4226,0,1,0,0,1,0
3306,443,6255,12983,0,0,1,0,0,1,0,4,0,1,19238,0.4817467652495379,2863,0,1,0,0,1,1
50165,443,25117,36031,1,0,1,0,1,0,0,4,0,1,61148,0.6970748223801065,49722,0,1,1,0,1,0
39267,80,16544,10054,0,0,0,0,1,0,0,4,0,1,26598,1.6453505718547987,39187,0,1,0,0,1,0
33657,3306,113485,445693,1,0,1,0,0,1,0,4,0,1,559178,0.2546253707700799,30351,0,0,0,0,1,0
33920,22,138855,530042,1,0,0,0,1,0,1,4,0,1,668897,0.26196931192374956,33898,0,1,0,0,1,0
20483,3389,2452,3950,0,0,1,0,0,1,1,4,0,1,6402,0.6206023791445203,17094,0,0,0,0,1,0
25,3306,59127,190064,0,0,1,0,0,1,1,4,0,1,249191,0.31108831189329966,3281,1,0,0,0,1,1
57828,3389,81502,240861,0,0,1,0,1,0,1,4,0,1,322363,0.3383763316753992,54439,0,0,1,0,1,0
4054,25,2557,1520,0,0,1,0,1,0,1,4,0,1,4077,1.681130834976989,4029,0,1,0,0,1,0
29970,21,55667,153664,0,0,1,0,1,0,2,4,0,1,209331,0.3622620635798653,29949,0,1,0,0,1,0
445,3306,92367,257262,0,0,1,0,0,1,2,4,0,1,349629,0.35903724981827934,2861,1,0,0,0,1,1
14741,445,4820,17178,0,0,1,0,1,0,2,4,0,1,21998,0.2805751207870074,14296,0,1,0,0,1,0
41122,3306,15090,20289,0,0,0,0,1,0,2,4,0,1,35379,0.7437161163134549,37816,0,0,0,0,1,0
43947,3306,29676,25774,0,0,1,0,1,0,3,4,0,1,55450,1.1513482056256061,40641,0,0,0,0,1,0
35055,3306,54870,152687,0,0,0,0,1,0,3,4,0,1,207557,0.35936026406790317,31749,0,0,0,0,1,0
30270,1433,4530,6505,0,0,1,0,0,1,3,4,0,1,11035,0.6962803565939133,28837,0,0,0,0,1,0
3306,3389,140254,421051,0,0,1,0,0,1,4,4,0,1,561305,0.3331037496556245,83,0,0,0,0,1,1
18152,443,856,2552,0,0,1,1,0,0,4,4,0,1,3408,0.3352918135526831,17709,0,1,0,0,1,0
63539,33597,183137,77452,0,0,0,0,1,0,4,4,0,1,260589,2.3644920145120265,29942,0,0,1,0,0,0
51127,25,53126,65663,1,0,1,0,1,0,4,4,0,1,118789,0.8090582358674464,51102,0,1,1,0,1,0
445,443,8145,2773,0,0,0,0,1,0,4,4,0,1,10918,2.936193222782985,2,1,1,0,0,1,1
63039,443,87820,304831,0,0,0,0,1,0,4,4,0,1,392651,0.2880931135838757,62596,0,1,1,0,1,0
25848,3306,4119,7031,0,0,0,0,1,0,5,4,0,1,11150,0.5857508532423208,22542,0,0,0,0,1,0
3306,21,26473,61130,0,0,0,0,0,1,5,4,0,1,87603,0.43305360618998545,3285,0,1,0,0,1,1
46162,3389,32260,77202,0,0,1,0,0,1,6,4,0,0,109462,0.41785940960843493,42773,0,0,0,0,1,0
38492,445,32138,13625,0,0,1,0,0,1,6,4,0,0,45763,2.358579186848672,38047,0,1,0,0,1,0
40588,3389,5747,1945,0,0,1,0,0,1,6,4,0,0,7692,2.9532374100719423,37199,0,0,0,0,1,0
25,3389,9959,29893,0,0,0,0,0,1,7,4,0,0,39852,0.33314377467050243,3364,1,0,0,0,1,1
49627,53,26978,87449,0,0,1,0,1,0,7,4,0,0,114427,0.3084962835906232,49574,0,1,1,0,1,0
25,21,6885,27455,0,0,1,0,0,1,7,4,0,0,34340,0.25076486013986016,4,1,1,0,0,1,1
10678,3306,34007,58400,0,0,1,0,1,0,7,4,0,0,92407,0.5823016729165597,7372,0,0,0,0,1,0
24894,15286,8245,34301,0,0,1,0,1,0,7,4,0,0,42546,0.24036499329485161,9608,0,0,0,0,0,0
22,21,109097,313327,0,0,0,0,1,0,7,4,0,0,422424,0.3481878414951744,1,1,1,0,0,1,1
14665,1433,268416,620242,0,0,1,0,1,0,8,4,0,0,888658,0.4327594184859805,13232,0,0,0,0,1,0
22045,3306,13685,22958,0,0,1,0,1,0,8,4,0,0,36643,0.596062546278148,18739,0,0,0,0,1,0
11201,25,96029,49648,1,0,0,0,1,0,8,4,0,0,145677,1.9341577876694394,11176,0,1,0,0,1,0
2405,3389,15682,43042,0,0,1,0,1,0,8,4,0,0,58724,0.36433334107752713,984,0,0,0,0,1,0
12460,80,4923,8242,1,0,1,0,0,1,9,4,0,0,13165,0.5972340167414776,12380,0,1,0,0,1,0
59609,22,11146,37245,0,0,1,0,0,1,9,4,0,0,48391,0.29925361112602694,59587,0,1,1,0,1,0
26865,53,25258,58405,0,0,1,0,1,0,9,4,0,0,83663,0.4324555696332569,26812,0,1,0,0,1,0
16985,3389,1262,4166,0,0,1,0,1,0,9,4,0,0,5428,0.3028557715382769,13596,0,0,0,0,1,0
55374,445,59937,120656,0,0,1,0,1,0,9,4,0,0,180593,0.49675526492453814,54929,0,1,1,0,1,0
15801,1433,25276,3332,1,0,0,0,1,0,9,4,0,0,28608,7.583558355835583,14368,0,0,0,0,1,0
35285,80,109192,442355,0,0,1,0,1,0,9,4,0,0,551547,0.2468419101357278,35205,0,1,0,0,1,0
10376,21,58280,104755,0,0,0,1,0,0,10,4,0,0,163035,0.5563404482798121,10355,0,1,0,0,1,0
5654,80,26686,98249,0,0,1,0,1,0,10,4,0,0,124935,0.2716132315521628,5574,0,1,0,0,1,0
25,25,12464,3032,0,0,0,0,1,0,10,4,0,0,15496,4.109462578305308,0,1,1,0,0,1,1
7165,3306,251847,492107,0,0,1,0,1,0,10,4,0,0,743954,0.5117718061888854,3859,0,0,0,0,1,0
14398,22,709131,868056,0,0,1,0,1,0,10,4,0,0,1577187,0.8169175526491924,14376,0,1,0,0,1,0
18338,3389,12802,50957,0,0,1,0,1,0,10,4,0,0,63759,0.25122650025511206,14949,0,0,0,0,1,0
19280,22,116735,375233,1,0,1,0,1,0,11,4,0,0,491968,0.3110992074278983,19258,0,1,0,0,1,0
46400,3306,7109,2553,0,0,1,0,0,1,12,4,0,0,9662,2.783476898981989,43094,0,0,0,0,1,0
55818,443,8601,28086,0,0,1,0,1,0,12,4,0,0,36687,0.30622708014383876,55375,0,1,1,0,1,0
3306,445,11872,30686,0,0,1,0,1,0,12,4,0,0,42558,0.38687392055267705,2861,0,1,0,0,1,1
1907,80,65873,272632,0,0,0,0,1,0,12,4,0,0,338505,0.2416178525710387,1827,0,1,0,0,1,0
11512,3306,3944,4969,0,0,1,0,1,0,12,4,0,0,8913,0.7935613682092555,8206,0,0,0,0,1,0
10780,21,263008,1032022,0,0,1,0,1,0,12,4,0,0,1295030,0.25484703344789794,10759,0,1,0,0,1,0
1433,445,98774,33338,1,0,0,0,1,0,12,4,0,0,132112,2.9627163382225024,988,0,1,0,0,1,1
16629,3306,63476,166436,0,0,1,0,1,0,13,4,0,0,229912,0.38138154376731137,13323,0,0,0,0,1,0
53,80,13765,41490,0,0,1,0,1,0,13,4,0,0,55255,0.3317586946566725,27,1,1,0,0,1,1
27955,445,83048,163784,0,0,1,0,1,0,13,4,0,0,246832,0.5070549806148305,27510,0,1,0,0,1,0
37383,25397,206,67,0,0,0,0,1,0,13,4,0,0,273,3.0294117647058822,11986,0,0,0,0,0,0
58118,22,44597,137123,0,0,1,0,1,0,14,4,0,0,181720,0.3252311776202561,58096,0,1,1,0,1,0
3306,188,3277,3580,0,1,1,0,1,0,14,4,0,0,6857,0.9151075118681933,3118,0,1,0,0,0,1
445,21,1077,1645,0,0,1,0,1,0,14,4,0,0,2722,0.6543134872417983,424,1,1,0,0,1,1
64472,1433,42192,106946,0,0,0,0,1,0,14,4,0,0,149138,0.3945131700748969,63039,0,0,1,0,1,0
52075,1433,56694,157935,0,0,1,0,1,0,14,4,0,0,214629,0.35896818964643906,50642,0,0,1,0,1,0
31112,53,1134,107,0,0,1,0,1,0,14,4,0,0,1241,10.5,31059,0,1,0,0,1,0
53,1433,3298,8352,0,0,1,0,1,0,14,4,0,0,11650,0.394828205435173,1380,1,0,0,0,1,1
4183,3306,599003,1660185,0,0,0,0,1,0,14,4,0,0,2259188,0.360804753202352,877,0,0,0,0,1,0
2250,1433,16347,52385,0,0,1,0,1,0,14,4,0,0,68732,0.3120490207307296,817,0,0,0,0,1,0
7581,53,104925,377269,0,0,1,0,0,1,15,4,0,0,482194,0.27811646831181913,7528,0,1,0,0,1,0
45557,25,133637,383075,0,0,0,0,1,0,15,4,0,0,516712,0.3488524470340089,45532,0,1,0,0,1,0
44955,80,41369,76008,0,0,0,0,0,1,15,4,0,0,117377,0.5442644949940139,44875,0,1,0,0,1,0
45903,80,112149,349567,0,0,1,0,0,1,15,4,0,0,461716,0.32082169992676673,45823,0,1,0,0,1,0
40952,445,749,711,0,0,0,1,0,0,15,4,0,0,1460,1.0519662921348314,40507,0,1,0,0,1,0
37393,21,15231,13054,1,0,1,0,1,0,16,4,0,0,28285,1.1666794331673689,37372,0,1,0,0,1,0
1826,80,159,595,0,0,1,0,1,0,16,4,0,0,754,0.26677852348993286,1746,0,1,0,0,1,0
3306,21,1347,3016,0,0,1,0,1,0,17,4,0,0,4363,0.4464700033145509,3285,0,1,0,0,1,1
38812,443,9194,20032,1,0,1,0,1,0,17,4,0,0,29226,0.4589427444716218,38369,0,1,0,0,1,0
22,22,7596,24262,1,1,0,0,1,0,17,4,0,0,31858,0.3130692824465235,0,1,1,0,0,1,1
43046,22,23535,70633,0,0,0,1,0,0,17,4,0,0,94168,0.33319647761701165,43024,0,1,0,0,1,0
24096,1433,21310,47946,0,0,0,0,1,0,17,4,0,0,69256,0.4444490791916074,22663,0,0,0,0,1,0
49584,1433,27282,62267,0,0,0,0,1,0,17,4,0,0,89549,0.43813836962805935,48151,0,0,1,0,1,0
26607,22,29130,44794,0,0,0,0,1,0,17,4,0,0,73924,0.6502957919410649,26585,0,1,0,0,1,0
25205,3306,37521,102181,0,0,1,0,1,0,18,4,0,0,139702,0.36719774519974163,21899,0,0,0,0,1,0
28317,3306,4748,8016,0,0,0,0,1,0,18,4,0,0,12764,0.592241486840464,25011,0,0,0,0,1,0
40222,3306,6907,18171,0,0,1,0,1,0,18,4,0,0,25078,0.3800902487343165,36916,0,0,0,0,1,0
62283,443,20764,60063,0,0,1,0,1,0,19,4,0,0,80827,0.34569792221630263,61840,0,1,1,0,1,0
15528,3306,21286,76529,1,0,0,0,1,0,19,4,0,0,97815,0.27813929178100094,12222,0,0,0,0,1,0
10633,53,3900,9464,0,0,1,0,0,1,19,4,0,0,13364,0.4120443740095087,10580,0,1,0,0,1,0
21,3389,124305,462683,0,0,1,0,0,1,19,4,0,0,586988,0.2686606841818606,3368,1,0,0,0,1,1
62891,22,70240,227145,0,0,1,0,1,0,19,4,0,0,297385,0.3092284257702095,62869,0,1,1,0,1,0
3389,21,5566,21073,0,0,1,0,0,1,19,4,0,0,26639,0.26411692132485526,3368,0,1,0,0,1,1
443,443,15781,25870,1,1,0,0,1,0,20,4,0,0,41651,0.6099880174712999,0,1,1,0,0,1,1
2252,53,548676,1105816,0,0,1,0,1,0,20,4,0,0,1654492,0.49617251317351785,2199,0,1,0,0,1,0
59066,1433,28479,99792,0,0,1,0,1,0,20,4,0,0,128271,0.2853807381279248,57633,0,0,1,0,1,0
49971,3389,41485,160668,0,0,1,0,1,0,20,4,0,0,202153,0.2582016443744593,46582,0,0,1,0,1,0
63644,80,8314,3610,0,0,1,0,1,0,20,4,0,0,11924,2.302409304901689,63564,0,1,1,0,1,0
6917,443,13346,39120,1,0,0,0,1,0,20,4,0,0,52466,0.34114669870402087,6474,0,1,0,0,1,0
443,3389,247241,303152,0,0,1,0,1,0,20,4,0,0,550393,0.8155650777000393,2946,1,0,0,0,1,1
5487,53,26404,66984,0,0,1,0,1,0,21,4,0,0,93388,0.3941778010002239,5434,0,1,0,0,1,0
51986,445,19663,11281,0,1,1,0,1,0,21,4,0,0,30944,1.742864740294274,51541,0,1,1,0,1,0
19261,22,22297,3218,0,0,0,0,1,0,22,4,0,1,25515,6.926685305995651,19239,0,1,0,0,1,0
40431,3389,1293176,5080153,0,0,0,0,1,0,22,4,0,1,6373329,0.25455448791513013,37042,0,0,0,0,1,0
13942,3389,23475,61259,0,0,1,0,0,1,22,4,0,1,84734,0.38320274240940255,10553,0,0,0,0,1,0
47981,21,5836,566,1,0,1,0,1,0,22,4,0,1,6402,10.292768959435627,47960,0,1,0,0,1,0
39582,443,7718,29636,0,0,1,0,1,0,23,4,0,1,37354,0.2604177210918784,39139,0,1,0,0,1,0
21,53,76819,93321,0,0,1,0,1,0,23,4,0,1,170140,0.8231606695098691,32,1,1,0,0,1,1
33736,80,2240,8764,0,0,0,0,1,0,23,4,0,1,11004,0.255561893896178,33656,0,1,0,0,1,0
20131,445,45294,166311,0,0,1,0,1,0,0,5,1,1,211605,0.27234354706816105,19686,0,1,0,0,1,0
12646,445,6918,2216,0,0,0,0,1,0,0,5,1,1,9134,3.1204330175913397,12201,0,1,0,0,1,0
45194,21,1125,4689,0,0,1,0,1,0,0,5,1,1,5814,0.23987206823027718,45173,0,1,0,0,1,0
21657,1433,4591,17514,0,0,1,0,1,0,0,5,1,1,22105,0.26211818441336,20224,0,0,0,0,1,0
17992,25,23018,27471,0,0,0,0,1,0,0,5,1,1,50489,0.8378712871287128,17967,0,1,0,0,1,0
49096,443,205308,568058,1,0,1,0,1,0,1,5,1,1,773366,0.3614202045914245,48653,0,1,0,0,1,0
30385,1433,94971,105896,0,0,0,0,0,1,1,5,1,1,200867,0.8968242726422845,28952,0,0,0,0,1,0
33345,443,13767,43466,0,0,1,0,0,1,1,5,1,1,57233,0.31672303126509765,32902,0,1,0,0,1,0
59541,25,104349,415551,0,0,1,0,1,0,1,5,1,1,519900,0.2511093677806869,59516,0,1,1,0,1,0
45161,80,12445,9034,0,0,0,0,1,0,1,5,1,1,21479,1.377421140011068,45081,0,1,0,0,1,0
25272,25,2108,5622,1,0,1,1,0,0,1,5,1,1,7730,0.3748888493686644,25247,0,1,0,0,1,0
47888,1433,22782,19291,0,0,1,0,1,0,2,5,1,1,42073,1.1809040016587187,46455,0,0,0,0,1,0
53649,1433,1979,4853,0,0,1,0,1,0,2,5,1,1,6832,0.407704985578904,52216,0,0,1,0,1,0
49712,443,78139,204346,0,0,1,0,1,0,2,5,1,1,282485,0.38238388623273156,49269,0,1,1,0,1,0
41942,25,79970,195386,0,0,1,0,1,0,2,5,1,1,275356,0.4092902803154765,41917,0,1,0,0,1,0
25634,3306,5388,7440,0,0,1,0,0,1,3,5,1,1,12828,0.7240962236258568,22328,0,0,0,0,1,0
65397,445,27804,60845,0,0,0,0,1,0,3,5,1,1,88649,0.4569569076028005,64952,0,1,1,0,1,0
10833,443,27383,65137,0,0,1,0,1,0,3,5,1,1,92520,0.42038441462740644,10390,0,1,0,0,1,0
11984,80,88888,70481,0,0,0,0,0,1,4,5,1,1,159369,1.2611446894242502,11904,0,1,0,0,1,0
12515,1433,3004,8304,0,0,1,0,0,1,4,5,1,1,11308,0.3617098133654425,11082,0,0,0,0,1,0
55140,445,57479,183756,0,0,0,0,1,0,5,5,1,1,241235,0.31279896820257186,54695,0,1,1,0,1,0
62456,21,2678,7053,0,0,1,0,1,0,5,5,1,1,9731,0.37964275588318686,62435,0,1,1,0,1,0
445,25,76381,70722,1,0,0,0,1,0,5,5,1,1,147103,1.0800022623474683,420,1,1,0,0,1,1
15005,53,120609,158069,1,1,0,0,1,0,5,5,1,1,278678,0.7630100588346935,14952,0,1,0,0,1,0
60197,3389,7545,13607,1,0,1,0,0,1,5,5,1,1,21152,0.5544532627865961,56808,0,0,1,0,1,0
48569,25,154911,110535,0,0,0,0,1,0,5,5,1,1,265446,1.4014529203155532,48544,0,1,0,0,1,0
48013,53,1774,6632,1,0,0,0,1,0,5,5,1,1,8406,0.2674506256595809,47960,0,1,0,0,1,0
63776,1433,127942,130924,0,0,1,0,1,0,6,5,1,0,258866,0.9772159633377888,62343,0,0,1,0,1,0
43496,25,220032,435534,0,0,1,0,1,0,7,5,1,0,655566,0.5051993525204633,43471,0,1,0,0,1,0
4204,21,38303,131585,1,0,1,0,1,0,7,5,1,0,169888,0.2910871977262019,4183,0,1,0,0,1,0
40016,80,16109,6533,0,0,1,0,1,0,7,5,1,0,22642,2.46541169268442,39936,0,1,0,0,1,0
63764,445,36310,114171,0,0,0,0,1,0,7,5,1,0,150481,0.3180289387941001,63319,0,1,1,0,1,0
47554,3306,8383,13485,0,0,0,0,1,0,7,5,1,0,21868,0.6216075930594691,44248,0,0,0,0,1,0
20172,53,1467987,449557,0,0,1,0,0,1,7,5,1,0,1917544,3.2654006824480937,20119,0,1,0,0,1,0
39185,25,8617,8165,0,0,1,0,1,0,7,5,1,0,16782,1.0552289982855743,39160,0,1,0,0,1,0
48817,443,181287,701188,0,0,1,0,1,0,7,5,1,0,882475,0.2585422760482552,48374,0,1,0,0,1,0
3389,21,6728,21051,0,0,1,0,1,0,8,5,1,0,27779,0.3195895876876306,3368,0,1,0,0,1,1
1099,80,283478,578491,0,0,0,0,1,0,8,5,1,0,861969,0.49002924845978857,1019,0,1,0,0,1,0
43698,443,551129,1614528,0,0,1,0,1,0,8,5,1,0,2165657,0.3413559000798375,43255,0,1,0,0,1,0
35527,445,40846,41484,0,0,1,0,1,0,9,5,1,0,82330,0.9845968422321321,35082,0,1,0,0,1,0
29837,3306,34844,142903,0,0,1,0,1,0,9,5,1,0,177747,0.24382802440799417,26531,0,0,0,0,1,0
18203,80,4767,19169,0,0,0,0,1,0,9,5,1,0,23936,0.2486697965571205,18123,0,1,0,0,1,0
42448,445,3939,3360,0,0,1,0,1,0,9,5,1,0,7299,1.1719726271942874,42003,0,1,0,0,1,0
25589,443,35477,72357,1,0,0,0,1,0,10,5,1,0,107834,0.49029823931009703,25146,0,1,0,0,1,0
28875,25,227091,878630,0,0,1,0,0,1,10,5,1,0,1105721,0.25846003612437984,28850,0,1,0,0,1,0
55189,443,9162,13097,0,0,1,0,1,0,10,5,1,0,22259,0.6994961062757673,54746,0,1,1,0,1,0
47698,443,309453,802312,0,1,1,1,0,0,10,5,1,0,1111765,0.3857010917185687,47255,0,1,0,0,1,0
33248,25,8297,14540,0,0,0,0,0,1,11,5,1,0,22837,0.5705934942576164,33223,0,1,0,0,1,0
40871,3306,31793,108614,0,0,1,0,1,0,11,5,1,0,140407,0.2927127928923261,37565,0,0,0,0,1,0
8837,443,31927,25232,0,0,1,0,1,0,11,5,1,0,57159,1.2652875203107041,8394,0,1,0,0,1,0
38789,21,18723,4804,1,0,0,0,1,0,11,5,1,0,23527,3.8965660770031216,38768,0,1,0,0,1,0
443,657,296,63,1,1,1,0,1,0,12,5,1,0,359,4.625,214,1,1,0,0,0,1
7041,3389,8180,13195,0,0,0,0,1,0,12,5,1,0,21375,0.6198848135798727,3652,0,0,0,0,1,0
21282,80,30315,82027,0,0,0,0,0,1,12,5,1,0,112342,0.36956892768323013,21202,0,1,0,0,1,0
9671,25,18890,65754,0,0,1,0,1,0,12,5,1,0,84644,0.28727853395179076,9646,0,1,0,0,1,0
22,445,60957,122391,0,0,0,0,1,0,12,5,1,0,183348,0.49804725799071836,423,1,1,0,0,1,1
18091,25,73934,199815,1,0,1,0,1,0,12,5,1,0,273749,0.37001040957681064,18066,0,1,0,0,1,0
40162,80,15001,2103,0,0,1,0,1,0,13,5,1,0,17104,7.129752851711027,40082,0,1,0,0,1,0
16226,198,326,378,0,1,1,0,1,0,13,5,1,0,704,0.8601583113456465,16028,0,1,0,0,0,0
5766,3389,262316,678433,0,0,1,0,1,0,13,5,1,0,940749,0.38664925401733996,2377,0,0,0,0,1,0
40103,53,2518,2538,0,0,0,0,1,0,14,5,1,0,5056,0.9917290271760536,40050,0,1,0,0,1,0
19279,443,8497,2890,0,0,1,0,1,0,14,5,1,0,11387,2.939121411276375,18836,0,1,0,0,1,0
80,443,5653,7144,0,0,1,0,1,0,14,5,1,0,12797,0.7911826452064381,363,1,1,0,0,1,1
22277,21,72717,92756,0,0,1,0,1,0,14,5,1,0,165473,0.7839516155114978,22256,0,1,0,0,1,0
4242,3306,181177,226696,0,0,1,0,1,0,15,5,1,0,407873,0.7992033419057155,936,0,0,0,0,1,0
21,443,16682,37110,0,0,1,0,1,0,15,5,1,0,53792,0.44951631591711355,422,1,1,0,0,1,1
13272,1433,31813,108765,1,0,1,0,0,1,15,5,1,0,140578,0.2924903002776603,11839,0,0,0,0,1,0
59014,22,43740,136015,0,0,1,0,0,1,15,5,1,0,179755,0.321579814139513,58992,0,1,1,0,1,0
20730,53,394907,39693,0,0,1,0,1,0,16,5,1,0,434600,9.94878319141432,20677,0,1,0,0,1,0
21,443,1289,2316,0,0,1,0,1,0,16,5,1,0,3605,0.5563228312473025,422,1,1,0,0,1,1
51013,1433,72457,23257,0,0,1,0,1,0,16,5,1,0,95714,3.1153581563333046,49580,0,0,1,0,1,0
5709,80,40232,48124,1,0,1,0,1,0,16,5,1,0,88356,0.8359896103896104,5629,0,1,0,0,1,0
40510,3306,12169,27181,0,0,1,0,0,1,17,5,1,0,39350,0.4476859686557281,37204,0,0,0,0,1,0
57224,443,37121,67308,0,0,0,0,1,0,17,5,1,0,104429,0.5515012851178891,56781,0,1,1,0,1,0
39991,53,72065,75939,0,0,1,0,1,0,17,5,1,0,148004,0.948972873321043,39938,0,1,0,0,1,0
6418,22,55997,162996,0,0,1,0,1,0,17,5,1,0,218993,0.34354620023681415,6396,0,1,0,0,1,0
48874,21,696345,1415145,0,0,1,0,1,0,17,5,1,0,2111490,0.49206583631653555,48853,0,1,0,0,1,0
26977,25,27010,103851,0,0,0,0,1,0,18,5,1,0,130861,0.2600816546624042,26952,0,1,0,0,1,0
26809,3389,22995,43582,1,0,0,0,1,0,18,5,1,0,66577,0.5276139779271735,23420,0,0,0,0,1,0
46476,22,16480,59136,0,0,1,0,1,0,18,5,1,0,75616,0.27867494123814196,46454,0,1,0,0,1,0
1433,443,53357,66898,0,0,1,0,1,0,19,5,1,0,120255,0.7975754495582894,990,0,1,0,0,1,1
8815,22,20925,16100,0,0,1,0,1,0,19,5,1,0,37025,1.2996087199552824,8793,0,1,0,0,1,0
80,445,22496,58236,0,0,0,0,1,0,19,5,1,0,80732,0.3862836341157683,365,1,1,0,0,1,1
31884,3306,22663,3484,0,0,1,0,1,0,20,5,1,0,26147,6.503012912482066,28578,0,0,0,0,1,0
40715,17761,17758,53424,0,0,0,0,1,0,20,5,1,0,71182,0.33239120262049604,22954,0,0,0,0,0,0
63046,445,8317,33466,0,0,1,0,1,0,20,5,1,0,41783,0.24851346102130456,62601,0,1,1,0,1,0
22,445,43000,169338,1,0,0,0,1,0,20,5,1,0,212338,0.25392851026638874,423,1,1,0,0,1,1
41736,80,13959,53911,0,0,1,0,1,0,20,5,1,0,67870,0.25892194687639114,41656,0,1,0,0,1,0
42117,445,58799,151579,0,0,0,0,1,0,21,5,1,0,210378,0.3879073756432247,41672,0,1,0,0,1,0
53,80,26297,9124,0,0,0,0,1,0,21,5,1,0,35421,2.8818630136986303,27,1,1,0,0,1,1
49530,21,11866,1001,0,0,1,0,1,0,21,5,1,0,12867,11.842315369261478,49509,0,1,1,0,1,0
31269,3306,269339,1005993,0,0,1,0,1,0,22,5,1,1,1275332,0.26773420119801905,27963,0,0,0,0,1,0
36322,21,18700,49852,0,0,1,0,1,0,22,5,1,1,68552,0.37510280223858145,36301,0,1,0,0,1,0
62320,1433,59665,89544,0,0,1,0,1,0,22,5,1,1,149209,0.6663130269696801,60887,0,0,1,0,1,0
3389,21,7186,8548,0,0,1,0,1,0,22,5,1,1,15734,0.8405661480874956,3368,0,1,0,0,1,1
34109,443,861,1962,0,0,0,0,1,0,22,5,1,1,2823,0.43861436576668367,33666,0,1,0,0,1,0
10721,3306,8891,21202,1,0,1,0,1,0,22,5,1,1,30093,0.41932745366221763,7415,0,0,0,0,1,0
445,53,720,547,0,0,0,0,1,0,23,5,1,1,1267,1.313868613138686,392,1,1,0,0,1,1
5374,445,15078,56408,0,0,1,0,0,1,23,5,1,1,71486,0.2672977716321864,4929,0,1,0,0,1,0
3306,445,230921,909981,0,0,1,0,1,0,23,5,1,1,1140902,0.25376436017415727,2861,0,1,0,0,1,1
36980,445,5174,3598,0,0,1,0,1,0,0,6,1,1,8772,1.4376215615448735,36535,0,1,0,0,1,0
56729,443,757,1170,0,0,1,0,1,0,0,6,1,1,1927,0.6464560204953032,56286,0,1,1,0,1,0
55198,53,242901,59244,0,0,0,0,1,0,0,6,1,1,302145,4.099940923284666,55145,0,1,1,0,1,0
20105,3389,10295,15210,0,0,1,0,1,0,0,6,1,1,25505,0.6768128328183551,16716,0,0,0,0,1,0
60797,3389,21478,24014,1,0,0,0,1,0,0,6,1,1,45492,0.8943576931084739,57408,0,0,1,0,1,0
21568,22,77749,180196,0,0,1,0,1,0,0,6,1,1,257945,0.4314666725861141,21546,0,1,0,0,1,0
6626,25,50872,119387,0,0,0,0,1,0,0,6,1,1,170259,0.42610647636278354,6601,0,1,0,0,1,0
22,80,73190,82063,1,0,1,0,0,1,1,6,1,1,155253,0.8918648859426789,58,1,1,0,0,1,1
35387,3306,93030,158098,0,0,0,0,1,0,1,6,1,1,251128,0.588428769315429,32081,0,0,0,0,1,0
42237,443,1347,4907,1,0,1,0,0,1,1,6,1,1,6254,0.27444987775061125,41794,0,1,0,0,1,0
30610,80,2291,5291,0,0,1,0,1,0,1,6,1,1,7582,0.43291761148904007,30530,0,1,0,0,1,0
21,37847,143468,95514,0,0,1,0,1,0,2,6,1,1,238982,1.502046798932105,37826,1,0,0,0,0,1
38893,3389,6305,18201,0,0,1,0,1,0,2,6,1,1,24506,0.3463905065377431,35504,0,0,0,0,1,0
22,22,7508,15804,0,0,1,0,1,0,2,6,1,1,23312,0.4750395444479595,0,1,1,0,0,1,1
15947,3389,2920,431,0,0,1,0,1,0,2,6,1,1,3351,6.7592592592592595,12558,0,0,0,0,1,0
51157,21,11522,15865,1,0,1,0,1,0,2,6,1,1,27387,0.7262069834867011,51136,0,1,1,0,1,0
25,21,12595,32982,1,0,1,0,1,0,2,6,1,1,45577,0.3818633841676015,4,1,1,0,0,1,1
34326,3306,4915,12458,0,0,1,0,0,1,3,6,1,1,17373,0.39449394012360545,31020,0,0,0,0,1,0
16505,443,4084,1614,0,0,1,0,1,0,3,6,1,1,5698,2.528792569659443,16062,0,1,0,0,1,0
44521,445,36675,33405,0,0,0,0,1,0,3,6,1,1,70080,1.0978566724540502,44076,0,1,0,0,1,0
13441,80,6049,13452,0,0,0,0,1,0,4,6,1,1,19501,0.4496394856165911,13361,0,1,0,0,1,0
15894,21,8349,29011,0,0,1,0,1,0,4,6,1,1,37360,0.2877774713911485,15873,0,1,0,0,1,0
42767,445,666,941,0,0,1,0,1,0,4,6,1,1,1607,0.7070063694267515,42322,0,1,0,0,1,0
52894,25,489490,448668,1,0,1,0,1,0,4,6,1,1,938158,1.0909824391700786,52869,0,1,1,0,1,0
60982,25,99401,157793,0,0,1,0,0,1,4,6,1,1,257194,0.6299415693879362,60957,0,1,1,0,1,0
42051,443,9979,26052,0,0,1,0,1,0,5,6,1,1,36031,0.38302690669020845,41608,0,1,0,0,1,0
44512,80,5226,21645,0,0,1,0,1,0,5,6,1,1,26871,0.24143028735101174,44432,0,1,0,0,1,0
57664,3306,22413,32628,0,0,0,0,1,0,5,6,1,1,55041,0.686904287596923,54358,0,0,1,0,1,0
15117,53,21451,77047,0,0,0,0,0,1,5,6,1,1,98498,0.2784108607621223,15064,0,1,0,0,1,0
33067,1433,2859,3717,0,0,0,0,1,0,5,6,1,1,6576,0.7689618074233459,31634,0,0,0,0,1,0
34109,21,372,878,0,0,0,0,1,0,5,6,1,1,1250,0.4232081911262799,34088,0,1,0,0,1,0
45997,3389,9492,12756,1,0,0,1,0,0,5,6,1,1,22248,0.744062083561966,42608,0,0,0,0,1,0
39186,3306,1805,1513,1,0,1,0,0,1,6,6,1,0,3318,1.1922060766182299,35880,0,0,0,0,1,0
1512,16556,28975,21519,0,0,1,0,1,0,6,6,1,0,50494,1.3464219330855018,15044,0,0,0,0,0,0
12493,445,29287,53554,0,0,0,0,0,1,6,6,1,0,82841,0.5468583699001027,12048,0,1,0,0,1,0
56202,443,4641,13229,0,0,1,0,1,0,6,6,1,0,17870,0.35079365079365077,55759,0,1,1,0,1,0
48498,53,9364,24457,1,0,0,0,1,0,7,6,1,0,33821,0.3828604137705454,48445,0,1,0,0,1,0
62198,3306,369855,654791,0,0,0,0,1,0,7,6,1,0,1024646,0.5648434922845728,58892,0,0,1,0,1,0
31769,21,76130,276720,0,0,1,0,0,1,7,6,1,0,352850,0.27511464615985054,31748,0,1,0,0,1,0
42585,22,10682,31073,0,0,1,0,1,0,7,6,1,0,41755,0.3437600566389908,42563,0,1,0,0,1,0
21903,445,862107,2055369,0,0,1,0,1,0,7,6,1,0,2917476,0.4194412684820738,21458,0,1,0,0,1,0
47259,443,3245,7773,0,0,1,0,0,1,7,6,1,0,11018,0.4174170311294057,46816,0,1,0,0,1,0
12669,21,6001,9041,1,0,1,0,1,0,8,6,1,0,15042,0.663680601636806,12648,0,1,0,0,1,0
58087,25,18456,12986,0,0,1,0,1,0,8,6,1,0,31442,1.421113421113421,58062,0,1,1,0,1,0
3389,3389,1901,3493,0,0,1,0,1,0,8,6,1,0,5394,0.5440755580995993,0,0,0,0,0,1,1
64018,80,386348,868729,0,0,1,0,1,0,8,6,1,0,1255077,0.444727360629885,63938,0,1,1,0,1,0
445,1433,29526,84600,0,0,1,0,1,0,8,6,1,0,114126,0.3490029668680039,988,1,0,0,0,1,1
13213,3389,6223,1671,0,0,1,0,0,1,8,6,1,0,7894,3.72188995215311,9824,0,0,0,0,1,0
1560,445,45091,74421,1,0,0,0,1,0,8,6,1,0,119512,0.6058826691032222,1115,0,1,0,0,1,0
9359,80,27824,3278,0,0,1,0,1,0,8,6,1,0,31102,8.485513876181763,9279,0,1,0,0,1,0
25661,53,13528,55512,0,0,1,0,1,0,9,6,1,0,69040,0.24369066705096104,25608,0,1,0,0,1,0
22203,571,5027,16122,0,1,1,0,1,0,9,6,1,0,21149,0.3117906096880233,21632,0,1,0,0,0,0
17295,443,2212,3384,0,0,1,0,1,0,9,6,1,0,5596,0.6534711964549483,16852,0,1,0,0,1,0
80,25,728601,1142617,0,0,1,0,1,0,9,6,1,0,1871218,0.6376593052096151,55,1,1,0,0,1,1
22,22,2529,1050,0,1,0,0,1,0,9,6,1,0,3579,2.40627973358706,0,1,1,0,0,1,1
49460,53,333282,53828,0,0,1,0,0,1,10,6,1,0,387110,6.191495290642591,49407,0,1,1,0,1,0
63512,25,5700,3286,1,0,0,0,1,0,10,6,1,0,8986,1.7341040462427746,63487,0,1,1,0,1,0
43686,445,77967,174919,0,0,1,0,1,0,11,6,1,0,252886,0.4457294763320375,43241,0,1,0,0,1,0
31074,3389,46383,79714,0,0,0,0,0,1,11,6,1,0,126097,0.5818603775951828,27685,0,0,0,0,1,0
60715,1433,63874,211452,0,0,0,0,0,1,11,6,1,0,275326,0.30207185521132357,59282,0,0,1,0,1,0
21594,3389,71055,74257,0,0,1,0,1,0,11,6,1,0,145312,0.9568666002316248,18205,0,0,0,0,1,0
57136,443,1671,4783,0,0,0,1,0,0,12,6,1,0,6454,0.34928929765886285,56693,0,1,1,0,1,0
445,443,7463,29352,0,0,1,0,1,0,12,6,1,0,36815,0.254249991482983,2,1,1,0,0,1,1
43997,53,2467,3156,0,0,0,0,1,0,12,6,1,0,5623,0.781438074121001,43944,0,1,0,0,1,0
3389,3389,29818,12199,1,0,1,0,1,0,12,6,1,0,42017,2.4440983606557376,0,0,0,0,0,1,1
51728,21,2650,916,0,0,1,0,1,0,12,6,1,0,3566,2.889858233369684,51707,0,1,1,0,1,0
24711,80,925,1956,0,0,1,0,1,0,12,6,1,0,2881,0.47266223811957075,24631,0,1,0,0,1,0
63826,443,15063,51440,0,0,1,0,1,0,12,6,1,0,66503,0.29282090161544294,63383,0,1,1,0,1,0
59148,53574,642,1973,1,0,1,0,1,0,12,6,1,0,2615,0.3252279635258359,5574,0,0,1,1,0,0
50254,21,33322,8774,0,0,0,0,1,0,13,6,1,0,42096,3.7973789173789174,50233,0,1,1,0,1,0
64199,25,2944,1390,1,0,1,0,1,0,13,6,1,0,4334,2.1164629762760603,64174,0,1,1,0,1,0
21779,53,5739,18414,0,0,1,0,1,0,13,6,1,0,24153,0.3116481129513983,21726,0,1,0,0,1,0
46189,53,573,900,0,0,1,0,1,0,14,6,1,0,1473,0.6359600443951166,46136,0,1,0,0,1,0
40602,1433,308711,1134354,0,0,1,0,1,0,14,6,1,0,1443065,0.2721467265538566,39169,0,0,0,0,1,0
45109,443,2120,1546,0,0,1,0,1,0,14,6,1,0,3666,1.3703943115707822,44666,0,1,0,0,1,0
30453,25,12302,25073,0,0,1,0,1,0,14,6,1,0,37375,0.4906277418840233,30428,0,1,0,0,1,0
42586,25,1252,2606,0,0,0,0,1,0,14,6,1,0,3858,0.48024549290372076,42561,0,1,0,0,1,0
48777,3306,5784,14900,0,0,1,0,1,0,15,6,1,0,20684,0.3881618683309845,45471,0,0,0,0,1,0
33229,3306,363274,409777,0,0,1,0,1,0,15,6,1,0,773051,0.8865141613263767,29923,0,0,0,0,1,0
34376,443,35452,56830,0,0,1,0,0,1,15,6,1,0,92282,0.6238144674561419,33933,0,1,0,0,1,0
22,25,6920,3040,0,0,0,0,1,0,15,6,1,0,9960,2.275567247615916,3,1,1,0,0,1,1
80,3389,20854,85402,0,0,1,0,1,0,15,6,1,0,106256,0.24418345959743804,3309,1,0,0,0,1,1
18648,22,8983,36080,0,0,0,0,1,0,15,6,1,0,45063,0.2489676006762562,18626,0,1,0,0,1,0
51588,3306,18998,1737,0,0,1,0,1,0,15,6,1,0,20735,10.93095512082854,48282,0,0,1,0,1,0
50206,25,72416,234988,0,1,1,0,1,0,15,6,1,0,307404,0.3081676163565103,50181,0,1,1,0,1,0
54249,53,12968,37778,0,0,1,0,1,0,16,6,1,0,50746,0.3432594827814394,54196,0,1,1,0,1,0
49098,3306,31319,82133,0,0,1,0,0,1,16,6,1,0,113452,0.3813158984099155,45792,0,0,0,0,1,0
18220,25,32157,25673,0,0,1,0,1,0,16,6,1,0,57830,1.2525122692217807,18195,0,1,0,0,1,0
22,21,13071,6215,0,0,1,0,1,0,16,6,1,0,19286,2.102799227799228,1,1,1,0,0,1,1
27755,22,6785,25658,0,0,0,0,0,1,17,6,1,0,32443,0.26442963482598697,27733,0,1,0,0,1,0
80,80,9506,33082,0,0,1,0,1,0,17,6,1,0,42588,0.28733790768672735,0,1,1,0,0,1,1
1433,22,67419,165598,1,0,1,0,1,0,17,6,1,0,233017,0.4071220236837179,1411,0,1,0,0,1,1
55579,21,77023,230123,0,1,0,0,0,1,17,6,1,0,307146,0.3347021605742991,55558,0,1,1,0,1,0
38320,53,3567,9526,0,0,0,0,1,0,18,6,1,0,13093,0.3744095727931143,38267,0,1,0,0,1,0
7030,25,14507,35566,0,0,1,0,1,0,18,6,1,0,50073,0.4078780892400259,7005,0,1,0,0,1,0
25,22,6603,10441,1,0,1,0,0,1,18,6,1,0,17044,0.6323501244972227,3,1,1,0,0,1,1
445,3389,79215,65445,0,0,0,0,1,0,18,6,1,0,144660,1.2103871894386211,2944,1,0,0,0,1,1
24884,443,10363,23713,0,0,0,0,0,1,19,6,1,0,34076,0.4369992409547103,24441,0,1,0,0,1,0
80,25,745252,153081,0,0,1,0,1,0,19,6,1,0,898333,4.868318940175853,55,1,1,0,0,1,1
33095,53,31214,41302,0,0,1,0,1,0,19,6,1,0,72516,0.7557320291504249,33042,0,1,0,0,1,0
44885,21,145975,436728,0,0,0,0,1,0,19,6,1,0,582703,0.3342461801254325,44864,0,1,0,0,1,0
25,1433,4344,10282,0,0,1,0,1,0,19,6,1,0,14626,0.4224448118253428,1408,1,0,0,0,1,1
56261,1433,22443,37857,1,0,0,0,1,0,20,6,1,0,60300,0.5928205399123039,54828,0,0,1,0,1,0
3389,21,59034,196967,0,0,1,0,1,0,20,6,1,0,256001,0.2997136590715243,3368,0,1,0,0,1,1
80,65416,4216,15164,0,0,1,0,1,0,20,6,1,0,19380,0.2780085723705902,65336,1,0,0,1,0,1
13276,25,22755,92689,1,0,1,0,1,0,20,6,1,0,115444,0.24549573848311576,13251,0,1,0,0,1,0
3389,3306,118536,143677,0,0,1,0,1,0,20,6,1,0,262213,0.8250114840128621,83,0,0,0,0,1,1
60551,443,13043,46039,0,0,1,0,1,0,20,6,1,0,59082,0.2832971329278888,60108,0,1,1,0,1,0
443,443,5637,11078,0,1,0,0,1,0,20,6,1,0,16715,0.5088004332520986,0,1,1,0,0,1,1
31879,3306,394247,97838,0,0,0,0,1,0,20,6,1,0,492085,4.029548544036632,28573,0,0,0,0,1,0
54816,22,3378,1477,0,0,1,0,0,1,20,6,1,0,4855,2.2855209742895806,54794,0,1,1,0,1,0
14308,33552,28266,108890,0,0,1,0,1,0,20,6,1,0,137156,0.25958068159903025,19244,0,0,0,0,0,0
80,22,7092,12730,0,0,1,0,1,0,20,6,1,0,19822,0.5570654308381117,58,1,1,0,0,1,1
6578,445,4920,19824,1,0,1,0,0,1,21,6,1,0,24744,0.24817150063051702,6133,0,1,0,0,1,0
16658,3389,72160,212733,0,0,0,0,1,0,21,6,1,0,284893,0.3392029482828321,13269,0,0,0,0,1,0
58208,3306,15853,48574,0,0,0,0,1,0,21,6,1,0,64427,0.32636129696345856,54902,0,0,1,0,1,0
65167,3306,42168,66418,0,0,0,0,1,0,21,6,1,0,108586,0.634878573902046,61861,0,0,1,0,1,0
9026,80,596,2349,0,0,1,0,0,1,21,6,1,0,2945,0.25361702127659574,8946,0,1,0,0,1,0
13053,3389,49266,81491,0,0,1,0,1,0,21,6,1,0,130757,0.6045501398910322,9664,0,0,0,0,1,0
15750,445,6953,7838,0,0,1,1,0,0,22,6,1,1,14791,0.8869753795126929,15305,0,1,0,0,1,0
16120,22,1089,2945,0,0,1,0,0,1,23,6,1,1,4034,0.3696537678207739,16098,0,1,0,0,1,0
53,1433,449361,796557,0,0,1,0,1,0,23,6,1,1,1245918,0.5641284124947586,1380,1,0,0,0,1,1
33308,55512,57619,218943,0,0,1,0,1,0,23,6,1,1,276562,0.2631677506577024,22204,0,0,0,1,0,0
21,3389,31686,15957,0,0,1,0,1,0,23,6,1,1,47643,1.9855871663115678,3368,1,0,0,0,1,1
43301,53,162603,356930,0,0,1,0,1,0,0,0,0,1,519533,0.455558637383696,43248,0,1,0,0,1,0
41313,3306,32732,111927,0,0,1,0,1,0,0,0,0,1,144659,0.2924379958544779,38007,0,0,0,0,1,0
6402,443,6137,13558,0,0,0,0,0,1,0,0,0,1,19695,0.4526144995943654,5959,0,1,0,0,1,0
36183,3389,16648,15734,0,0,1,0,1,0,0,0,0,1,32382,1.0580235144582142,32794,0,0,0,0,1,0
8119,445,7439,619,0,0,1,0,1,0,0,0,0,1,8058,11.998387096774193,7674,0,1,0,0,1,0
34645,80,9891,8229,0,0,0,0,1,0,0,0,0,1,18120,1.2018226002430135,34565,0,1,0,0,1,0
40810,445,2944,7876,0,0,1,0,1,0,0,0,0,1,10820,0.3737463501332995,40365,0,1,0,0,1,0
55869,40273,4665,12547,0,0,0,0,1,0,0,0,0,1,17212,0.37177239400701306,15596,0,0,1,0,0,0
28596,21,92165,254761,0,0,1,0,1,0,1,0,0,1,346926,0.36176902363774815,28575,0,1,0,0,1,0
19860,445,37470,8409,1,0,0,0,1,0,1,0,0,1,45879,4.455410225921522,19415,0,1,0,0,1,0
59589,80,9849,8054,0,0,1,0,1,0,1,0,0,1,17903,1.2227188081936686,59509,0,1,1,0,1,0
443,443,4252,7116,1,1,1,0,0,1,1,0,0,1,11368,0.5974427427286778,0,1,1,0,0,1,1
5150,21,11514,8986,0,0,1,0,1,0,1,0,0,1,20500,1.2811839323467231,5129,0,1,0,0,1,0
52740,21,1488,575,0,0,1,0,1,0,2,0,0,1,2063,2.5833333333333335,52719,0,1,1,0,1,0
12679,80,26973,18424,0,0,1,0,1,0,2,0,0,1,45397,1.4639348710990503,12599,0,1,0,0,1,0
65263,80,99982,255308,0,0,1,0,1,0,2,0,0,1,355290,0.3916117332330627,65183,0,1,1,0,1,0
61925,25,972043,2698472,0,0,0,0,1,0,2,0,0,1,3670515,0.3602196501502887,61900,0,1,1,0,1,0
24163,3306,3769,3021,0,0,1,0,1,0,2,0,0,1,6790,1.2471872931833223,20857,0,0,0,0,1,0
27977,80,93534,345233,0,0,1,0,0,1,2,0,0,1,438767,0.27092928274735395,27897,0,1,0,0,1,0
25,21,7104,8062,0,0,1,0,1,0,2,0,0,1,15166,0.8810616395882426,4,1,1,0,0,1,1
24696,25,3620,7701,0,0,0,0,0,1,2,0,0,1,11321,0.4700077901843677,24671,0,1,0,0,1,0
42331,3389,3618,7811,0,0,1,0,1,0,3,0,0,1,11429,0.4631336405529954,38942,0,0,0,0,1,0
49283,3389,27589,109014,0,0,0,1,0,0,3,0,0,1,136603,0.25307526487180665,45894,0,0,1,0,1,0
13191,25,4967,15748,0,0,0,0,1,0,3,0,0,1,20715,0.3153851038161153,13166,0,1,0,0,1,0
48635,53,8341,22053,0,0,0,0,1,0,4,0,0,1,30394,0.37820803482361476,48582,0,1,0,0,1,0
5298,445,10887,18343,0,0,1,0,1,0,4,0,0,1,29230,0.5934910597470563,4853,0,1,0,0,1,0
49211,445,6741,21503,1,0,0,0,0,1,4,0,0,1,28244,0.3134765625,48766,0,1,1,0,1,0
55285,25,6002,3072,0,1,1,0,0,1,4,0,0,1,9074,1.953140253823625,55260,0,1,1,0,1,0
25061,46224,451,268,0,0,1,0,1,0,4,0,0,1,719,1.6765799256505576,21163,0,0,0,0,0,0
22304,443,25314,35824,0,0,0,0,1,0,5,0,0,1,61138,0.7066015352407536,21861,0,1,0,0,1,0
40964,3389,24545,11921,0,0,1,0,1,0,5,0,0,1,36466,2.0587988592518034,37575,0,0,0,0,1,0
48762,21,6150,19611,0,0,0,0,0,1,5,0,0,1,25761,0.31358352029369774,48741,0,1,0,0,1,0
38485,21,39207,160680,0,0,0,0,0,1,5,0,0,1,199887,0.24400520285534694,38464,0,1,0,0,1,0
56020,1433,205880,592217,0,0,1,1,0,0,5,0,0,1,798097,0.3476422533594048,54587,0,0,1,0,1,0
38951,25,22873,26730,1,0,1,0,0,1,5,0,0,1,49603,0.8556731884329056,38926,0,1,0,0,1,0
32223,25,185055,360600,1,0,1,0,0,1,6,0,0,0,545655,0.5131849329314118,32198,0,1,0,0,1,0
63070,445,790966,779428,0,0,1,0,1,0,6,0,0,0,1570394,1.0148018613626129,62625,0,1,1,0,1,0
2535,445,1262796,1345647,0,0,1,0,0,1,6,0,0,0,2608443,0.9384296636267434,2090,0,1,0,0,1,0
25370,1433,3290,10836,0,0,0,0,1,0,7,0,0,0,14126,0.30358955430469686,23937,0,0,0,0,1,0
6075,3389,3317,9965,1,0,1,0,0,1,7,0,0,0,13282,0.3328316275336143,2686,0,0,0,0,1,0
2862,25,10817,3913,0,0,0,0,1,0,7,0,0,0,14730,2.7636688809402146,2837,0,1,0,0,1,0
20652,445,27063,16843,0,0,0,0,1,0,7,0,0,0,43906,1.6066848729517929,20207,0,1,0,0,1,0
3389,22,278909,923068,0,0,0,0,1,0,7,0,0,0,1201977,0.30215401015525384,3367,0,1,0,0,1,1
46280,445,60089,120497,1,0,1,0,1,0,7,0,0,0,180586,0.49867217713157064,45835,0,1,0,0,1,0
443,3306,3212,8435,1,0,1,0,1,0,7,0,0,0,11647,0.3807491702228544,2863,1,0,0,0,1,1
21,22,8277,14296,0,0,1,0,1,0,7,0,0,0,22573,0.5789326432118627,1,1,1,0,0,1,1
80,25,20594,51995,1,0,1,0,1,0,7,0,0,0,72589,0.39606892837910607,55,1,1,0,0,1,1
22,3389,2033,1795,0,0,1,0,1,0,7,0,0,0,3828,1.1319599109131404,3367,1,0,0,0,1,1
15058,80,22513,11657,0,0,0,0,1,0,8,0,0,0,34170,1.9311202607651399,14978,0,1,0,0,1,0
12854,80,3289,2130,1,0,1,0,1,0,8,0,0,0,5419,1.5434068512435477,12774,0,1,0,0,1,0
22,25,1570,1662,0,0,1,0,0,1,8,0,0,0,3232,0.9440769693325316,3,1,1,0,0,1,1
17120,3389,4840,2935,0,0,0,0,1,0,8,0,0,0,7775,1.6485013623978202,13731,0,0,0,0,1,0
20131,3389,42515,140566,1,0,1,0,1,0,8,0,0,0,183081,0.30245363421002086,16742,0,0,0,0,1,0
5927,80,42048,59849,0,0,0,0,1,0,8,0,0,0,101897,0.7025563909774436,5847,0,1,0,0,1,0
62256,6852,25710,15969,0,0,1,0,1,0,8,0,0,0,41679,1.609893550407013,55404,0,0,1,0,0,0
47221,1433,107643,221852,0,0,0,0,1,0,8,0,0,0,329495,0.48519965923381697,45788,0,0,0,0,1,0
46485,3389,90847,216272,0,0,1,0,1,0,8,0,0,0,307119,0.42005705751527006,43096,0,0,0,0,1,0
34137,80,30546,113893,1,0,1,0,1,0,8,0,0,0,144439,0.2681967443412296,34057,0,1,0,0,1,0
49658,443,24494,17291,0,0,1,0,1,0,10,0,0,0,41785,1.4164931760351607,49215,0,1,1,0,1,0
22716,445,27099,10911,0,0,1,0,1,0,10,0,0,0,38010,2.4834127565982405,22271,0,1,0,0,1,0
40652,445,17392,5837,0,0,0,0,1,0,11,0,0,0,23229,2.9791024323398423,40207,0,1,0,0,1,0
33133,22,679,629,0,0,1,0,1,0,12,0,0,0,1308,1.0777777777777777,33111,0,1,0,0,1,0
12041,21,135506,286228,0,0,1,1,0,0,12,0,0,0,421734,0.47341813722578774,12020,0,1,0,0,1,0
1433,21,41607,103846,0,0,0,0,1,0,12,0,0,0,145453,0.4006567353895635,1412,0,1,0,0,1,1
4142,80,3145,7781,0,0,1,0,1,0,12,0,0,0,10926,0.4041377537907993,4062,0,1,0,0,1,0
30070,3389,216318,810380,0,0,1,0,1,0,12,0,0,0,1026698,0.2669337015551944,26681,0,0,0,0,1,0
20233,22,8570,23990,0,0,0,0,1,0,13,0,0,0,32560,0.3572172898170147,20211,0,1,0,0,1,0
8366,3306,18537,71901,0,0,0,0,1,0,13,0,0,0,90438,0.2578092403549275,5060,0,0,0,0,1,0
46513,25,113291,384116,1,0,1,0,1,0,13,0,0,0,497407,0.29493878167329224,46488,0,1,0,0,1,0
1724,3389,31326,8406,0,0,1,0,1,0,14,0,0,0,39732,3.7261805638158676,1665,0,0,0,0,1,0
58020,80,186577,707003,0,0,1,0,1,0,14,0,0,0,893580,0.263898082613394,57940,0,1,1,0,1,0
1976,53,12539,32695,1,0,1,0,1,0,14,0,0,0,45234,0.3835025691216051,1923,0,1,0,0,1,0
34464,25,329679,780284,0,0,0,0,1,0,14,0,0,0,1109963,0.42251100559410987,34439,0,1,0,0,1,0
445,1433,6345,3585,0,0,1,0,1,0,14,0,0,0,9930,1.7693809258226436,988,1,0,0,0,1,1
30651,25,181352,575594,0,0,1,0,0,1,14,0,0,0,756946,0.31506875494053976,30626,0,1,0,0,1,0
29938,53,587,1130,1,0,1,0,1,0,15,0,0,0,1717,0.5190097259062776,29885,0,1,0,0,1,0
42786,22,3788,5818,0,0,0,0,1,0,15,0,0,0,9606,0.6509709572091424,42764,0,1,0,0,1,0
9913,25,35480,35305,0,1,1,0,1,0,15,0,0,0,70785,1.0049283407919334,9888,0,1,0,0,1,0
38134,1433,11606,11181,0,0,0,0,1,0,15,0,0,0,22787,1.0379180826328027,36701,0,0,0,0,1,0
5095,25,19543,33994,0,0,1,0,1,0,15,0,0,0,53537,0.5748786586262685,5070,0,1,0,0,1,0
28819,53,23544,42671,0,0,1,0,1,0,15,0,0,0,66215,0.5517435320584927,28766,0,1,0,0,1,0
59283,445,3276,9489,0,0,1,0,0,1,15,0,0,0,12765,0.3452054794520548,58838,0,1,1,0,1,0
32100,80,3694,828,0,0,1,0,1,0,15,0,0,0,4522,4.455971049457177,32020,0,1,0,0,1,0
22,22,31933,117500,0,1,1,0,1,0,16,0,0,0,149433,0.27176789984766087,0,1,1,0,0,1,1
19296,1433,7584,21278,0,0,1,0,1,0,16,0,0,0,28862,0.35640772592697023,17863,0,0,0,0,1,0
56935,21,188274,639800,0,0,1,0,0,1,16,0,0,0,828074,0.29426962446135596,56914,0,1,1,0,1,0
63643,80,16201,47699,0,0,0,0,1,0,16,0,0,0,63900,0.33964360587002096,63563,0,1,1,0,1,0
28846,1433,69563,186603,0,0,1,0,1,0,17,0,0,0,256166,0.3727840775117361,27413,0,0,0,0,1,0
61576,53,44737,113858,0,0,1,0,1,0,17,0,0,0,158595,0.3929157993658824,61523,0,1,1,0,1,0
57175,445,8418,895,1,0,0,0,1,0,17,0,0,0,9313,9.395089285714286,56730,0,1,1,0,1,0
21,443,926,3065,0,0,1,0,1,0,17,0,0,0,3991,0.3020221787345075,422,1,1,0,0,1,1
21,21,146664,549503,0,0,1,0,0,1,17,0,0,0,696167,0.26690251572327045,0,1,1,0,0,1,1
3389,53,4599,7811,0,0,1,0,1,0,18,0,0,0,12410,0.5887096774193549,3336,0,1,0,0,1,1
35221,25,11544,29666,0,0,1,0,1,0,18,0,0,0,41210,0.3891192233795126,35196,0,1,0,0,1,0
18261,3389,17303,68053,0,0,1,0,0,1,18,0,0,0,85356,0.2542539747847298,14872,0,0,0,0,1,0
16410,22,20300,71903,0,0,0,0,1,0,18,0,0,0,92203,0.2823208722741433,16388,0,1,0,0,1,0
28480,25,102655,354670,1,0,0,0,1,0,19,0,0,0,457325,0.28943725311626833,28455,0,1,0,0,1,0
35898,21,22232,38885,0,0,1,0,1,0,19,0,0,0,61117,0.5717224708121175,35877,0,1,0,0,1,0
55380,443,17965,13648,0,0,0,0,1,0,19,0,0,0,31613,1.3162136420250568,54937,0,1,1,0,1,0
15233,443,112367,235782,0,0,1,0,1,0,19,0,0,0,348149,0.47656955760169306,14790,0,1,0,0,1,0
6280,21,57586,43478,1,0,1,0,1,0,19,0,0,0,101064,1.3244554842567677,6259,0,1,0,0,1,0
17824,443,6789,11522,0,0,1,1,0,0,20,0,0,0,18311,0.5891694871127311,17381,0,1,0,0,1,0
1433,25,3514,12488,0,0,1,0,0,1,20,0,0,0,16002,0.28136760349107215,1408,0,1,0,0,1,1
20185,53,5896,3576,0,0,1,0,1,0,20,0,0,0,9472,1.6483086385239027,20132,0,1,0,0,1,0
25202,21,20358,3777,0,0,1,0,1,0,20,0,0,0,24135,5.388565378507146,25181,0,1,0,0,1,0
4726,25,2999,9201,0,0,1,0,1,0,20,0,0,0,12200,0.32590741143229734,4701,0,1,0,0,1,0
53,53,25468,23226,1,0,0,0,1,0,20,0,0,0,48694,1.0964825418693762,0,1,1,0,0,1,1
21,22,17913,21475,0,0,1,0,1,0,21,0,0,0,39388,0.8340938722294654,1,1,1,0,0,1,1
4404,443,376,1405,0,0,0,0,1,0,21,0,0,0,1781,0.267425320056899,3961,0,1,0,0,1,0
19831,3306,2321,9489,0,0,0,0,1,0,21,0,0,0,11810,0.2445732349841939,16525,0,0,0,0,1,0
19489,25,217,76,0,0,1,0,0,1,22,0,0,1,293,2.8181818181818183,19464,0,1,0,0,1,0
19337,53,12705,34406,1,0,1,0,1,0,22,0,0,1,47111,0.36925625599441975,19284,0,1,0,0,1,0
21,53,122813,428172,0,0,1,0,1,0,23,0,0,1,550985,0.2868303232571881,32,1,1,0,0,1,1
57111,3389,1069,2679,0,0,1,0,1,0,23,0,0,1,3748,0.3988805970149254,53722,0,0,1,0,1,0
63023,25,2655,1569,0,0,1,0,1,0,23,0,0,1,4224,1.6910828025477707,62998,0,1,1,0,1,0
3306,3389,16949,11451,0,0,1,0,0,1,23,0,0,1,28400,1.4800034928396786,83,0,0,0,0,1,1
55844,3389,4015,7016,0,0,1,1,0,0,0,1,0,1,11031,0.5721818440929172,52455,0,0,1,0,1,0
19291,22,3984,8259,0,0,1,0,1,0,0,1,0,1,12243,0.48232445520581113,19269,0,1,0,0,1,0
56033,53,52394,44947,0,0,1,0,1,0,0,1,0,1,97341,1.165658093797277,55980,0,1,1,0,1,0
26995,445,9978,35696,0,0,1,0,1,0,1,1,0,1,45674,0.2795192873350702,26550,0,1,0,0,1,0
28510,445,2041,267,0,0,1,0,1,0,1,1,0,1,2308,7.615671641791045,28065,0,1,0,0,1,0
51989,80,780,1568,0,0,1,0,1,0,1,1,0,1,2348,0.497131931166348,51909,0,1,1,0,1,0
54684,21,754229,1624330,0,0,1,0,1,0,1,1,0,1,2378559,0.46433208502454243,54663,0,1,1,0,1,0
65145,44418,133959,508539,0,0,0,0,1,0,2,1,0,1,642498,0.2634188067801943,20727,0,0,1,0,0,0
12707,1433,10693,21278,0,0,0,0,1,0,2,1,0,1,31971,0.502514215893604,11274,0,0,0,0,1,0
30266,3306,25350,29435,0,0,1,0,1,0,2,1,0,1,54785,0.8611903791275989,26960,0,0,0,0,1,0
25,21,10080,19671,1,0,1,0,1,0,2,1,0,1,29751,0.5124034160227735,4,1,1,0,0,1,1
23742,22,49847,194418,0,0,1,0,1,0,2,1,0,1,244265,0.2563895504040243,23720,0,1,0,0,1,0
14550,3306,5615,5649,0,0,1,0,1,0,2,1,0,1,11264,0.9938053097345133,11244,0,0,0,0,1,0
65513,1433,9236,30914,0,0,1,0,1,0,2,1,0,1,40150,0.2987546498463529,64080,0,0,1,0,1,0
47265,25,45644,179589,0,0,1,0,1,0,2,1,0,1,225233,0.25415669023887744,47240,0,1,0,0,1,0
47370,25,225522,569300,0,0,0,0,1,0,2,1,0,1,794822,0.39613842238113056,47345,0,1,0,0,1,0
61779,3306,72132,191926,0,0,1,0,0,1,2,1,0,1,264058,0.3758303938476608,58473,0,0,1,0,1,0
62023,22,158619,552450,0,0,1,0,0,1,3,1,0,1,711069,0.2871186765885119,62001,0,1,1,0,1,0
62510,3389,13361,23862,0,0,0,0,0,1,3,1,0,1,37223,0.5599044545949797,59121,0,0,1,0,1,0
32998,1433,8128,3928,0,0,1,0,1,0,3,1,0,1,12056,2.068719776024434,31565,0,0,0,0,1,0
38536,445,990,3789,0,0,0,0,1,0,3,1,0,1,4779,0.2612137203166227,38091,0,1,0,0,1,0
13126,25,24723,94485,0,0,1,0,1,0,3,1,0,1,119208,0.2616578117393053,13101,0,1,0,0,1,0
27153,3389,40395,126236,0,0,1,0,1,0,3,1,0,1,166631,0.3199933458494736,23764,0,0,0,0,1,0
41672,80,13629,32643,0,0,1,0,1,0,3,1,0,1,46272,0.41750398235510355,41592,0,1,0,0,1,0
44992,22,6356,26075,0,0,1,0,1,0,3,1,0,1,32431,0.24374904126399755,44970,0,1,0,0,1,0
21,22,161046,537822,0,0,1,0,1,0,4,1,0,1,698868,0.2994405222536039,1,1,1,0,0,1,1
32430,3389,60529,120557,0,0,1,0,1,0,4,1,0,1,181086,0.5020736906717099,29041,0,0,0,0,1,0
3389,443,179965,26662,0,0,1,0,0,1,4,1,0,1,206627,6.7496155721411695,2946,0,1,0,0,1,1
24931,22,4789,8860,0,0,0,0,1,0,4,1,0,1,13649,0.5404581875634804,24909,0,1,0,0,1,0
13855,53,7092,4528,1,0,1,0,0,1,4,1,0,1,11620,1.5659085890925148,13802,0,1,0,0,1,0
46436,3389,151007,303813,0,0,1,0,1,0,4,1,0,1,454820,0.497037661200603,43047,0,0,0,0,1,0
10287,22,20419,54587,0,0,1,0,1,0,5,1,0,1,75006,0.37405656920935004,10265,0,1,0,0,1,0
21,1433,8861,35633,0,0,1,0,1,0,5,1,0,1,44494,0.24866700342369646,1412,1,0,0,0,1,1
57846,25,9904,35924,0,0,1,0,1,0,5,1,0,1,45828,0.2756854558107168,57821,0,1,1,0,1,0
60466,22,21639,86122,0,0,0,0,1,0,5,1,0,1,107761,0.25125692323769494,60444,0,1,1,0,1,0
44096,3306,109614,433359,1,0,1,0,1,0,5,1,0,1,542973,0.25293981908805613,40790,0,0,0,0,1,0
24881,25,17037,20458,0,0,1,0,1,0,6,1,0,0,37495,0.8327386480277629,24856,0,1,0,0,1,0
29045,445,78030,55637,0,0,0,0,1,0,6,1,0,0,133667,1.4024587512131996,28600,0,1,0,0,1,0
6820,21,46527,16017,0,0,1,0,1,0,6,1,0,0,62544,2.904669746535148,6799,0,1,0,0,1,0
50170,445,5402,8090,0,0,0,0,1,0,6,1,0,0,13492,0.6676554196020269,49725,0,1,1,0,1,0
40446,1433,5395,2254,1,0,1,0,1,0,6,1,0,0,7649,2.3924611973392462,39013,0,0,0,0,1,0
64370,1433,10716,1945,0,0,1,0,0,1,6,1,0,0,12661,5.506680369989723,62937,0,0,1,0,1,0
21862,53,2594,7838,0,0,1,0,1,0,7,1,0,0,10432,0.3309095547901518,21809,0,1,0,0,1,0
44201,53,9675,31559,0,0,1,0,1,0,7,1,0,0,41234,0.30655893536121676,44148,0,1,0,0,1,0
27465,3389,248076,274813,0,0,0,0,1,0,7,1,0,0,522889,0.9027051023601418,24076,0,0,0,0,1,0
26529,21,20947,57394,0,0,1,0,0,1,8,1,0,0,78341,0.3649621047129541,26508,0,1,0,0,1,0
32238,80,6461,2472,0,0,1,0,1,0,8,1,0,0,8933,2.6126162555600487,32158,0,1,0,0,1,0
65456,80,472215,957886,0,0,0,0,1,0,8,1,0,0,1430101,0.49297568502339,65376,0,1,1,0,1,0
22412,3389,4969,15170,0,0,1,0,1,0,8,1,0,0,20139,0.3275327928284226,19023,0,0,0,0,1,0
443,21,4726,12071,0,0,1,0,1,0,8,1,0,0,16797,0.3914844267726971,422,1,1,0,0,1,1
31426,445,157499,596544,0,0,1,0,1,0,8,1,0,0,754043,0.2640186406725394,30981,0,1,0,0,1,0
80,80,63456,240386,0,0,1,0,1,0,9,1,0,0,303842,0.26397434137453357,0,1,1,0,0,1,1
53,21,17888,10386,0,0,1,0,0,1,9,1,0,0,28274,1.7221526908635796,32,1,1,0,0,1,1
41460,80,83370,124184,1,0,0,0,1,0,9,1,0,0,207554,0.6713371180094214,41380,0,1,0,0,1,0
22,1433,35630,35656,0,0,0,0,0,1,9,1,0,0,71286,0.9992427854278262,1411,1,0,0,0,1,1
4790,443,3301,4863,1,0,1,0,0,1,9,1,0,0,8164,0.6786595394736842,4347,0,1,0,0,1,0
443,80,475,612,0,0,1,0,1,0,9,1,0,0,1087,0.7748776508972267,363,1,1,0,0,1,1
7980,3306,8886,2112,0,0,0,0,1,0,10,1,0,0,10998,4.20539517274018,4674,0,0,0,0,1,0
9412,443,124976,45497,0,0,1,0,1,0,10,1,0,0,170473,2.7468460152094596,8969,0,1,0,0,1,0
6081,55543,11097,46182,0,0,0,1,0,0,10,1,0,0,57279,0.24028322109867267,49462,0,0,0,1,0,0
61148,47624,45988,112994,1,0,0,0,1,0,10,1,0,0,158982,0.40699145979910617,13524,0,0,1,0,0,0
2573,22,29589,80436,0,0,0,0,1,0,11,1,0,0,110025,0.36785310242798713,2551,0,1,0,0,1,0
19216,22,1466,523,0,0,1,0,1,0,11,1,0,0,1989,2.7977099236641223,19194,0,1,0,0,1,0
23180,80,11496,46912,0,1,1,0,0,1,12,1,0,0,58408,0.24504934666297187,23100,0,1,0,0,1,0
12813,25,1514954,3998438,0,1,1,0,0,1,12,1,0,0,5513392,0.37888636040214696,12788,0,1,0,0,1,0
24006,22,6251,2408,0,0,1,0,1,0,12,1,0,0,8659,2.594852635948526,23984,0,1,0,0,1,0
29695,80,12331,13818,0,0,1,0,1,0,12,1,0,0,26149,0.8923221651349591,29615,0,1,0,0,1,0
22492,25,41224,82789,0,0,1,0,1,0,12,1,0,0,124013,0.4979345331561783,22467,0,1,0,0,1,0
22550,22,24740,57528,0,0,1,0,1,0,12,1,0,0,82268,0.43004397781988213,22528,0,1,0,0,1,0
18960,21,117601,74193,0,0,1,0,0,1,13,1,0,0,191794,1.585047308407688,18939,0,1,0,0,1,0
21,14372,40695,26806,0,0,0,0,1,0,13,1,0,0,67501,1.518073637482747,14351,1,0,0,0,0,1
53,3389,4772,20000,0,0,0,0,1,0,13,1,0,0,24772,0.23858807059647016,3336,1,0,0,0,1,1
23019,3389,10259,12394,0,0,1,0,1,0,13,1,0,0,22653,0.827672448567971,19630,0,0,0,0,1,0
17311,25,22753,55657,0,0,1,0,1,0,13,1,0,0,78410,0.4088001724819433,17286,0,1,0,0,1,0
53,3306,187486,498066,0,0,1,0,1,0,13,1,0,0,685552,0.376427267817382,3253,1,0,0,0,1,1
14362,3389,10325,43303,0,0,1,0,1,0,13,1,0,0,53628,0.2384306299648993,10973,0,0,0,0,1,0
26450,25,1377,1401,0,0,0,0,1,0,13,1,0,0,2778,0.9821683309557775,26425,0,1,0,0,1,0
40964,3389,44574,35003,0,0,1,0,1,0,14,1,0,0,79577,1.2733973260198834,37575,0,0,0,0,1,0
34619,445,6575,15137,0,0,1,0,1,0,14,1,0,0,21712,0.4343374289866561,34174,0,1,0,0,1,0
14352,80,2817,539,1,0,1,0,1,0,14,1,0,0,3356,5.216666666666667,14272,0,1,0,0,1,0
11574,3389,22699,89333,0,0,1,0,1,0,14,1,0,0,112032,0.25409138737770615,8185,0,0,0,0,1,0
20103,80,104463,72640,0,0,1,0,1,0,15,1,0,0,177103,1.4380721631034814,20023,0,1,0,0,1,0
3389,22,8793,12504,0,0,1,0,1,0,15,1,0,0,21297,0.7031587365053978,3367,0,1,0,0,1,1
32922,443,48752,134674,1,0,1,0,1,0,15,1,0,0,183426,0.3619974011509189,32479,0,1,0,0,1,0
2929,231,14607,46954,0,1,0,0,1,0,15,1,0,0,61561,0.31108508146097325,2698,0,1,0,0,0,0
2300,21,78188,108907,0,0,1,0,1,0,16,1,0,0,187095,0.7179270577000771,2279,0,1,0,0,1,0
25751,3389,6825,28420,0,0,1,0,1,0,16,1,0,0,35245,0.2401393335913585,22362,0,0,0,0,1,0
58228,3389,3663,14346,0,0,0,0,0,1,16,1,0,0,18009,0.25531469993726913,54839,0,0,1,0,1,0
20326,3389,4556,18266,0,0,1,0,1,0,17,1,0,0,22822,0.2494115070892867,16937,0,0,0,0,1,0
20032,21,78085,298387,0,0,0,0,1,0,17,1,0,0,376472,0.2616894781291473,20011,0,1,0,0,1,0
17330,21,64076,21302,0,0,0,0,1,0,17,1,0,0,85378,3.007839271464113,17309,0,1,0,0,1,0
58471,22,4762,2926,0,0,1,0,1,0,18,1,0,0,7688,1.6269217628971644,58449,0,1,1,0,1,0
33066,25,668124,166395,0,0,0,0,1,0,18,1,0,0,834519,4.015264790018991,33041,0,1,0,0,1,0
3389,3389,3935,15454,0,0,1,0,1,0,18,1,0,0,19389,0.2546101585247493,0,0,0,0,0,1,1
24629,3306,109004,346204,0,0,1,0,1,0,18,1,0,0,455208,0.31485391603240853,21323,0,0,0,0,1,0
36060,3389,250562,234902,1,0,1,0,1,0,19,1,0,0,485464,1.0666615581750765,32671,0,0,0,0,1,0
53,1433,26255,10648,0,0,0,0,1,0,19,1,0,0,36903,2.4654897173443517,1380,1,0,0,0,1,1
25,21,6428,21846,0,0,1,0,0,1,19,1,0,0,28274,0.2942280404632215,4,1,1,0,0,1,1
12045,3389,6656,13851,0,0,0,0,1,0,19,1,0,0,20507,0.48050822985850417,8656,0,0,0,0,1,0
57970,25,14481,34507,0,0,1,0,0,1,19,1,0,0,48988,0.41964182218615975,57945,0,1,1,0,1,0
26990,25,124168,495422,0,0,0,0,1,0,20,1,0,0,619590,0.25063026948688294,26965,0,1,0,0,1,0
59439,80,3229,9773,0,0,1,0,1,0,20,1,0,0,13002,0.33036627788009004,59359,0,1,1,0,1,0
60874,25,1162,3611,0,0,1,0,1,0,20,1,0,0,4773,0.32170542635658916,60849,0,1,1,0,1,0
53638,3389,39312,163395,0,0,0,0,1,0,20,1,0,0,202707,0.24059340497931406,50249,0,0,1,0,1,0
20377,3306,55858,32288,0,0,1,0,1,0,20,1,0,0,88146,1.729938988510019,17071,0,0,0,0,1,0
17254,3389,513369,1843297,0,0,1,0,1,0,20,1,0,0,2356666,0.2785057001092607,13865,0,0,0,0,1,0
3777,3306,2412,5777,0,0,1,0,1,0,20,1,0,0,8189,0.4174454828660436,471,0,0,0,0,1,0
44736,21,17752,65602,0,0,0,0,1,0,20,1,0,0,83354,0.27059738121732235,44715,0,1,0,0,1,0
5519,80,141342,368164,0,0,1,0,1,0,21,1,0,0,509506,0.38390938845354666,5439,0,1,0,0,1,0
58923,1433,26725,94411,0,0,0,0,1,0,21,1,0,0,121136,0.2830678303605474,57490,0,0,1,0,1,0
3306,25,16111,66127,0,0,0,0,0,1,21,1,0,0,82238,0.24363355915799662,3281,0,1,0,0,1,1
9802,53,77952,83786,0,0,1,0,1,0,21,1,0,0,161738,0.9303591249239143,9749,0,1,0,0,1,0
52162,49878,8442,4389,0,0,1,0,0,1,21,1,0,0,12831,1.923006833712984,2284,0,0,1,1,0,0
4735,53,86013,276673,0,1,0,0,1,0,22,1,0,1,362686,0.31088212119678754,4682,0,1,0,0,1,0
9255,1433,2964,2202,0,0,1,0,0,1,22,1,0,1,5166,1.345438039037676,7822,0,0,0,0,1,0
11004,25,1937,2560,0,0,1,0,1,0,22,1,0,1,4497,0.7563451776649747,10979,0,1,0,0,1,0
33368,1433,14217,28372,0,0,1,0,1,0,22,1,0,1,42589,0.5010749656363445,31935,0,0,0,0,1,0
36957,80,364,209,1,0,0,0,1,0,22,1,0,1,573,1.7333333333333334,36877,0,1,0,0,1,0
8186,80,25223,87795,0,0,1,0,1,0,23,1,0,1,113018,0.2872909927559342,8106,0,1,0,0,1,0
53213,22,1377,2231,0,0,1,0,1,0,23,1,0,1,3608,0.6169354838709677,53191,0,1,1,0,1,0
5691,22,34609,50118,0,0,0,0,1,0,23,1,0,1,84727,0.6905365230750813,5669,0,1,0,0,1,0
58906,64819,29635,118809,1,0,1,0,0,1,0,2,0,1,148444,0.24943186600454506,5913,0,0,1,1,0,0
45698,80,19756,60636,1,0,1,0,1,0,0,2,0,1,80392,0.3258076751818197,45618,0,1,0,0,1,0
35963,25,44278,171182,0,0,1,0,1,0,1,2,0,1,215460,0.25865886215336803,35938,0,1,0,0,1,0
38931,3306,30537,13718,0,0,1,0,1,0,1,2,0,1,44255,2.2258910999343975,35625,0,0,0,0,1,0
34790,1433,13783,35164,0,0,1,0,1,0,1,2,0,1,48947,0.39195222522394424,33357,0,0,0,0,1,0
4916,53,412343,673429,0,0,1,0,1,0,1,2,0,1,1085772,0.6123026892178846,4863,0,1,0,0,1,0
52697,1433,41328,64437,0,0,1,0,1,0,1,2,0,1,105765,0.6413606877929172,51264,0,0,1,0,1,0
53,21,75739,277649,1,0,1,0,0,1,1,2,0,1,353388,0.27278588150549254,32,1,1,0,0,1,1
4191,443,122630,406982,0,0,1,0,1,0,2,2,0,1,529612,0.30131479693255003,3748,0,1,0,0,1,0
61105,3389,64153,204993,0,0,0,0,1,0,2,2,0,1,269146,0.3129506229450618,57716,0,0,1,0,1,0
64795,22,597513,193525,0,0,0,0,1,0,2,2,0,1,791038,3.0875076217149116,64773,0,1,1,0,1,0
3389,25,28727,72188,0,0,0,1,0,0,3,2,0,1,100915,0.3979415146351937,3364,0,1,0,0,1,1
29483,21,21782,43906,0,0,1,0,1,0,3,2,0,1,65688,0.49609401689935545,29462,0,1,0,0,1,0
12919,1433,7790,15775,0,0,0,0,0,1,3,2,0,1,23565,0.49378803245436104,11486,0,0,0,0,1,0
33171,445,14617,52144,0,0,0,0,1,0,4,2,0,1,66761,0.2803145076229744,32726,0,1,0,0,1,0
46058,80,6836,19293,1,0,1,0,1,0,4,2,0,1,26129,0.35430703845755157,45978,0,1,0,0,1,0
80,443,65090,239461,0,0,1,0,1,0,4,2,0,1,304551,0.27181765791649615,363,1,1,0,0,1,1
42983,443,5116,7700,0,0,1,0,1,0,4,2,0,1,12816,0.6643293078820932,42540,0,1,0,0,1,0
11049,53,24786,36764,0,0,1,0,1,0,4,2,0,1,61550,0.6741738066095472,10996,0,1,0,0,1,0
22774,22,53920,26684,0,0,0,0,1,0,4,2,0,1,80604,2.0206108300543377,22752,0,1,0,0,1,0
5170,3389,28015,47176,0,0,1,0,1,0,5,2,0,1,75191,0.593827500688895,1781,0,0,0,0,1,0
4349,53,5252,7680,0,0,1,0,0,1,5,2,0,1,12932,0.6837651347480797,4296,0,1,0,0,1,0
5083,443,67394,181093,0,0,0,0,0,1,6,2,0,0,248487,0.3721492705445791,4640,0,1,0,0,1,0
7965,38326,19215,17783,0,0,1,0,0,1,6,2,0,0,36998,1.0804655870445343,30361,0,0,0,0,0,0
62099,3389,222,227,0,0,0,0,0,1,6,2,0,0,449,0.9736842105263158,58710,0,0,1,0,1,0
22050,53,4567,7396,0,0,1,0,1,0,6,2,0,0,11963,0.6174124645126403,21997,0,1,0,0,1,0
33924,445,207277,391771,0,0,0,0,1,0,6,2,0,0,599048,0.529075584778902,33479,0,1,0,0,1,0
43963,25,236786,614160,0,0,0,0,0,1,6,2,0,0,850946,0.38554385576420513,43938,0,1,0,0,1,0
54366,1433,51112,152405,0,0,1,0,1,0,6,2,0,0,203517,0.33536737398790073,52933,0,0,1,0,1,0
48283,3306,77227,288798,0,0,1,0,1,0,7,2,0,0,366025,0.26740743562131447,44977,0,0,0,0,1,0
63491,445,6340,24865,1,0,1,0,1,0,7,2,0,0,31205,0.2549666210890372,63046,0,1,1,0,1,0
50833,445,14527,21239,0,0,0,0,1,0,7,2,0,0,35766,0.6839453860640301,50388,0,1,1,0,1,0
17486,1433,158988,318626,0,0,1,0,1,0,7,2,0,0,477614,0.4989784293233154,16053,0,0,0,0,1,0
23745,3389,43541,58832,0,0,1,0,1,0,7,2,0,0,102373,0.7400778474665579,20356,0,0,0,0,1,0
15402,6152,24438,18991,0,0,1,0,1,0,7,2,0,0,43429,1.2867523167649537,9250,0,0,0,0,0,0
40374,80,16335,25339,0,0,1,0,0,1,7,2,0,0,41674,0.6446329913180742,40294,0,1,0,0,1,0
33307,80,144228,445427,0,0,0,0,1,0,8,2,0,0,589655,0.32379643848164014,33227,0,1,0,0,1,0
22194,3306,132621,299081,0,0,1,0,0,1,8,2,0,0,431702,0.4434268862719923,18888,0,0,0,0,1,0
47083,443,62284,244012,0,0,1,0,1,0,8,2,0,0,306296,0.2552486957662092,46640,0,1,0,0,1,0
23212,3389,24490,3906,0,0,1,0,0,1,8,2,0,0,28396,6.2682364985922705,19823,0,0,0,0,1,0
29694,443,12446,5139,0,0,1,0,1,0,8,2,0,0,17585,2.4214007782101166,29251,0,1,0,0,1,0
19443,445,66757,225757,0,0,1,0,1,0,8,2,0,0,292514,0.2957015919701627,18998,0,1,0,0,1,0
17796,21,3777,3805,0,0,1,0,0,1,8,2,0,0,7582,0.9923804519180242,17775,0,1,0,0,1,0
21514,22,5264,2719,0,0,1,0,1,0,9,2,0,0,7983,1.9352941176470588,21492,0,1,0,0,1,0
443,25,2160,895,0,0,1,0,0,1,9,2,0,0,3055,2.4107142857142856,418,1,1,0,0,1,1
20631,3306,158953,500832,1,0,1,0,1,0,9,2,0,0,659785,0.3173772495023291,17325,0,0,0,0,1,0
10409,80,6953,24691,0,0,0,0,1,0,10,2,0,0,31644,0.2815891786813543,10329,0,1,0,0,1,0
36943,53,42041,165228,0,0,1,0,1,0,10,2,0,0,207269,0.25444080639597166,36890,0,1,0,0,1,0
53,445,18017,48953,0,0,1,0,1,0,10,2,0,0,66970,0.36803938391142704,392,1,1,0,0,1,1
23601,25,2271753,4556879,0,0,1,0,1,0,10,2,0,0,6828632,0.49853254858587454,23576,0,1,0,0,1,0
17234,443,44669,145040,0,0,0,1,0,0,11,2,0,0,189709,0.3079749863831606,16791,0,1,0,0,1,0
64460,80,1119,1269,0,0,1,1,0,0,11,2,0,0,2388,0.8811023622047244,64380,0,1,1,0,1,0
445,3306,144451,391370,0,0,0,0,0,1,11,2,0,0,535821,0.3690896872788224,2861,1,0,0,0,1,1
7240,21,11855,41721,0,0,1,0,1,0,11,2,0,0,53576,0.2841426585494463,7219,0,1,0,0,1,0
33538,3389,15970,4505,1,0,1,1,0,0,11,2,0,0,20475,3.5441633377718595,30149,0,0,0,0,1,0
8788,21,7509,15890,0,0,1,0,1,0,11,2,0,0,23399,0.4725316216726449,8767,0,1,0,0,1,0
49275,3389,30121,44614,0,0,1,0,0,1,12,2,0,0,74735,0.6751316821696739,45886,0,0,1,0,1,0
14857,21,29496,120562,1,0,1,0,1,0,13,2,0,0,150058,0.24465217355241659,14836,0,1,0,0,1,0
2331,25,7841,22044,0,0,0,0,1,0,13,2,0,0,29885,0.35568156044454524,2306,0,1,0,0,1,0
22,22,9768,4156,1,0,1,0,0,1,13,2,0,0,13924,2.349771469809959,0,1,1,0,0,1,1
80,80,25901,63913,0,1,1,0,0,1,14,2,0,0,89814,0.40524767656538474,0,1,1,0,0,1,1
48345,22,518,1102,0,0,0,0,1,0,14,2,0,0,1620,0.4696282864913871,48323,0,1,0,0,1,0
22908,22,2194,1024,1,0,1,0,0,1,14,2,0,0,3218,2.140487804878049,22886,0,1,0,0,1,0
55838,80,318694,539580,1,0,0,0,1,0,14,2,0,0,858274,0.5906323610356925,55758,0,1,1,0,1,0
3306,443,37216,23606,0,0,1,0,1,0,14,2,0,0,60822,1.5764815520820095,2863,0,1,0,0,1,1
53,21,9510,38610,0,0,1,0,1,0,14,2,0,0,48120,0.24630286705861024,32,1,1,0,0,1,1
35859,1433,1460,3751,0,0,1,0,1,0,14,2,0,0,5211,0.38912579957356075,34426,0,0,0,0,1,0
37898,443,20128,71941,0,0,1,0,1,0,15,2,0,0,92069,0.27978093464179477,37455,0,1,0,0,1,0
80,3306,106543,441581,0,0,1,0,1,0,15,2,0,0,548124,0.24127568605604396,3226,1,0,0,0,1,1
60269,3306,1502633,2493822,0,0,1,0,1,0,15,2,0,0,3996455,0.6025419606764394,56963,0,0,1,0,1,0
53,445,454653,843257,1,0,1,0,1,0,15,2,0,0,1297910,0.5391623915812243,392,1,1,0,0,1,1
21343,80,5328,16064,0,0,1,0,1,0,15,2,0,0,21392,0.33165266106442576,21263,0,1,0,0,1,0
6455,3389,9963,17670,0,0,0,0,1,0,15,2,0,0,27633,0.5638051044083526,3066,0,0,0,0,1,0
22082,80,2091,1305,0,0,1,0,1,0,15,2,0,0,3396,1.601071975497703,22002,0,1,0,0,1,0
16000,445,5729,13987,0,0,0,0,1,0,16,2,0,0,19716,0.4095653417214756,15555,0,1,0,0,1,0
37372,22,15669,22644,0,0,0,0,1,0,16,2,0,0,38313,0.6919408257893574,37350,0,1,0,0,1,0
45752,445,12241,27464,1,0,1,0,1,0,16,2,0,0,39705,0.4456945202985618,45307,0,1,0,0,1,0
3306,445,589663,2303545,0,0,0,0,1,0,16,2,0,0,2893208,0.2559805621420193,2861,0,1,0,0,1,1
59411,21,2684,6275,0,0,1,0,1,0,16,2,0,0,8959,0.42766093052899934,59390,0,1,1,0,1,0
19359,22,20493,3229,0,0,0,0,0,1,17,2,0,0,23722,6.344582043343653,19337,0,1,0,0,1,0
17913,3389,811,1946,0,0,1,0,1,0,17,2,0,0,2757,0.4165382639958911,14524,0,0,0,0,1,0
6443,25,37399,114184,0,0,0,0,1,0,17,2,0,0,151583,0.3275298857117835,6418,0,1,0,0,1,0
18219,25,2574,9031,0,0,1,0,1,0,18,2,0,0,11605,0.2849867139061116,18194,0,1,0,0,1,0
22,3389,128566,180862,0,0,0,0,1,0,18,2,0,0,309428,0.7108474370103338,3367,1,0,0,0,1,1
80,80,13826,50944,0,1,0,0,0,1,18,2,0,0,64770,0.27139071547747573,0,1,1,0,0,1,1
12486,445,2337,3938,0,0,0,0,1,0,18,2,0,0,6275,0.5932977913175933,12041,0,1,0,0,1,0
15475,443,761,892,0,0,1,0,1,0,18,2,0,0,1653,0.8521836506159015,15032,0,1,0,0,1,0
5295,22,4601,17397,0,0,1,0,1,0,18,2,0,0,21998,0.26445568456144386,5273,0,1,0,0,1,0
27406,3389,32306,20953,0,0,0,0,1,0,19,2,0,0,53259,1.5417581368712419,24017,0,0,0,0,1,0
53649,443,43235,169573,0,0,1,0,1,0,19,2,0,0,212808,0.25496243527899326,53206,0,1,1,0,1,0
10716,3306,9921,16502,0,0,1,0,0,1,19,2,0,0,26423,0.6011634248318487,7410,0,0,0,0,1,0
43125,22,96884,60742,1,0,0,0,0,1,19,2,0,0,157626,1.5949821378595064,43103,0,1,0,0,1,0
50987,445,3578,10947,0,0,1,0,1,0,19,2,0,0,14525,0.3268176835951772,50542,0,1,1,0,1,0
7245,443,203,828,0,0,1,0,0,1,20,2,0,0,1031,0.2448733413751508,6802,0,1,0,0,1,0
8802,25,34616,38869,0,0,1,0,1,0,20,2,0,0,73485,0.8905582711602779,8777,0,1,0,0,1,0
56488,3306,173538,478639,0,0,0,0,0,1,21,2,0,0,652177,0.3625647668393782,53182,0,0,1,0,1,0
60180,3389,176122,602477,0,0,1,0,0,1,21,2,0,0,778599,0.2923293464657631,56791,0,0,1,0,1,0
10537,25,2752,7600,0,0,0,0,1,0,21,2,0,0,10352,0.36205762399684255,10512,0,1,0,0,1,0
54279,22,9214,23557,0,0,1,0,1,0,21,2,0,0,32771,0.39111978945581116,54257,0,1,1,0,1,0
29578,443,70130,136350,0,0,1,0,1,0,21,2,0,0,206480,0.5143343283144238,29135,0,1,0,0,1,0
40398,25,8075,8282,0,0,0,0,1,0,21,2,0,0,16357,0.9748883254859351,40373,0,1,0,0,1,0
57577,443,26071,13531,0,0,0,0,1,0,21,2,0,0,39602,1.9266183860478865,57134,0,1,1,0,1,0
53883,1433,7000,20866,0,0,1,0,0,1,22,2,0,1,27866,0.3354579000335458,52450,0,0,1,0,1,0
34677,25,3854,6788,0,0,1,0,0,1,22,2,0,1,10642,0.5676830166445721,34652,0,1,0,0,1,0
9720,21,5249,1096,0,0,1,0,0,1,22,2,0,1,6345,4.784867821330902,9699,0,1,0,0,1,0
8409,53,101636,135463,0,0,1,1,0,0,22,2,0,1,237099,0.7502805173330184,8356,0,1,0,0,1,0
445,443,22517,69292,0,0,1,0,0,1,23,2,0,1,91809,0.32495345850230184,2,1,1,0,0,1,1
1433,21,168553,496134,0,0,0,0,1,0,0,3,0,1,664687,0.33973212935995245,1412,0,1,0,0,1,1
52966,22,50648,59831,0,0,1,0,1,0,0,3,0,1,110479,0.8465035432544458,52944,0,1,1,0,1,0
23607,1433,287893,195143,0,0,1,0,1,0,1,3,0,1,483036,1.4752849178042882,22174,0,0,0,0,1,0
1433,53,81544,135967,0,0,1,0,1,0,1,3,0,1,217511,0.5997293480819016,1380,0,1,0,0,1,1
47193,1433,74231,222692,0,0,1,0,1,0,1,3,0,1,296923,0.3333333333333333,45760,0,0,0,0,1,0
14182,445,18164,50028,0,0,1,0,1,0,1,3,0,1,68192,0.3630694197365528,13737,0,1,0,0,1,0
61908,80,2716162,7034672,0,0,1,0,0,1,1,3,0,1,9750834,0.38611062660624024,61828,0,1,1,0,1,0
3389,3389,26378,58665,0,1,1,0,0,1,1,3,0,1,85043,0.44963010943306175,0,0,0,0,0,1,1
4442,1433,936,1847,0,0,1,0,1,0,1,3,0,1,2783,0.5064935064935064,3009,0,0,0,0,1,0
3306,22,33821,20148,0,0,0,0,0,1,1,3,0,1,53969,1.678544840935034,3284,0,1,0,0,1,1
29707,21,4574,18068,0,0,1,0,1,0,1,3,0,1,22642,0.25314073828103384,29686,0,1,0,0,1,0
50952,445,112109,444578,0,0,0,0,0,1,2,3,0,1,556687,0.25216890586374974,50507,0,1,1,0,1,0
47539,22,70354,109111,0,0,0,0,1,0,2,3,0,1,179465,0.64478700784515,47517,0,1,0,0,1,0
27272,445,16213,19611,1,0,1,0,1,0,2,3,0,1,35824,0.8266877421986539,26827,0,1,0,0,1,0
43217,1433,5320,17678,1,0,0,0,0,1,2,3,0,1,22998,0.3009219978505572,41784,0,0,0,0,1,0
22,25,27841,40351,0,0,1,0,1,0,2,3,0,1,68192,0.6899534099920698,3,1,1,0,0,1,1
28411,445,7895,1666,0,0,1,0,1,0,2,3,0,1,9561,4.736052789442112,27966,0,1,0,0,1,0
443,3389,77690,115221,0,0,1,0,1,0,2,3,0,1,192911,0.6742635954939161,2946,1,0,0,0,1,1
23789,53,53617,150796,0,0,0,0,1,0,2,3,0,1,204413,0.3555574713024795,23736,0,1,0,0,1,0
5346,21,2415813,5520385,1,0,1,1,0,0,2,3,0,1,7936198,0.4376166811523687,5325,0,1,0,0,1,0
16257,53,10805,15834,0,0,1,0,1,0,3,3,0,1,26639,0.6823492263972214,16204,0,1,0,0,1,0
17859,80,13555,34933,0,0,1,0,0,1,3,3,0,1,48488,0.3880174042480105,17779,0,1,0,0,1,0
4261,1433,17194,71499,1,0,1,0,1,0,3,3,0,1,88693,0.24047552447552448,2828,0,0,0,0,1,0
42399,22,18442,15119,1,0,1,0,1,0,3,3,0,1,33561,1.2197089947089947,42377,0,1,0,0,1,0
57936,3389,113928,334509,1,0,1,0,1,0,3,3,0,1,448437,0.34058174643508415,54547,0,0,1,0,1,0
19585,80,14155,39938,1,0,0,0,1,0,4,3,0,1,54093,0.3544154836125091,19505,0,1,0,0,1,0
27363,80,517006,1558971,0,0,1,0,1,0,4,3,0,1,2075977,0.33163263997044207,27283,0,1,0,0,1,0
3389,53,55917,7778,0,0,1,0,1,0,5,3,0,1,63695,7.188198997300424,3336,0,1,0,0,1,1
445,21,10125,38121,0,0,0,0,1,0,5,3,0,1,48246,0.26559466974450446,424,1,1,0,0,1,1
18328,443,6727,18250,0,0,1,0,1,0,5,3,0,1,24977,0.36858254342227825,17885,0,1,0,0,1,0
32323,443,116470,180874,0,0,1,0,1,0,5,3,0,1,297344,0.6439253628196269,31880,0,1,0,0,1,0
8754,445,23054,65619,0,0,1,0,1,0,5,3,0,1,88673,0.35132581530021334,8309,0,1,0,0,1,0
30684,25,22348,18707,0,0,1,0,1,0,5,3,0,1,41055,1.1945691682702586,30659,0,1,0,0,1,0
3389,22,8454,2274,0,0,0,0,1,0,6,3,0,0,10728,3.716043956043956,3367,0,1,0,0,1,1
23270,3389,19964,15324,0,0,0,0,1,0,6,3,0,0,35288,1.3027079934747146,19881,0,0,0,0,1,0
43384,3389,7924,16413,0,0,0,0,1,0,6,3,0,0,24337,0.4827586206896552,39995,0,0,0,0,1,0
44775,25,194607,455807,1,0,1,0,1,0,6,3,0,0,650414,0.4269495050547599,44750,0,1,0,0,1,0
39771,21,69375,168725,0,0,1,0,1,0,6,3,0,0,238100,0.41116958856370683,39750,0,1,0,0,1,0
56353,2877,16653,8708,0,0,1,0,1,0,7,3,0,0,25361,1.9121598346538065,53476,0,0,1,0,0,0
50043,25,16266,59379,0,0,1,0,1,0,7,3,0,0,75645,0.27393061636914784,50018,0,1,1,0,1,0
36467,53,25526,2531,0,0,1,0,0,1,7,3,0,0,28057,10.081358609794629,36414,0,1,0,0,1,0
45385,22,21832,6470,0,0,1,0,0,1,7,3,0,0,28302,3.3738216658939884,45363,0,1,0,0,1,0
8082,1433,4764,13925,0,0,1,0,1,0,7,3,0,0,18689,0.3420939250323137,6649,0,0,0,0,1,0
9891,21,1052,3921,1,0,0,0,1,0,7,3,0,0,4973,0.268230494645589,9870,0,1,0,0,1,0
20623,445,6146,22390,0,0,1,0,1,0,8,3,0,0,28536,0.2744852842659997,20178,0,1,0,0,1,0
13420,443,17932,32045,0,0,1,0,0,1,8,3,0,0,49977,0.5595706172377207,12977,0,1,0,0,1,0
22,3389,6764,22286,0,0,0,0,1,0,8,3,0,0,29050,0.3034953111679454,3367,1,0,0,0,1,1
7269,21,81710,66319,0,0,1,0,0,1,8,3,0,0,148029,1.2320566948130278,7248,0,1,0,0,1,0
32049,443,15265,20092,0,0,1,0,1,0,8,3,0,0,35357,0.7597173144876325,31606,0,1,0,0,1,0
22248,1433,441404,1692331,0,0,1,0,1,0,9,3,0,0,2133735,0.26082588995539885,20815,0,0,0,0,1,0
46771,80,8969,27246,0,0,0,0,1,0,9,3,0,0,36215,0.3291738540022755,46691,0,1,0,0,1,0
39962,445,27588,54946,1,0,0,0,1,0,9,3,0,0,82534,0.5020838262325513,39517,0,1,0,0,1,0
6911,3389,13874,23529,0,0,1,0,1,0,9,3,0,0,37403,0.5896302592435189,3522,0,0,0,0,1,0
64369,53,44517,110061,0,0,1,0,1,0,9,3,0,0,154578,0.404472024858716,64316,0,1,1,0,1,0
38751,3306,121200,343135,0,0,1,0,0,1,9,3,0,0,464335,0.35321272032080575,35445,0,0,0,0,1,0
37543,3306,58293,187005,0,0,1,0,0,1,10,3,0,0,245298,0.311717271103601,34237,0,0,0,0,1,0
19451,3389,854,353,1,0,0,0,1,0,10,3,0,0,1207,2.4124293785310735,16062,0,0,0,0,1,0
445,443,49009,89129,0,0,1,0,1,0,10,3,0,0,138138,0.549859755413441,2,1,1,0,0,1,1
45493,443,4370,2216,0,0,1,0,1,0,10,3,0,0,6586,1.9711321605773569,45050,0,1,0,0,1,0
22,445,13418,43925,0,0,0,0,1,0,10,3,0,0,57343,0.3054682875745572,423,1,1,0,0,1,1
21,22,66365,13597,0,0,1,0,0,1,10,3,0,0,79962,4.8804971319311665,1,1,1,0,0,1,1
58788,22,3671,3022,0,0,1,0,1,0,11,3,0,0,6693,1.214356599404565,58766,0,1,1,0,1,0
54748,3306,140016,218531,0,0,1,0,1,0,11,3,0,0,358547,0.6407116577892482,51442,0,0,1,0,1,0
445,1433,12513,33455,0,0,1,0,0,1,11,3,0,0,45968,0.3740136298421808,988,1,0,0,0,1,1
22856,22,710340,1828512,1,0,1,1,0,0,11,3,0,0,2538852,0.38847960063723913,22834,0,1,0,0,1,0
33542,21,24584,61956,0,0,0,0,1,0,11,3,0,0,86540,0.39679132301434866,33521,0,1,0,0,1,0
62370,22,337239,670216,0,0,0,0,1,0,11,3,0,0,1007455,0.5031788211877646,62348,0,1,1,0,1,0
62057,3306,149684,490063,1,0,0,0,1,0,12,3,0,0,639747,0.30543765712233506,58751,0,0,1,0,1,0
22,3306,8285,2517,1,0,1,0,1,0,12,3,0,0,10802,3.290309769658459,3284,1,0,0,0,1,1
37853,3306,2744,1353,0,0,1,0,0,1,12,3,0,0,4097,2.0265878877400296,34547,0,0,0,0,1,0
36297,3389,26418,77870,0,0,1,0,1,0,12,3,0,0,104288,0.33925338059097737,32908,0,0,0,0,1,0
3389,3389,8671,4133,0,0,1,0,1,0,12,3,0,0,12804,2.09748427672956,0,0,0,0,0,1,1
80,53,275832,256335,1,0,1,0,1,0,12,3,0,0,532167,1.0760564259409524,27,1,1,0,0,1,1
64881,443,14839,37462,0,0,1,0,0,1,12,3,0,0,52301,0.3960974828497451,64438,0,1,1,0,1,0
16825,22,13620,51816,1,0,0,0,0,1,12,3,0,0,65436,0.26284810004438697,16803,0,1,0,0,1,0
39129,25,2360,3491,0,0,0,1,0,0,12,3,0,0,5851,0.6758304696449027,39104,0,1,0,0,1,0
18700,25,43077,86071,0,0,1,0,1,0,13,3,0,0,129148,0.5004763453852589,18675,0,1,0,0,1,0
5628,3306,3365,14080,0,0,0,0,0,1,13,3,0,0,17445,0.23897450465165826,2322,0,0,0,0,1,0
1433,25,44707,95784,0,0,0,0,1,0,13,3,0,0,140491,0.4667432270188443,1408,0,1,0,0,1,1
49845,1433,55722,93532,0,0,1,0,1,0,14,3,0,0,149254,0.5957469556199416,48412,0,0,1,0,1,0
46238,21,6637,11602,0,0,1,0,1,0,14,3,0,0,18239,0.572007239507024,46217,0,1,0,0,1,0
22,3389,101775,194186,0,0,1,0,0,1,15,3,0,0,295961,0.5241082049776762,3367,1,0,0,0,1,1
12240,21,14188,42878,0,0,1,1,0,0,15,3,0,0,57066,0.33088458219641315,12219,0,1,0,0,1,0
28596,3306,2092,3685,0,0,1,0,1,0,15,3,0,0,5777,0.5675529028757461,25290,0,0,0,0,1,0
22,445,261048,699252,1,0,1,0,1,0,15,3,0,0,960300,0.3733241044371637,423,1,1,0,0,1,1
25528,22,5026,3525,1,0,1,0,0,1,15,3,0,0,8551,1.4254112308564946,25506,0,1,0,0,1,0
16384,3389,49578,35108,0,0,1,0,1,0,16,3,0,0,84686,1.4121165513116294,12995,0,0,0,0,1,0
9710,445,43532,118743,0,0,1,0,0,1,16,3,0,0,162275,0.36660378629657075,9265,0,1,0,0,1,0
38397,443,497582,1383185,0,1,0,0,1,0,17,3,0,0,1880767,0.35973614539187065,37954,0,1,0,0,1,0
23524,80,39933,97137,0,0,1,0,1,0,17,3,0,0,137070,0.4110955547777389,23444,0,1,0,0,1,0
35684,56368,4664,12213,0,0,1,0,1,0,17,3,0,0,16877,0.38185688554118224,20684,0,0,0,1,0,0
5696,21,329772,1331630,0,0,0,0,1,0,17,3,0,0,1661402,0.24764518098482238,5675,0,1,0,0,1,0
20171,1433,101721,319916,0,0,1,0,1,0,17,3,0,0,421637,0.3179605960295952,18738,0,0,0,0,1,0
9552,21,47102,5142,0,0,1,0,1,0,17,3,0,0,52244,9.158467820338323,9531,0,1,0,0,1,0
12970,53,2610,6714,0,0,0,0,1,0,18,3,0,0,9324,0.38868205510052123,12917,0,1,0,0,1,0
41503,23448,4603,12961,0,0,1,0,1,0,18,3,0,0,17564,0.35511495139638943,18055,0,0,0,0,0,0
35010,21,63065,192057,1,0,0,0,0,1,18,3,0,0,255122,0.3283643482697935,34989,0,1,0,0,1,0
65071,445,892,536,0,0,1,0,1,0,18,3,0,0,1428,1.6610800744878957,64626,0,1,1,0,1,0
21,1433,37870,62048,1,0,0,0,1,0,19,3,0,0,99918,0.6103240986961918,1412,1,0,0,0,1,1
42117,3306,2617,6960,1,0,1,0,0,1,19,3,0,0,9577,0.3759517310731217,38811,0,0,0,0,1,0
6562,25,5492,20907,0,0,1,0,1,0,19,3,0,0,26399,0.26267457432561697,6537,0,1,0,0,1,0
25,445,2303,2528,0,0,1,0,1,0,20,3,0,0,4831,0.9106366152629498,420,1,1,0,0,1,1
49570,23615,32655,43263,0,0,1,0,1,0,20,3,0,0,75918,0.7547845784023669,25955,0,0,1,0,0,0
11967,443,131423,243336,0,0,1,0,0,1,21,3,0,0,374759,0.5400863822599934,11524,0,1,0,0,1,0
10531,22,38439,20749,0,0,1,0,0,1,21,3,0,0,59188,1.8524819277108433,10509,0,1,0,0,1,0
44365,3389,45822,38503,0,0,1,0,1,0,22,3,0,1,84325,1.1900581757739455,40976,0,0,0,0,1,0
24213,22,28817,92593,0,0,1,0,0,1,22,3,0,1,121410,0.311218869473184,24191,0,1,0,0,1,0
32580,443,65664,203417,0,0,1,0,1,0,22,3,0,1,269081,0.32280329174409345,32137,0,1,0,0,1,0
3306,80,46506,129966,0,0,1,0,1,0,22,3,0,1,176472,0.35782929512876344,3226,0,1,0,0,1,1
80,21,285,797,0,0,1,0,0,1,22,3,0,1,1082,0.35714285714285715,59,1,1,0,0,1,1
28707,1433,93909,290213,0,0,1,0,1,0,22,3,0,1,384122,0.323585354255825,27274,0,0,0,0,1,0
22,80,79367,104916,1,0,0,0,0,1,23,3,0,1,184283,0.7564741652925646,58,1,1,0,0,1,1
18401,1433,12336,3440,0,0,1,0,1,0,23,3,0,1,15776,3.5850043591979075,16968,0,0,0,0,1,0
22596,21,935,1992,0,0,0,0,1,0,23,3,0,1,2927,0.46914199698946313,22575,0,1,0,0,1,0
33749,80,32466,44359,0,0,1,0,0,1,23,3,0,1,76825,0.7318755635707845,33669,0,1,0,0,1,0
80,80,37147,90756,1,1,0,0,1,0,23,3,0,1,127903,0.409301761847571,0,1,1,0,0,1,1
23724,80,10885,30847,0,0,1,0,0,1,0,4,0,1,41732,0.3528591804979253,23644,0,1,0,0,1,0
46343,3389,29694,90153,0,0,0,0,0,1,0,4,0,1,119847,0.3293697451028241,42954,0,0,0,0,1,0
15482,3306,122387,152247,0,0,1,0,0,1,0,4,0,1,274634,0.8038660606379066,12176,0,0,0,0,1,0
12927,445,1020736,3385206,0,0,1,0,1,0,0,4,0,1,4405942,0.3015283851179559,12482,0,1,0,0,1,0
16384,3306,27862,108046,1,0,0,0,1,0,0,4,0,1,135908,0.2578692605995539,13078,0,0,0,0,1,0
80,25,37581,21978,0,0,1,0,0,1,1,4,0,1,59559,1.7098594112561991,55,1,1,0,0,1,1
18523,3306,5895,7283,0,0,1,0,1,0,1,4,0,1,13178,0.8093080724876441,15217,0,0,0,0,1,0
35863,445,9875,10664,0,0,1,0,1,0,1,4,0,1,20539,0.9259259259259259,35418,0,1,0,0,1,0
65450,21,17717,39421,0,0,1,1,0,0,1,4,0,1,57138,0.44941910608289787,65429,0,1,1,0,1,0
24743,445,144979,459459,1,0,1,0,1,0,2,4,0,1,604438,0.31554215818569625,24298,0,1,0,0,1,0
20756,3389,81661,260491,0,0,1,1,0,0,3,4,0,1,342152,0.31348755432028624,17367,0,0,0,0,1,0
18643,80,482610,60571,0,0,0,0,1,0,3,4,0,1,543181,7.967542759030575,18563,0,1,0,0,1,0
60960,445,2029,1430,1,0,0,0,1,0,3,4,0,1,3459,1.4178895877009086,60515,0,1,1,0,1,0
19988,22,2649,9439,0,0,1,0,1,0,3,4,0,1,12088,0.28061440677966104,19966,0,1,0,0,1,0
21,3306,128454,336325,0,0,0,0,1,0,3,4,0,1,464779,0.381933005476829,3285,1,0,0,0,1,1
36249,80,223725,816813,1,0,0,0,0,1,3,4,0,1,1040538,0.2738995658742382,36169,0,1,0,0,1,0
37245,21,23225,54034,0,0,0,0,1,0,3,4,0,1,77259,0.429814009438327,37224,0,1,0,0,1,0
62743,3306,17,3,1,0,0,1,0,0,3,4,0,1,20,4.25,59437,0,0,1,0,1,0
43139,25,6703,27310,0,0,0,0,1,0,4,4,0,1,34013,0.24543224341840283,43114,0,1,0,0,1,0
24045,22,37676,44682,0,0,0,0,1,0,4,4,0,1,82358,0.8431842087594835,24023,0,1,0,0,1,0
48068,1433,5223,21242,0,0,1,0,1,0,4,4,0,1,26465,0.24586922751023868,46635,0,0,0,0,1,0
18545,25,29619,69605,0,0,1,0,1,0,4,4,0,1,99224,0.42552366175329714,18520,0,1,0,0,1,0
443,22,459405,1670191,0,0,1,0,1,0,4,4,0,1,2129596,0.27506119056970696,421,1,1,0,0,1,1
50367,22,215736,873565,0,0,1,0,1,0,5,4,0,1,1089301,0.24696016099527682,50345,0,1,1,0,1,0
36863,53,80356,106524,1,0,1,0,1,0,5,4,0,1,186880,0.7543393569584604,36810,0,1,0,0,1,0
45952,1433,19868,33963,0,0,0,0,1,0,6,4,0,0,53831,0.5849723236367919,44519,0,0,0,0,1,0
64905,61658,9981,15627,0,0,1,0,1,0,6,4,0,0,25608,0.638661377015613,3247,0,0,1,1,0,0
7396,445,74043,107992,0,0,1,0,0,1,6,4,0,0,182035,0.6856277721704185,6951,0,1,0,0,1,0
10898,445,22939,67016,0,0,1,0,1,0,6,4,0,0,89955,0.34228628556933316,10453,0,1,0,0,1,0
46515,25,24234,32819,0,0,0,0,1,0,6,4,0,0,57053,0.7383912248628884,46490,0,1,0,0,1,0
4071,445,1840,1393,0,0,0,0,1,0,7,4,0,0,3233,1.3199426111908177,3626,0,1,0,0,1,0
43524,1433,7021,22591,1,0,0,0,1,0,7,4,0,0,29612,0.3107737252124646,42091,0,0,0,0,1,0
7856,53,73348,251553,0,0,1,0,1,0,7,4,0,0,324901,0.29157954156960336,7803,0,1,0,0,1,0
25,21,3783,15150,1,0,0,0,1,0,7,4,0,0,18933,0.24968648934063759,4,1,1,0,0,1,1
33508,3306,33695,62116,0,0,0,0,0,1,7,4,0,0,95811,0.5424440974290452,30202,0,0,0,0,1,0
55513,443,42616,42746,1,0,1,0,0,1,7,4,0,0,85362,0.9969354574590029,55070,0,1,1,0,1,0
13955,25,46789,105541,1,0,1,0,1,0,7,4,0,0,152330,0.44332114229406305,13930,0,1,0,0,1,0
44175,1433,53982,116592,0,0,0,1,0,0,7,4,0,0,170574,0.46299520554407214,42742,0,0,0,0,1,0
8884,53,60135,31943,0,0,1,0,1,0,8,4,0,0,92078,1.8825131480090158,8831,0,1,0,0,1,0
33671,25,8118,18079,0,0,1,0,1,0,8,4,0,0,26197,0.44900442477876107,33646,0,1,0,0,1,0
17950,445,2104,6513,0,0,1,0,1,0,8,4,0,0,8617,0.32299662265888857,17505,0,1,0,0,1,0
51197,443,5444,1939,0,0,1,0,1,0,8,4,0,0,7383,2.806185567010309,50754,0,1,1,0,1,0
42827,443,70818,160916,1,0,1,0,1,0,8,4,0,0,231734,0.44009023285296145,42384,0,1,0,0,1,0
53988,53,3224,7593,0,0,0,0,1,0,8,4,0,0,10817,0.42454569396892283,53935,0,1,1,0,1,0
58055,445,4167,15937,0,0,1,0,0,1,9,4,0,0,20104,0.2614506211569833,57610,0,1,1,0,1,0
59919,611,43,97,0,1,1,0,1,0,10,4,0,0,140,0.4387755102040816,59308,0,1,1,0,0,0
61397,80,1148,3919,0,0,0,0,1,0,10,4,0,0,5067,0.29285714285714287,61317,0,1,1,0,1,0
34908,21,3514,5374,0,0,1,0,1,0,10,4,0,0,8888,0.6537674418604651,34887,0,1,0,0,1,0
18424,445,109167,420670,0,0,0,0,0,1,10,4,0,0,529837,0.2595068355080336,17979,0,1,0,0,1,0
35460,80,6996,16812,1,0,1,0,1,0,11,4,0,0,23808,0.4161065841908047,35380,0,1,0,0,1,0
29674,445,1341,3170,0,0,0,0,1,0,11,4,0,0,4511,0.4228949858088931,29229,0,1,0,0,1,0
56632,3389,9714,6007,0,0,1,0,1,0,11,4,0,0,15721,1.616844207723036,53243,0,0,1,0,1,0
34177,3306,49855,38055,0,0,0,0,1,0,12,4,0,0,87910,1.3100430943872188,30871,0,0,0,0,1,0
23134,443,1177,2075,0,0,1,0,1,0,12,4,0,0,3252,0.5669556840077071,22691,0,1,0,0,1,0
6406,3306,101244,330538,1,0,0,0,1,0,12,4,0,0,431782,0.3062997104728943,3100,0,0,0,0,1,0
57336,80,2196,2607,1,0,1,0,1,0,13,4,0,0,4803,0.8420245398773006,57256,0,1,1,0,1,0
13234,22,11698,35903,0,0,1,0,1,0,13,4,0,0,47601,0.3258132798573975,13212,0,1,0,0,1,0
45256,445,11461,34253,0,0,1,0,1,0,13,4,0,0,45714,0.33458866117825653,44811,0,1,0,0,1,0
2768,21,8970,17144,1,0,1,0,1,0,14,4,0,0,26114,0.5231846019247594,2747,0,1,0,0,1,0
445,3389,19857,80158,0,0,0,0,1,0,14,4,0,0,100015,0.24772015618957322,2944,1,0,0,0,1,1
36301,53,76549,147626,0,1,0,0,1,0,14,4,0,0,224175,0.5185298082329113,36248,0,1,0,0,1,0
55276,22,20634,76771,0,0,1,0,1,0,14,4,0,0,97405,0.26876986401292136,55254,0,1,1,0,1,0
25885,1433,8357,19280,0,0,1,0,0,1,15,4,0,0,27637,0.4334318759400446,24452,0,0,0,0,1,0
35075,445,45787,31106,0,0,1,0,1,0,15,4,0,0,76893,1.4719195036486965,34630,0,1,0,0,1,0
51777,53,30687,19852,0,0,0,0,1,0,15,4,0,0,50539,1.545710975671183,51724,0,1,1,0,1,0
21284,80,7546,20134,0,0,1,0,1,0,15,4,0,0,27680,0.37477030047181525,21204,0,1,0,0,1,0
48283,80,23568,93273,0,0,0,0,0,1,15,4,0,0,116841,0.2526749147672449,48203,0,1,0,0,1,0
49916,445,6609,10160,0,0,0,0,0,1,15,4,0,0,16769,0.6504281074697372,49471,0,1,1,0,1,0
51957,3389,5512,14140,0,0,1,0,1,0,16,4,0,0,19652,0.389788558093487,48568,0,0,1,0,1,0
52578,1433,79960,148845,0,0,1,0,1,0,16,4,0,0,228805,0.5371995216532524,51145,0,0,1,0,1,0
21752,80,45032,120623,0,0,1,0,1,0,16,4,0,0,165655,0.3733253747181324,21672,0,1,0,0,1,0
62022,207,1786,6475,0,1,1,0,1,0,16,4,0,0,8261,0.275787523162446,61815,0,1,1,0,0,0
44388,3389,60852,15496,0,0,0,1,0,0,16,4,0,0,76348,3.9266954894495707,40999,0,0,0,0,1,0
18060,80,5326,1198,0,0,1,0,1,0,17,4,0,0,6524,4.4420350291909925,17980,0,1,0,0,1,0
19625,1433,109321,92272,1,0,1,0,1,0,17,4,0,0,201593,1.1847561041691503,18192,0,0,0,0,1,0
34501,1433,13681,13760,0,0,0,0,1,0,17,4,0,0,27441,0.9941864690066129,33068,0,0,0,0,1,0
25,21,97416,373716,0,0,1,0,1,0,18,4,0,0,471132,0.2606678315409789,4,1,1,0,0,1,1
57795,80,18030,61269,0,0,1,0,0,1,18,4,0,0,79299,0.29427125836461565,57715,0,1,1,0,1,0
40361,3306,36354,143243,0,0,0,0,1,0,18,4,0,0,179597,0.25379073469045826,37055,0,0,0,0,1,0
57944,3389,38145,27522,0,0,1,1,0,0,18,4,0,0,65667,1.3859317661592123,54555,0,0,1,0,1,0
27372,445,80912,219834,0,0,0,0,1,0,18,4,0,0,300746,0.3680578615780017,26927,0,1,0,0,1,0
19409,443,1611,4508,1,0,1,0,1,0,18,4,0,0,6119,0.35728542914171657,18966,0,1,0,0,1,0
27880,80,1768,6314,0,0,1,0,1,0,18,4,0,0,8082,0.27996832937450516,27800,0,1,0,0,1,0
50403,80,64520,233203,0,0,0,0,1,0,18,4,0,0,297723,0.2766676386339857,50323,0,1,1,0,1,0
46927,39968,38955,108302,0,0,1,0,1,0,18,4,0,0,147257,0.35968532727625274,6959,0,0,0,0,0,0
25,22,6367,2596,0,0,0,0,1,0,18,4,0,0,8963,2.4516750096264923,3,1,1,0,0,1,1
38312,1433,39454,9176,0,0,1,0,1,0,19,4,0,0,48630,4.299226326686281,36879,0,0,0,0,1,0
52090,3306,2315,4198,0,0,1,0,1,0,19,4,0,0,6513,0.5513217432722076,48784,0,0,1,0,1,0
1433,53,4085126,5117129,1,0,0,0,1,0,19,4,0,0,9202255,0.7983236697132963,1380,0,1,0,0,1,1
51932,443,179604,577438,0,0,1,0,1,0,19,4,0,0,757042,0.3110354513636938,51489,0,1,1,0,1,0
18831,3389,59616,225829,0,0,1,0,1,0,19,4,0,0,285445,0.2639861842979232,15442,0,0,0,0,1,0
80,443,24859,99045,0,0,1,0,0,1,19,4,0,0,123904,0.25098439109100823,363,1,1,0,0,1,1
25,445,8184,33914,0,0,1,0,1,0,19,4,0,0,42098,0.2413091552410438,420,1,1,0,0,1,1
22,22,2707,3294,0,1,1,0,1,0,19,4,0,0,6001,0.8215477996965098,0,1,1,0,0,1,1
3389,25,18359,60341,0,0,1,0,1,0,20,4,0,0,78700,0.30424911338702726,3364,0,1,0,0,1,1
41312,80,5565,20474,0,0,0,0,1,0,20,4,0,0,26039,0.2717948717948718,41232,0,1,0,0,1,0
49371,21,6110,21593,1,0,0,0,1,0,20,4,0,0,27703,0.2829489673057331,49350,0,1,1,0,1,0
30344,445,2282,2473,0,0,1,0,0,1,20,4,0,0,4755,0.9223928860145514,29899,0,1,0,0,1,0
38783,80,32841,137448,0,0,1,0,1,0,20,4,0,0,170289,0.23893225851042932,38703,0,1,0,0,1,0
21,53,12049,48685,0,0,0,0,1,0,20,4,0,0,60734,0.24748387626833177,32,1,1,0,0,1,1
9392,80,51850,142010,0,0,0,0,1,0,20,4,0,0,193860,0.3651125617029667,9312,0,1,0,0,1,0
24415,443,45768,42589,0,0,1,0,1,0,22,4,0,1,88357,1.0746184550363935,23972,0,1,0,0,1,0
22,21,31797,14539,0,0,1,0,1,0,22,4,0,1,46336,2.186863823933975,1,1,1,0,0,1,1
1433,1433,1552076,4439955,0,0,1,0,0,1,22,4,0,1,5992031,0.34957013087517086,0,0,0,0,0,1,1
21,445,82283,271391,0,0,1,0,1,0,22,4,0,1,353674,0.3031887454309633,424,1,1,0,0,1,1
16385,53,2930,4516,0,0,1,1,0,0,22,4,0,1,7446,0.6486606154527341,16332,0,1,0,0,1,0
33767,443,45888,13615,0,0,1,0,1,0,22,4,0,1,59503,3.3701527614571094,33324,0,1,0,0,1,0
23228,21,20202,77834,0,0,1,0,1,0,23,4,0,1,98036,0.2595490460589709,23207,0,1,0,0,1,0
45944,53,2574,1550,0,0,0,0,1,0,23,4,0,1,4124,1.6595744680851063,45891,0,1,0,0,1,0
40482,22,2265,6302,0,0,1,0,1,0,23,4,0,1,8567,0.35935268919562113,40460,0,1,0,0,1,0
52912,21,45484,42637,0,0,0,1,0,0,23,4,0,1,88121,1.0667479712932126,52891,0,1,1,0,1,0
54243,25,67243,235759,0,0,1,0,1,0,23,4,0,1,303002,0.285218018323719,54218,0,1,1,0,1,0
17006,1433,4129,672,1,0,1,0,0,1,23,4,0,1,4801,6.135215453194651,15573,0,0,0,0,1,0
3260,1433,104012,250355,0,0,1,0,1,0,23,4,0,1,354367,0.4154563901004969,1827,0,0,0,0,1,0
55547,80,34747,63537,0,0,1,0,1,0,0,5,1,1,98284,0.5468695898517423,55467,0,1,1,0,1,0
22,21,149249,574015,0,0,0,0,0,1,0,5,1,1,723264,0.2600084318207158,1,1,1,0,0,1,1
53804,445,125918,187958,0,0,1,0,1,0,0,5,1,1,313876,0.6699226959070861,53359,0,1,1,0,1,0
38972,21,17094,6183,0,0,1,0,0,1,0,5,1,1,23277,2.764230271668823,38951,0,1,0,0,1,0
22,38560,301630,231812,0,0,0,0,1,0,1,5,1,1,533442,1.3011781047654791,38538,1,0,0,0,0,1
49478,3306,3646,14135,0,0,1,0,0,1,1,5,1,1,17781,0.25792303338992645,46172,0,0,1,0,1,0
80,3306,1009000,2336559,0,0,1,0,1,0,2,5,1,1,3345559,0.4318314102783579,3226,1,0,0,0,1,1
16048,80,5398,14473,0,0,1,0,1,0,2,5,1,1,19871,0.372944590299848,15968,0,1,0,0,1,0
32582,21,20398,18990,0,0,1,0,1,0,2,5,1,1,39388,1.074087725764836,32561,0,1,0,0,1,0
11547,443,8888,15261,1,0,1,0,1,0,2,5,1,1,24149,0.5823614205215568,11104,0,1,0,0,1,0
15664,3389,12053,12401,0,0,1,0,1,0,3,5,1,1,24454,0.9718593775197549,12275,0,0,0,0,1,0
43234,1433,2368306,2771056,0,0,1,0,1,0,3,5,1,1,5139362,0.854657987908585,41801,0,0,0,0,1,0
1433,21,10505,23145,0,0,0,0,1,0,3,5,1,1,33650,0.4538581180333535,1412,0,1,0,0,1,1
11365,443,85971,42041,0,0,1,0,1,0,4,5,1,1,128012,2.0448836877408305,10922,0,1,0,0,1,0
13190,21,15113,38793,0,0,1,0,1,0,4,5,1,1,53906,0.3895705521472393,13169,0,1,0,0,1,0
22166,22,98565,135350,1,0,1,0,1,0,4,5,1,1,233915,0.7282177449741782,22144,0,1,0,0,1,0
15627,53,9221,15242,1,0,0,0,1,0,4,5,1,1,24463,0.6049334120579938,15574,0,1,0,0,1,0
47160,445,33183,106550,0,0,0,0,1,0,4,5,1,1,139733,0.31142833009544724,46715,0,1,0,0,1,0
34551,3306,60229,93385,0,0,1,0,1,0,5,5,1,1,153614,0.644946780031268,31245,0,0,0,0,1,0
3389,3306,6940,16869,1,0,0,0,1,0,5,5,1,1,23809,0.41138114997036157,83,0,0,0,0,1,1
21706,332,30745,8061,0,1,1,0,1,0,5,5,1,1,38806,3.813569833788142,21374,0,1,0,0,0,0
29556,25,65480,15322,0,0,1,0,0,1,5,5,1,1,80802,4.273314625073419,29531,0,1,0,0,1,0
43592,443,15343,13370,0,0,1,0,1,0,5,5,1,1,28713,1.147483359509386,43149,0,1,0,0,1,0
25927,3306,7218,22881,0,0,1,0,1,0,6,5,1,0,30099,0.3154444541561052,22621,0,0,0,0,1,0
58496,1433,25508,94478,0,0,0,0,1,0,7,5,1,0,119986,0.26998592279765876,57063,0,0,1,0,1,0
36662,1433,3147,8748,0,0,0,0,1,0,7,5,1,0,11895,0.35969825122871185,35229,0,0,0,0,1,0
80,443,381426,1581547,0,0,1,0,0,1,8,5,1,0,1962973,0.2411725726946005,363,1,1,0,0,1,1
1433,443,43914,6695,0,0,0,0,0,1,8,5,1,0,50609,6.558243727598566,990,0,1,0,0,1,1
80,3389,19134,47521,0,0,1,0,1,0,8,5,1,0,66655,0.40263456925213587,3309,1,0,0,0,1,1
22,22,117426,63733,0,1,1,0,1,0,9,5,1,0,181159,1.842438886622525,0,1,1,0,0,1,1
1433,53,6943,9977,1,0,1,0,1,0,9,5,1,0,16920,0.6958308278212066,1380,0,1,0,0,1,1
17489,445,3464,7588,0,0,1,0,1,0,9,5,1,0,11052,0.4564501251811833,17044,0,1,0,0,1,0
9115,25,17886,29550,0,0,0,0,0,1,10,5,1,0,47436,0.6052587052891611,9090,0,1,0,0,1,0
60243,53,27012,17965,0,0,0,0,1,0,10,5,1,0,44977,1.503506623622398,60190,0,1,1,0,1,0
80,80,51479,32230,0,1,1,0,1,0,10,5,1,0,83709,1.5971890416059074,0,1,1,0,0,1,1
445,7209,2075,1405,0,0,0,0,1,0,10,5,1,0,3480,1.4758179231863442,6764,1,0,0,0,0,1
445,1433,10613,27925,0,0,1,0,1,0,11,5,1,0,38538,0.3800401059944138,988,1,0,0,0,1,1
3389,80,158,335,0,0,1,0,1,0,11,5,1,0,493,0.47023809523809523,3309,0,1,0,0,1,1
25862,80,3321,10523,0,0,1,0,0,1,11,5,1,0,13844,0.31556442417331815,25782,0,1,0,0,1,0
25,3389,69176,96923,0,0,1,0,1,0,11,5,1,0,166099,0.7137138376459907,3364,1,0,0,0,1,1
3817,21,102502,55450,0,0,1,0,0,1,11,5,1,0,157952,1.8485149050513066,3796,0,1,0,0,1,0
44871,22,3543,10044,0,0,1,0,1,0,11,5,1,0,13587,0.3527127924340468,44849,0,1,0,0,1,0
32336,53,13103,46737,0,0,1,0,1,0,12,5,1,0,59840,0.28035003637297273,32283,0,1,0,0,1,0
6439,445,22947,72861,0,0,1,0,1,0,12,5,1,0,95808,0.3149378276742335,5994,0,1,0,0,1,0
3306,53,123621,496922,1,0,0,0,1,0,12,5,1,0,620543,0.24877294872646266,3253,0,1,0,0,1,1
48969,53,254371,133135,0,0,0,0,0,1,12,5,1,0,387506,1.910610203100589,48916,0,1,0,0,1,0
46409,80,28139,21717,0,0,0,0,1,0,12,5,1,0,49856,1.2956533750805783,46329,0,1,0,0,1,0
13389,443,14516,60129,0,0,1,0,1,0,12,5,1,0,74645,0.24141027773158158,12946,0,1,0,0,1,0
18101,3306,2186,3074,0,0,0,0,1,0,13,5,1,0,5260,0.7108943089430895,14795,0,0,0,0,1,0
10438,445,26184,55132,0,0,1,0,1,0,13,5,1,0,81316,0.47492427402825893,9993,0,1,0,0,1,0
45673,1433,609184,2185479,0,0,0,0,1,0,13,5,1,0,2794663,0.278741512162088,44240,0,0,0,0,1,0
36046,443,173565,322514,0,0,0,0,1,0,13,5,1,0,496079,0.5381610157667085,35603,0,1,0,0,1,0
63984,3306,29137,107899,0,0,1,0,1,0,13,5,1,0,137036,0.2700370713623726,60678,0,0,1,0,1,0
22,22,35789,148309,0,0,1,0,1,0,13,5,1,0,184098,0.24131211651270987,0,1,1,0,0,1,1
4884,80,7320,13972,0,0,1,0,1,0,14,5,1,0,21292,0.5238674586702927,4804,0,1,0,0,1,0
2063,21,12438,51428,0,1,1,0,1,0,14,5,1,0,63866,0.24184798460012832,2042,0,1,0,0,1,0
57599,80,27893,40277,0,0,1,0,1,0,14,5,1,0,68170,0.6925120413128755,57519,0,1,1,0,1,0
445,22,28029,62454,0,0,1,0,1,0,14,5,1,0,90483,0.4487871267312465,423,1,1,0,0,1,1
443,25,110990,240775,1,0,1,0,1,0,14,5,1,0,351765,0.46096787055188226,418,1,1,0,0,1,1
33225,3306,102675,64280,1,0,1,0,1,0,14,5,1,0,166955,1.5972838008120596,29919,0,0,0,0,1,0
55811,21,50660,117428,0,0,1,0,1,0,15,5,1,0,168088,0.431409617726456,55790,0,1,1,0,1,0
41009,3306,4453,13360,1,0,1,0,1,0,15,5,1,0,17813,0.3332834368684979,37703,0,0,0,0,1,0
53,80,4730,653,1,0,1,0,1,0,15,5,1,0,5383,7.232415902140673,27,1,1,0,0,1,1
53,53,5320,7527,0,0,1,0,1,0,15,5,1,0,12847,0.7066950053134963,0,1,1,0,0,1,1
46460,445,32107,129099,1,0,0,0,1,0,15,5,1,0,161206,0.24869868319132454,46015,0,1,0,0,1,0
40747,53,860,749,0,0,0,0,1,0,16,5,1,0,1609,1.1466666666666667,40694,0,1,0,0,1,0
39792,443,21806,77512,0,0,1,0,1,0,16,5,1,0,99318,0.2813205526814857,39349,0,1,0,0,1,0
50464,22,209782,812061,0,0,0,0,0,1,16,5,1,0,1021843,0.25833249185407026,50442,0,1,1,0,1,0
25358,445,64018,205123,0,0,1,0,1,0,17,5,1,0,269141,0.31209414793003254,24913,0,1,0,0,1,0
48919,1433,12567,18646,0,0,1,0,0,1,17,5,1,0,31213,0.6739421890920791,47486,0,0,0,0,1,0
27936,44057,7206,15086,0,0,0,0,1,0,17,5,1,0,22292,0.4776297474647047,16121,0,0,0,0,0,0
63509,3306,79949,27456,0,0,1,0,1,0,17,5,1,0,107405,2.911789343336854,60203,0,0,1,0,1,0
18167,3389,35942,140143,0,0,0,0,1,0,17,5,1,0,176085,0.2564647790843704,14778,0,0,0,0,1,0
23949,443,14849,54381,1,0,1,0,1,0,17,5,1,0,69230,0.2730499062189695,23506,0,1,0,0,1,0
53,53,8583,1224,0,0,1,0,1,0,17,5,1,0,9807,7.006530612244898,0,1,1,0,0,1,1
64990,21,24889,98130,0,0,0,0,1,0,17,5,1,0,123019,0.25363035126514555,64969,0,1,1,0,1,0
20380,21,13563,32054,0,0,0,0,0,1,18,5,1,0,45617,0.4231165184838559,20359,0,1,0,0,1,0
2538,443,77265,232834,0,0,1,0,1,0,18,5,1,0,310099,0.3318444391951382,2095,0,1,0,0,1,0
44394,80,160471,408451,0,0,1,0,0,1,18,5,1,0,568922,0.392876029496734,44314,0,1,0,0,1,0
20987,3389,2471,3009,0,0,0,0,1,0,18,5,1,0,5480,0.8209302325581396,17598,0,0,0,0,1,0
53,443,3098,9591,0,0,0,0,1,0,18,5,1,0,12689,0.322977481234362,390,1,1,0,0,1,1
53331,21,190401,474208,0,0,1,0,1,0,18,5,1,0,664609,0.40151283505795965,53310,0,1,1,0,1,0
58993,445,28718,22796,1,0,0,0,1,0,19,5,1,0,51514,1.2597271570820723,58548,0,1,1,0,1,0
445,3306,3602,3494,0,0,1,0,1,0,19,5,1,0,7096,1.030615164520744,2861,1,0,0,0,1,1
40361,22,106213,224184,0,0,0,0,0,1,19,5,1,0,330397,0.47377389209804405,40339,0,1,0,0,1,0
46484,445,38051,45661,0,0,1,0,1,0,20,5,1,0,83712,0.8333187333012133,46039,0,1,0,0,1,0
1433,80,748026,216405,1,0,0,0,1,0,20,5,1,0,964431,3.4565862314353577,1353,0,1,0,0,1,1
39858,3389,15116,27991,0,0,1,0,1,0,20,5,1,0,43107,0.5400114318376679,36469,0,0,0,0,1,0
6130,3306,129822,519540,0,0,1,0,1,0,20,5,1,0,649362,0.2498782579238212,2824,0,0,0,0,1,0
6875,1433,2168,1145,0,0,1,0,1,0,21,5,1,0,3313,1.8917975567190226,5442,0,0,0,0,1,0
6461,21,205591,35655,0,0,1,0,1,0,21,5,1,0,241246,5.765958043527037,6440,0,1,0,0,1,0
38245,445,99773,150522,1,0,1,0,1,0,21,5,1,0,250295,0.6628422234475795,37800,0,1,0,0,1,0
62233,1433,286919,1204120,0,0,1,0,1,0,21,5,1,0,1491039,0.23828087044408328,60800,0,0,1,0,1,0
32064,3306,130213,488879,0,0,0,0,1,0,22,5,1,1,619092,0.2663496154475536,28758,0,0,0,0,1,0
60782,80,18798,59307,0,0,1,0,1,0,22,5,1,1,78105,0.31695555405678827,60702,0,1,1,0,1,0
18524,84,2327,9689,0,1,0,0,1,0,22,5,1,1,12016,0.24014447884416926,18440,0,1,0,0,0,0
23735,445,8406,16239,0,0,0,0,1,0,22,5,1,1,24645,0.5176108374384236,23290,0,1,0,0,1,0
3306,3306,1315,4255,0,0,0,0,1,0,23,5,1,1,5570,0.30897556390977443,0,0,0,0,0,1,1
60911,1433,5047,8867,1,0,1,1,0,0,23,5,1,1,13914,0.5691249436175011,59478,0,0,1,0,1,0
32594,443,43537,132139,0,0,1,0,0,1,0,6,1,1,175676,0.3294763130013622,32151,0,1,0,0,1,0
1209,3389,20406,12031,0,0,1,0,1,0,0,6,1,1,32437,1.6959773936170213,2180,0,0,0,0,1,0
35705,1433,15402,43761,0,0,1,1,0,0,0,6,1,1,59163,0.35194917965358075,34272,0,0,0,0,1,0
3389,3389,6192,8340,0,0,1,0,1,0,0,6,1,1,14532,0.7423570315309915,0,0,0,0,0,1,1
30008,21,1292,3698,0,1,0,0,1,0,1,6,1,1,4990,0.34928359015950255,29987,0,1,0,0,1,0
18551,443,29476,110640,0,0,1,0,1,0,1,6,1,1,140116,0.2664111857268101,18108,0,1,0,0,1,0
80,445,40402,149920,0,0,1,0,0,1,1,6,1,1,190322,0.269488597327926,365,1,1,0,0,1,1
29593,445,4507,18903,0,0,0,0,1,0,1,6,1,1,23410,0.23841515023275497,29148,0,1,0,0,1,0
53,22,9381,32422,0,0,1,0,0,1,1,6,1,1,41803,0.28933164728741945,31,1,1,0,0,1,1
6935,443,259734,779801,0,0,0,0,0,1,1,6,1,1,1039535,0.33307685797163894,6492,0,1,0,0,1,0
13921,3389,140814,294514,0,0,1,0,1,0,1,6,1,1,435328,0.47812165764052766,10532,0,0,0,0,1,0
14254,22,2048,1623,0,0,1,0,1,0,1,6,1,1,3671,1.2610837438423645,14232,0,1,0,0,1,0
22956,1433,19236,68775,0,0,1,0,1,0,1,6,1,1,88011,0.2796905897406072,21523,0,0,0,0,1,0
22625,21,225918,863963,0,0,1,0,1,0,1,6,1,1,1089881,0.26149006208592024,22604,0,1,0,0,1,0
7700,53,15579,31450,0,0,1,0,1,0,2,6,1,1,47029,0.4953419605099997,7647,0,1,0,0,1,0
35289,21,14323,20350,1,0,0,0,1,0,2,6,1,1,34673,0.7037983391479534,35268,0,1,0,0,1,0
14736,443,126548,485273,1,0,1,0,1,0,2,6,1,1,611821,0.2607763861241278,14293,0,1,0,0,1,0
21791,21,106863,33150,0,0,1,0,1,0,3,6,1,1,140013,3.223522668999427,21770,0,1,0,0,1,0
3306,3306,98369,204350,0,0,0,0,1,0,3,6,1,1,302719,0.48137273612558784,0,0,0,0,0,1,1
16186,443,14484,11967,0,0,1,0,1,0,3,6,1,1,26451,1.2102272727272727,15743,0,1,0,0,1,0
445,22,183249,84278,0,1,1,0,1,0,3,6,1,1,267527,2.174313886021429,423,1,1,0,0,1,1
38892,1433,240768,462771,0,0,1,0,1,0,3,6,1,1,703539,0.5202734824060229,37459,0,0,0,0,1,0
3306,445,20337,2159,0,0,0,0,1,0,4,6,1,1,22496,9.415277777777778,2861,0,1,0,0,1,1
49345,21,11551,20884,0,0,1,0,0,1,4,6,1,1,32435,0.5530763706009098,49324,0,1,1,0,1,0
56347,22,157647,625588,0,0,1,0,1,0,4,6,1,1,783235,0.25199771735116827,56325,0,1,1,0,1,0
39804,445,581114,1501900,0,0,1,0,1,0,4,6,1,1,2083014,0.3869189780151954,39359,0,1,0,0,1,0
1433,25,649532,1627363,0,0,1,0,0,1,4,6,1,1,2276895,0.39913135598427885,1408,0,1,0,0,1,1
43320,25,12097,48176,0,0,1,0,1,0,4,6,1,1,60273,0.251094920812836,43295,0,1,0,0,1,0
36755,53,14207,8176,0,0,1,0,1,0,5,6,1,1,22383,1.7374342668460316,36702,0,1,0,0,1,0
41792,21,4244,5288,0,0,1,0,1,0,5,6,1,1,9532,0.8024201172244281,41771,0,1,0,0,1,0
4508,445,26605,99620,0,0,1,0,0,1,5,6,1,1,126225,0.267062165607653,4063,0,1,0,0,1,0
50050,25,3949,9684,0,0,1,0,0,1,5,6,1,1,13633,0.40774393391843056,50025,0,1,1,0,1,0
23720,22,9484,24642,1,0,0,0,1,0,6,6,1,0,34126,0.38485573996672484,23698,0,1,0,0,1,0
6704,22,67630,234331,0,0,1,0,1,0,6,6,1,0,301961,0.2886076165440486,6682,0,1,0,0,1,0
65475,445,41108,78901,0,0,1,0,0,1,6,6,1,0,120009,0.5210007350890978,65030,0,1,1,0,1,0
15010,53,1215,1763,0,0,1,0,0,1,7,6,1,0,2978,0.6887755102040817,14957,0,1,0,0,1,0
12465,3306,271703,288358,0,0,1,0,1,0,7,6,1,0,560061,0.9422386677717706,9159,0,0,0,0,1,0
5324,80,3869,2470,0,0,1,0,1,0,7,6,1,0,6339,1.5657628490489681,5244,0,1,0,0,1,0
64573,3389,4733,5188,1,0,0,0,0,1,7,6,1,0,9921,0.9121217961071497,61184,0,0,1,0,1,0
53,22,3034,12437,0,0,1,0,1,0,7,6,1,0,15471,0.24392989226563755,31,1,1,0,0,1,1
54321,53,7646,26885,0,0,1,0,1,0,7,6,1,0,34531,0.2843859257606189,54268,0,1,1,0,1,0
3389,3389,5245,4808,0,0,1,0,1,0,8,6,1,0,10053,1.0906633395716365,0,0,0,0,0,1,1
28395,21,5454,11584,0,0,0,0,1,0,9,6,1,0,17038,0.4707811825636599,28374,0,1,0,0,1,0
53,443,427,577,0,0,1,0,1,0,9,6,1,0,1004,0.7387543252595156,390,1,1,0,0,1,1
64943,443,27116,3524,1,0,1,0,1,0,9,6,1,0,30640,7.692482269503546,64500,0,1,1,0,1,0
64436,3369,31930,7260,0,0,1,0,1,0,10,6,1,0,39190,4.39746591378598,61067,0,0,1,0,0,0
61530,443,798947,2162078,0,0,1,0,1,0,10,6,1,0,2961025,0.3695272004399469,61087,0,1,1,0,1,0
445,80,47961,181536,0,0,1,0,0,1,10,6,1,0,229497,0.26419407613874857,365,1,1,0,0,1,1
80,3389,9951,15798,0,0,1,0,1,0,10,6,1,0,25749,0.6298499905057282,3309,1,0,0,0,1,1
55344,21,3225,2425,0,0,0,0,1,0,11,6,1,0,5650,1.3293487221764222,55323,0,1,1,0,1,0
21200,3389,18881,38681,0,0,0,0,1,0,11,6,1,0,57562,0.4881081640039295,17811,0,0,0,0,1,0
445,443,45159,95268,1,0,1,0,1,0,11,6,1,0,140427,0.4740156819112198,2,1,1,0,0,1,1
46471,3306,9844,4106,0,0,0,0,1,0,11,6,1,0,13950,2.3968833698563428,43165,0,0,0,0,1,0
10195,80,24285,6065,1,0,1,0,1,0,11,6,1,0,30350,4.003461918892186,10115,0,1,0,0,1,0
17098,80,458523,172876,0,0,1,0,1,0,11,6,1,0,631399,2.652307710106029,17018,0,1,0,0,1,0
25106,1433,11913,33217,0,0,0,1,0,0,11,6,1,0,45130,0.3586308627852369,23673,0,0,0,0,1,0
21,25,1076,758,0,0,1,0,1,0,12,6,1,0,1834,1.4176548089591567,4,1,1,0,0,1,1
45913,1433,89105,224702,0,0,1,0,1,0,12,6,1,0,313807,0.3965456624967179,44480,0,0,0,0,1,0
45778,80,36421,49647,0,0,1,0,1,0,12,6,1,0,86068,0.7335844344183049,45698,0,1,0,0,1,0
8524,25,1430,5173,0,0,0,0,1,0,13,6,1,0,6603,0.27638190954773867,8499,0,1,0,0,1,0
9136,3306,43661,120903,0,0,1,0,1,0,13,6,1,0,164564,0.3611212201416,5830,0,0,0,0,1,0
25,3306,4462,10554,0,0,1,0,1,0,13,6,1,0,15016,0.4227380388441497,3281,1,0,0,0,1,1
53,1433,44627,162635,0,1,1,0,1,0,13,6,1,0,207262,0.27439804225386755,1380,1,0,0,0,1,1
443,53,465851,1462126,0,0,1,0,1,0,13,6,1,0,1927977,0.31861185793026187,390,1,1,0,0,1,1
22,3306,16594,14901,0,0,1,0,1,0,14,6,1,0,31495,1.1135418064689304,3284,1,0,0,0,1,1
22,443,124646,31275,0,0,1,0,1,0,14,6,1,0,155921,3.985356183655199,421,1,1,0,0,1,1
33115,25,3085,4410,0,0,1,0,0,1,15,6,1,0,7495,0.6993878939016096,33090,0,1,0,0,1,0
27917,59121,1937,1472,0,0,1,0,1,0,15,6,1,0,3409,1.3150033944331296,31204,0,0,0,1,0,0
22408,53,555593,2034478,0,1,1,0,1,0,16,6,1,0,2590071,0.27308858926535984,22355,0,1,0,0,1,0
17040,443,36044,130978,0,0,1,0,1,0,16,6,1,0,167022,0.2751891524595546,16597,0,1,0,0,1,0
12384,22,61002,202399,0,0,1,1,0,0,16,6,1,0,263401,0.30139328063241105,12362,0,1,0,0,1,0
25187,443,139139,481405,0,0,0,0,0,1,16,6,1,0,620544,0.28902631043235855,24744,0,1,0,0,1,0
49665,445,9466,29486,0,0,1,0,1,0,17,6,1,0,38952,0.32102282361718726,49220,0,1,1,0,1,0
7843,1433,82469,225335,0,0,1,0,0,1,17,6,1,0,307804,0.36598235523839956,6410,0,0,0,0,1,0
41076,1433,64709,156989,0,0,0,0,1,0,17,6,1,0,221698,0.4121854895216256,39643,0,0,0,0,1,0
49551,22,2774,3189,0,0,1,1,0,0,17,6,1,0,5963,0.8695924764890283,49529,0,1,1,0,1,0
61566,3306,247898,743174,0,0,0,0,1,0,18,6,1,0,991072,0.33356611834359334,58260,0,0,1,0,1,0
46458,21,178256,541797,0,0,0,0,1,0,19,6,1,0,720053,0.3290082281588341,46437,0,1,0,0,1,0
1433,53,2824,10702,0,0,0,0,1,0,19,6,1,0,13526,0.26385125665701203,1380,0,1,0,0,1,1
33900,80,30347,33028,0,0,0,0,1,0,19,6,1,0,63375,0.9187986315056466,33820,0,1,0,0,1,0
40771,1433,15218,48652,0,0,1,0,1,0,19,6,1,0,63870,0.3127864674326352,39338,0,0,0,0,1,0
3389,22,213052,566022,0,0,1,0,1,0,19,6,1,0,779074,0.3764016656566959,3367,0,1,0,0,1,1
14237,443,2305,1095,0,0,1,0,1,0,19,6,1,0,3400,2.103102189781022,13794,0,1,0,0,1,0
44212,22,7017124,3062877,0,0,0,0,1,0,20,6,1,0,10080001,2.2910230182201183,44190,0,1,0,0,1,0
32353,3306,16660,7787,0,0,0,0,1,0,20,6,1,0,24447,2.1391884951206985,29047,0,0,0,0,1,0
38697,21,71790,301298,0,0,1,0,0,1,20,6,1,0,373088,0.2382682982684974,38676,0,1,0,0,1,0
47173,3389,202804,822731,0,0,1,0,0,1,21,6,1,0,1025535,0.2465006830899977,43784,0,0,0,0,1,0
21,1433,16097,5168,0,0,1,1,0,0,21,6,1,0,21265,3.1141420003869222,1412,1,0,0,0,1,1
28737,3306,18326,16015,0,0,1,0,1,0,21,6,1,0,34341,1.1442307692307692,25431,0,0,0,0,1,0
21122,18393,9852,12269,0,0,0,0,1,0,21,6,1,0,22121,0.8029339853300733,2729,0,0,0,0,0,0
17783,21,5341,11200,0,0,0,0,1,0,21,6,1,0,16541,0.4768324256762789,17762,0,1,0,0,1,0
3389,53,34029,93121,0,0,1,0,1,0,22,6,1,1,127150,0.3654238525804858,3336,0,1,0,0,1,1
14539,21,17739,69090,0,0,1,0,1,0,23,6,1,1,86829,0.25674834638375477,14518,0,1,0,0,1,0
31873,1433,9749,12830,0,0,1,0,1,0,23,6,1,1,22579,0.7598004832047385,30440,0,0,0,0,1,0
45464,25,10704,39073,0,0,0,0,0,1,23,6,1,1,49777,0.27394175154834416,45439,0,1,0,0,1,0
45052,445,55379,114942,0,0,0,0,1,0,23,6,1,1,170321,0.48179532463916896,44607,0,1,0,0,1,0
19711,25,6148,21915,0,0,0,0,0,1,23,6,1,1,28063,0.28052564336557767,19686,0,1,0,0,1,0
63133,22,14836,54994,0,0,1,0,1,0,0,0,0,1,69830,0.26976997908900807,63111,0,1,1,0,1,0
56653,1433,92769,71505,0,0,0,0,1,0,0,0,0,1,164274,1.297359662126255,55220,0,0,1,0,1,0
43631,3389,32714,8233,1,0,0,0,1,0,1,0,0,1,40947,3.973038620354627,40242,0,0,0,0,1,0
60134,445,4108,17146,0,0,0,0,1,0,1,0,0,1,21254,0.2395754359363154,59689,0,1,1,0,1,0
46975,80,21201,65136,0,1,0,0,0,1,1,0,0,1,86337,0.3254832123063697,46895,0,1,0,0,1,0
19024,80,44321,63148,1,0,1,0,1,0,1,0,0,1,107469,0.7018480102614452,18944,0,1,0,0,1,0
3389,3389,107241,248766,0,0,1,0,1,0,1,0,0,1,356007,0.4310901365534818,0,0,0,0,0,1,1
16531,62954,6577,18045,0,0,1,0,1,0,1,0,0,1,24622,0.36445749750637263,46423,0,0,0,1,0,0
15857,3306,9012,15236,0,0,1,0,1,0,1,0,0,1,24248,0.5914550108289033,12551,0,0,0,0,1,0
33380,80,7242,19722,0,0,1,0,1,0,2,0,0,1,26964,0.3671855194443036,33300,0,1,0,0,1,0
17018,3306,7841,25693,0,0,1,0,1,0,2,0,0,1,33534,0.3051685218338912,13712,0,0,0,0,1,0
61591,1433,42108,41029,0,0,1,0,1,0,2,0,0,1,83137,1.0262734584450401,60158,0,0,1,0,1,0
4483,3389,57021,75354,0,0,0,0,1,0,2,0,0,1,132375,0.756698294738239,1094,0,0,0,0,1,0
33389,80,118355,353560,0,0,0,0,1,0,2,0,0,1,471915,0.3347512876137357,33309,0,1,0,0,1,0
25,25,19036,2957,0,0,0,0,0,1,2,0,0,1,21993,6.435429344151454,0,1,1,0,0,1,1
2830,25,2325,2071,0,0,1,0,0,1,3,0,0,1,4396,1.122104247104247,2805,0,1,0,0,1,0
18730,80,64289,94642,0,0,0,0,1,0,3,0,0,1,158931,0.6792789746732458,18650,0,1,0,0,1,0
37632,3306,28413,84367,0,0,0,0,1,0,3,0,0,1,112780,0.33677460648587143,34326,0,0,0,0,1,0
37429,80,24244,98257,0,0,0,0,1,0,3,0,0,1,122501,0.24673817907956605,37349,0,1,0,0,1,0
53737,25,2825,2356,0,0,1,0,0,1,3,0,0,1,5181,1.1985574883326262,53712,0,1,1,0,1,0
53,443,16101,4946,0,0,1,0,1,0,4,0,0,1,21047,3.2546998180715585,390,1,1,0,0,1,1
54569,22,3262,12574,0,0,0,0,0,1,4,0,0,1,15836,0.25940357852882706,54547,0,1,1,0,1,0
61313,443,47626,198165,1,0,0,0,1,0,4,0,0,1,245791,0.24033386151004713,60870,0,1,1,0,1,0
80,443,11071,33701,1,0,1,0,1,0,4,0,0,1,44772,0.32849682511423656,363,1,1,0,0,1,1
45748,443,9592,20006,0,0,1,0,1,0,5,0,0,1,29598,0.47943219873044435,45305,0,1,0,0,1,0
35504,443,1882,6743,0,0,0,0,1,0,5,0,0,1,8625,0.2790628706998814,35061,0,1,0,0,1,0
8179,1433,113931,375975,0,0,1,0,1,0,5,0,0,1,489906,0.30302732089282297,6746,0,0,0,0,1,0
43310,3306,14563,11028,0,0,1,0,1,0,6,0,0,0,25591,1.3204279626439388,40004,0,0,0,0,1,0
7451,1433,25315,5647,0,0,0,0,1,0,6,0,0,0,30962,4.482117563739377,6018,0,0,0,0,1,0
3389,443,6790,8400,1,0,0,0,1,0,6,0,0,0,15190,0.8082371146292108,2946,0,1,0,0,1,1
52445,3306,1570,2204,0,0,1,0,0,1,6,0,0,0,3774,0.7120181405895691,49139,0,0,1,0,1,0
2928,53,9408,38893,0,0,0,0,1,0,6,0,0,0,48301,0.2418882089782486,2875,0,1,0,0,1,0
2501,443,12155,16099,1,0,0,0,0,1,6,0,0,0,28254,0.7549689440993789,2058,0,1,0,0,1,0
18468,443,35186,102702,0,0,1,1,0,0,6,0,0,0,137888,0.34259953458029463,18025,0,1,0,0,1,0
39204,443,12480,25541,0,0,0,0,0,1,7,0,0,0,38021,0.4886070002349072,38761,0,1,0,0,1,0
22181,37203,6978,9407,0,0,1,0,1,0,7,0,0,0,16385,0.7417091836734694,15022,0,0,0,0,0,0
8728,3389,1987,5891,0,0,1,0,0,1,7,0,0,0,7878,0.33723693143245076,5339,0,0,0,0,1,0
62849,1433,23802,44834,1,0,1,0,1,0,7,0,0,0,68636,0.5308798929407829,61416,0,0,1,0,1,0
38440,1433,6157,24965,0,0,1,0,1,0,7,0,0,0,31122,0.24661539693983817,37007,0,0,0,0,1,0
21926,44991,182278,303737,0,0,0,0,1,0,7,0,0,0,486015,0.6001158893520073,23065,0,0,0,0,0,0
14690,80,28007,12630,0,0,1,0,1,0,7,0,0,0,40637,2.217322460612778,14610,0,1,0,0,1,0
36591,21,54141,87941,1,0,0,1,0,0,8,0,0,0,142082,0.6156444019922221,36570,0,1,0,0,1,0
53967,25,14793,42771,0,0,0,0,1,0,8,0,0,0,57564,0.345857102777518,53942,0,1,1,0,1,0
11452,445,30395,121091,0,0,1,0,1,0,8,0,0,0,151486,0.25100749843094505,11007,0,1,0,0,1,0
51615,22,5296,14724,0,0,0,0,1,0,8,0,0,0,20020,0.359660441426146,51593,0,1,1,0,1,0
3389,25,3343,6477,1,0,0,1,0,0,8,0,0,0,9820,0.5160543377585675,3364,0,1,0,0,1,1
11324,3306,22566,27281,0,0,1,0,1,0,8,0,0,0,49847,0.8271387728172421,8018,0,0,0,0,1,0
53493,25,54864,24648,0,0,1,0,1,0,8,0,0,0,79512,2.2258103777029494,53468,0,1,1,0,1,0
80,445,979,3589,0,0,0,0,1,0,8,0,0,0,4568,0.2727019498607242,365,1,1,0,0,1,1
19262,1433,9911,17013,0,0,1,0,1,0,9,0,0,0,26924,0.5825202774185965,17829,0,0,0,0,1,0
25,3306,419741,1737166,0,0,1,0,1,0,9,0,0,0,2156907,0.24162386229994007,3281,1,0,0,0,1,1
19564,1433,47418,62043,0,0,1,0,1,0,9,0,0,0,109461,0.764264070659532,18131,0,0,0,0,1,0
22,1433,257875,587792,0,0,1,0,0,1,10,0,0,0,845667,0.4387173715916998,1411,1,0,0,0,1,1
2870,80,7986,29250,0,0,0,0,1,0,10,0,0,0,37236,0.2730163071347988,2790,0,1,0,0,1,0
445,443,10586,39180,0,0,1,0,1,0,10,0,0,0,49766,0.27018197595773463,2,1,1,0,0,1,1
16390,445,103442,177408,1,0,1,0,1,0,11,0,0,0,280850,0.5830707574023866,15945,0,1,0,0,1,0
13895,53,59732,178015,0,0,1,0,0,1,11,0,0,0,237747,0.33554287255078197,13842,0,1,0,0,1,0
80,3306,18939,29614,0,0,0,1,0,0,11,0,0,0,48553,0.6395070065845011,3226,1,0,0,0,1,1
80,80,2921,958,0,1,1,0,1,0,11,0,0,0,3879,3.045881126173097,0,1,1,0,0,1,1
15112,443,140219,200184,0,0,0,0,0,1,11,0,0,0,340403,0.7004470864450384,14669,0,1,0,0,1,0
44912,13907,1222446,4039047,0,0,1,0,1,0,11,0,0,0,5261493,0.3026569627298314,31005,0,0,0,0,0,0
38058,21,1781,2513,0,0,0,0,1,0,11,0,0,0,4294,0.7084327764518695,38037,0,1,0,0,1,0
37291,445,208103,637546,1,0,1,0,1,0,12,0,0,0,845649,0.326412013545668,36846,0,1,0,0,1,0
59424,445,10412,8410,0,0,0,0,1,0,12,0,0,0,18822,1.2379027464035193,58979,0,1,1,0,1,0
25178,22,12918,6428,1,0,0,0,1,0,13,0,0,0,19346,2.00933271115259,25156,0,1,0,0,1,0
3879,18283,33908,2868,0,0,1,0,1,0,13,0,0,0,36776,11.818752178459393,14404,0,0,0,0,0,0
50770,3389,3200,1188,0,0,1,0,0,1,13,0,0,0,4388,2.6913372582001682,47381,0,0,1,0,1,0
6411,1433,20755,68189,0,0,0,0,1,0,13,0,0,0,88944,0.30437014224959674,4978,0,0,0,0,1,0
53,445,1672,4147,0,0,1,0,1,0,14,0,0,0,5819,0.4030858244937319,392,1,1,0,0,1,1
22821,3306,47180,90182,1,0,1,0,1,0,14,0,0,0,137362,0.5231584666733198,19515,0,0,0,0,1,0
3389,22,785405,2827207,1,0,1,0,1,0,14,0,0,0,3612612,0.27780234068381243,3367,0,1,0,0,1,1
30216,443,7916,8143,0,0,1,1,0,0,14,0,0,0,16059,0.9720039292730844,29773,0,1,0,0,1,0
57672,3389,16814,65702,0,0,0,0,1,0,15,0,0,0,82516,0.25590916700911676,54283,0,0,1,0,1,0
20312,445,18193,69572,0,0,1,0,0,1,15,0,0,0,87765,0.26149512023342386,19867,0,1,0,0,1,0
65112,445,106761,443061,0,0,1,0,1,0,15,0,0,0,549822,0.2409617615593303,64667,0,1,1,0,1,0
80,53,42146,15614,0,0,0,0,1,0,15,0,0,0,57760,2.6990714056996477,27,1,1,0,0,1,1
61342,3306,96043,80892,0,0,1,0,1,0,15,0,0,0,176935,1.187284437466777,58036,0,0,1,0,1,0
10078,443,9798,39740,0,0,0,0,1,0,15,0,0,0,49538,0.2465463878614026,9635,0,1,0,0,1,0
50191,80,44077,63868,0,0,1,0,1,0,15,0,0,0,107945,0.690115705584869,50111,0,1,1,0,1,0
64467,21,100,10,0,0,0,0,1,0,15,0,0,0,110,9.090909090909092,64446,0,1,1,0,1,0
62555,3306,64083,245836,0,1,1,0,1,0,16,0,0,0,309919,0.26067272216956766,59249,0,0,1,0,1,0
37953,445,3138,5120,1,0,0,0,1,0,16,0,0,0,8258,0.6127709431751611,37508,0,1,0,0,1,0
46012,21,13040,11643,0,0,1,0,1,0,16,0,0,0,24683,1.1198900721401581,45991,0,1,0,0,1,0
25,3389,72576,106646,0,0,0,0,1,0,16,0,0,0,179222,0.6805254718838786,3364,1,0,0,0,1,1
60992,3306,1886,6350,0,0,1,0,1,0,16,0,0,0,8236,0.2969611084868525,57686,0,0,1,0,1,0
40485,22,125881,95279,0,0,0,0,1,0,16,0,0,0,221160,1.3211691855583543,40463,0,1,0,0,1,0
3061,25,18053,64221,1,0,1,0,1,0,17,0,0,0,82274,0.28110304879947684,3036,0,1,0,0,1,0
9142,21,225254,441445,1,0,1,0,1,0,17,0,0,0,666699,0.5102639960493469,9121,0,1,0,0,1,0
37697,445,5194,17822,0,0,0,0,0,1,17,0,0,0,23016,0.2914211973292936,37252,0,1,0,0,1,0
29655,443,1211,1470,0,0,1,0,0,1,17,0,0,0,2681,0.82324949014276,29212,0,1,0,0,1,0
58348,21,21029,18471,0,0,1,0,1,0,17,0,0,0,39500,1.1384257254222607,58327,0,1,1,0,1,0
22,53,56349,56844,0,0,0,0,1,0,17,0,0,0,113193,0.9912745184273023,31,1,1,0,0,1,1
25300,3389,64440,49431,0,0,1,0,1,0,17,0,0,0,113871,1.3036089982197767,21911,0,0,0,0,1,0
27112,3389,3580,9515,0,0,1,0,1,0,18,0,0,0,13095,0.37620849096258935,23723,0,0,0,0,1,0
443,80,1636,1175,0,0,1,1,0,0,18,0,0,0,2811,1.3911564625850341,363,1,1,0,0,1,1
61202,22,13363,29199,0,0,1,1,0,0,18,0,0,0,42562,0.45763698630136984,61180,0,1,1,0,1,0
53483,445,50327,183279,0,0,1,0,0,1,18,0,0,0,233606,0.27459079004801396,53038,0,1,1,0,1,0
57597,3306,46409,96115,0,0,0,0,1,0,18,0,0,0,142524,0.48284364725956136,54291,0,0,1,0,1,0
34363,80,272502,1105517,0,0,1,0,0,1,19,0,0,0,1378019,0.24649259442180046,34283,0,1,0,0,1,0
1433,8583,12118,16450,0,0,1,0,1,0,19,0,0,0,28568,0.7366117561242478,7150,0,0,0,0,0,1
3389,25,1150,3239,1,0,0,0,0,1,19,0,0,0,4389,0.3549382716049383,3364,0,1,0,0,1,1
18600,443,149442,408304,0,0,0,0,1,0,19,0,0,0,557746,0.3660058044843928,18157,0,1,0,0,1,0
44746,445,30100,98937,0,1,1,0,1,0,20,0,0,0,129037,0.30423093250318384,44301,0,1,0,0,1,0
80,80,34596,3139,0,1,1,0,1,0,20,0,0,0,37735,11.017834394904458,0,1,1,0,0,1,1
34747,443,75157,94414,0,0,0,0,1,0,20,0,0,0,169571,0.7960281734893819,34304,0,1,0,0,1,0
41869,53,166346,402426,0,0,0,0,1,0,21,0,0,0,568772,0.4133569566654325,41816,0,1,0,0,1,0
20889,3306,21229,32473,0,1,1,0,0,1,21,0,0,0,53702,0.6537229783827062,17583,0,0,0,0,1,0
19922,21,144709,134650,0,0,0,0,1,0,21,0,0,0,279359,1.074696808787161,19901,0,1,0,0,1,0
21965,25,53285,47678,0,0,1,0,1,0,22,0,0,1,100963,1.1175779693366052,21940,0,1,0,0,1,0
12349,443,7716,10596,1,0,1,0,1,0,22,0,0,1,18312,0.7281306030008493,11906,0,1,0,0,1,0
36318,80,15166,51908,0,0,1,0,1,0,22,0,0,1,67074,0.29216513514034176,36238,0,1,0,0,1,0
28972,21,59088,198019,0,0,0,1,0,0,22,0,0,1,257107,0.2983941016058984,28951,0,1,0,0,1,0
35578,443,7086,19768,0,0,1,0,1,0,23,0,0,1,26854,0.3584399817896707,35135,0,1,0,0,1,0
80,80,90974,189234,0,1,1,0,1,0,23,0,0,1,280208,0.4807461621793009,0,1,1,0,0,1,1
53926,25,28370,39650,0,0,1,0,0,1,0,1,0,1,68020,0.715492673576959,53901,0,1,1,0,1,0
3389,80,40562,80240,1,1,1,0,0,1,0,1,0,1,120802,0.50550217469872,3309,0,1,0,0,1,1
38617,21,220754,236038,0,0,1,0,1,0,0,1,0,1,456792,0.9352437520918153,38596,0,1,0,0,1,0
53336,1433,38968,13026,0,0,0,0,1,0,1,1,0,1,51994,2.9913257081446227,51903,0,0,1,0,1,0
39088,3306,24692,56223,1,0,1,0,1,0,1,1,0,1,80915,0.43917188389299944,35782,0,0,0,0,1,0
33067,21,19299,67174,0,0,1,0,1,0,1,1,0,1,86473,0.2872943803498325,33046,0,1,0,0,1,0
443,25,17757,54584,0,0,1,0,1,0,1,1,0,1,72341,0.3253091508656224,418,1,1,0,0,1,1
55141,21,36303,49872,0,0,0,1,0,0,2,1,0,1,86175,0.7279088885769855,55120,0,1,1,0,1,0
21,443,195109,691565,0,1,1,0,1,0,2,1,0,1,886674,0.282126362487456,422,1,1,0,0,1,1
20933,80,8276,7502,0,0,1,0,1,0,2,1,0,1,15778,1.1030254564840731,20853,0,1,0,0,1,0
12348,3306,7332,4094,0,0,0,0,1,0,3,1,0,1,11426,1.7904761904761906,9042,0,0,0,0,1,0
11142,22,172140,585853,0,0,0,0,1,0,3,1,0,1,757993,0.2938274723736631,11120,0,1,0,0,1,0
4129,3389,8903,4574,0,0,0,0,0,1,3,1,0,1,13477,1.9460109289617487,740,0,0,0,0,1,0
37617,22,31124,78424,0,0,1,0,1,0,4,1,0,1,109548,0.3968632451386675,37595,0,1,0,0,1,0
39695,443,8545,29737,1,0,1,0,1,0,4,1,0,1,38282,0.2873427937319255,39252,0,1,0,0,1,0
31720,3389,1499,1393,1,0,1,0,1,0,4,1,0,1,2892,1.07532281205165,28331,0,0,0,0,1,0
17158,21,30247,13917,0,0,1,0,1,0,5,1,0,1,44164,2.173228912200029,17137,0,1,0,0,1,0
39811,53,131172,300261,0,0,1,0,0,1,5,1,0,1,431433,0.4368584769301477,39758,0,1,0,0,1,0
55662,443,19944,82812,0,0,0,0,1,0,5,1,0,1,102756,0.24083175346865832,55219,0,1,1,0,1,0
9908,115,163,275,1,1,1,0,1,0,5,1,0,1,438,0.5905797101449275,9793,0,1,0,0,0,0
1358,1433,26226,50312,0,0,1,0,1,0,6,1,0,0,76538,0.5212569316081331,75,0,0,0,0,1,0
23153,1433,6571,3433,0,0,1,0,1,0,6,1,0,0,10004,1.913511939429237,21720,0,0,0,0,1,0
29584,1433,333,627,0,0,0,0,1,0,6,1,0,0,960,0.5302547770700637,28151,0,0,0,0,1,0
34252,29796,19352,30658,0,0,1,0,1,0,6,1,0,0,50010,0.6312012785805147,4456,0,0,0,0,0,0
9739,80,50427,34433,0,0,1,0,0,1,6,1,0,0,84860,1.4644537375849451,9659,0,1,0,0,1,0
3951,3389,144976,470439,0,0,1,0,1,0,6,1,0,0,615415,0.3081710738882748,562,0,0,0,0,1,0
22,80,366211,750272,0,0,1,0,1,0,7,1,0,0,1116483,0.488103663599783,58,1,1,0,0,1,1
11534,25,62411,31011,0,0,1,1,0,0,7,1,0,0,93422,2.012479040371469,11509,0,1,0,0,1,0
53154,3389,98096,248433,0,0,1,0,0,1,7,1,0,0,346529,0.3948573866701015,49765,0,0,1,0,1,0
55461,3389,2820,1891,0,0,1,0,0,1,7,1,0,0,4711,1.4904862579281184,52072,0,0,1,0,1,0
10888,57,14973,49799,0,1,1,0,0,1,8,1,0,0,64772,0.30066265060240965,10831,0,1,0,0,0,0
19148,3389,167338,181253,0,0,1,0,1,0,8,1,0,0,348591,0.9232237633376367,15759,0,0,0,0,1,0
62370,443,12241,12906,0,0,1,0,1,0,8,1,0,0,25147,0.9484000929728055,61927,0,1,1,0,1,0
19862,1433,65555,87001,0,1,0,0,1,0,8,1,0,0,152556,0.7534884255534355,18429,0,0,0,0,1,0
39759,443,55810,215659,0,0,1,0,1,0,8,1,0,0,271469,0.258786979504776,39316,0,1,0,0,1,0
59538,1433,231501,105659,1,0,1,0,0,1,9,1,0,0,337160,2.190999432140829,58105,0,0,1,0,1,0
15762,3389,17295,63498,0,0,0,0,1,0,10,1,0,0,80793,0.2723664939605348,12373,0,0,0,0,1,0
1606,1433,6674,5379,0,0,0,0,1,0,10,1,0,0,12053,1.2405204460966544,173,0,0,0,0,1,0
58642,21,10056,11094,0,0,1,1,0,0,10,1,0,0,21150,0.9063542136097341,58621,0,1,1,0,1,0
56073,445,92491,165614,0,0,0,0,1,0,10,1,0,0,258105,0.5584699453551912,55628,0,1,1,0,1,0
32657,3389,1020,3863,0,0,0,0,1,0,10,1,0,0,4883,0.2639751552795031,29268,0,0,0,0,1,0
443,80,182,724,1,0,1,0,1,0,10,1,0,0,906,0.25103448275862067,363,1,1,0,0,1,1
3394,80,92115,203218,0,0,1,0,1,0,11,1,0,0,295333,0.4532794669789734,3314,0,1,0,0,1,0
80,3389,34190,124303,0,0,1,0,1,0,11,1,0,0,158493,0.2750514866778221,3309,1,0,0,0,1,1
80,443,22686,2184,0,0,1,0,0,1,11,1,0,0,24870,10.382608695652173,363,1,1,0,0,1,1
45107,445,2727,9538,0,0,1,0,1,0,12,1,0,0,12265,0.28587902295838136,44662,0,1,0,0,1,0
22,80,1428,1573,0,0,1,0,0,1,12,1,0,0,3001,0.9072426937738246,58,1,1,0,0,1,1
6052,80,7980,17201,0,0,0,0,1,0,12,1,0,0,25181,0.463899546564353,5972,0,1,0,0,1,0
9910,3389,39289,75762,0,0,1,0,1,0,12,1,0,0,115051,0.5185776698388396,6521,0,0,0,0,1,0
45937,443,8628,32149,0,0,1,0,1,0,12,1,0,0,40777,0.2683670295489891,45494,0,1,0,0,1,0
3389,50293,92981,305443,0,0,1,0,1,0,12,1,0,0,398424,0.3044125928157044,46904,0,0,0,1,0,1
52968,3306,599818,1944452,1,1,1,1,0,0,12,1,0,0,2544270,0.308476471274955,49662,0,0,1,0,1,0
59407,3389,9595,21080,0,0,1,0,1,0,12,1,0,0,30675,0.45514918647123004,56018,0,0,1,0,1,0
44660,443,67854,32849,0,0,0,1,0,0,12,1,0,0,100703,2.065570776255708,44217,0,1,0,0,1,0
22057,443,12051,25120,0,1,1,1,0,0,13,1,0,0,37171,0.4797181640858246,21614,0,1,0,0,1,0
13317,37064,13046,37815,0,0,0,1,0,0,13,1,0,0,50861,0.344986249206685,23747,0,0,0,0,0,0
2682,443,7866,28922,0,0,1,0,1,0,13,1,0,0,36788,0.2719634892645991,2239,0,1,0,0,1,0
60857,80,5847,9703,0,0,0,0,0,1,13,1,0,0,15550,0.6025350370981039,60777,0,1,1,0,1,0
35529,25,38819,129868,0,0,0,0,1,0,13,1,0,0,168687,0.2989089005074344,35504,0,1,0,0,1,0
39633,445,47759,137992,0,0,1,0,1,0,13,1,0,0,185751,0.34609726580333783,39188,0,1,0,0,1,0
22,445,31679,88199,0,0,1,0,1,0,13,1,0,0,119878,0.35917233560090706,423,1,1,0,0,1,1
43609,80,8218,7621,0,0,1,0,0,1,13,1,0,0,15839,1.0781946995539229,43529,0,1,0,0,1,0
445,445,15956,33232,0,0,1,0,1,0,13,1,0,0,49188,0.48012517678211414,0,1,1,0,0,1,1
47939,443,283083,90916,0,0,1,0,1,0,14,1,0,0,373999,3.1136421131361574,47496,0,1,0,0,1,0
61627,445,2267,3342,0,0,0,0,1,0,14,1,0,0,5609,0.6781334131020041,61182,0,1,1,0,1,0
41401,80,450190,842801,0,0,0,0,1,0,14,1,0,0,1292991,0.5341586754658864,41321,0,1,0,0,1,0
80,443,25836,76538,0,0,0,0,1,0,14,1,0,0,102374,0.3375534041469055,363,1,1,0,0,1,1
22,21,16511,21750,0,0,0,0,0,1,15,1,0,0,38261,0.7590915360213324,1,1,1,0,0,1,1
3849,25,101255,163706,0,0,1,0,1,0,15,1,0,0,264961,0.618513563867153,3824,0,1,0,0,1,0
28164,21,806,2291,0,0,1,0,0,1,15,1,0,0,3097,0.35165794066317624,28143,0,1,0,0,1,0
27220,21,200488,501452,0,0,1,0,1,0,15,1,0,0,701940,0.3998141401088437,27199,0,1,0,0,1,0
48124,22,430353,808941,0,0,0,1,0,0,15,1,0,0,1239294,0.5319948772594327,48102,0,1,0,0,1,0
3306,22,125587,354437,0,0,0,0,1,0,15,1,0,0,480024,0.3543271319666627,3284,0,1,0,0,1,1
63079,3389,762,2640,0,0,1,0,1,0,15,1,0,0,3402,0.2885270730783794,59690,0,0,1,0,1,0
80,443,74807,79421,0,0,1,0,1,0,16,1,0,0,154228,0.9418926745737957,363,1,1,0,0,1,1
54040,445,306691,122560,0,0,1,0,1,0,16,1,0,0,429251,2.5023539298798148,53595,0,1,1,0,1,0
21,53,259989,57255,0,0,1,0,0,1,16,1,0,0,317244,4.540816682967724,32,1,1,0,0,1,1
19957,1433,2314,6203,0,0,1,0,1,0,16,1,0,0,8517,0.37298517085751126,18524,0,0,0,0,1,0
80,3306,111990,16340,0,0,1,0,0,1,16,1,0,0,128330,6.853313750688453,3226,1,0,0,0,1,1
62024,1433,389614,228522,0,0,1,0,0,1,16,1,0,0,618136,1.7049224804505454,60591,0,0,1,0,1,0
49362,21,23089,25840,1,0,1,0,1,0,16,1,0,0,48929,0.8935025734298209,49341,0,1,1,0,1,0
27382,21,2155,2352,0,0,0,0,1,0,17,1,0,0,4507,0.9158521036974075,27361,0,1,0,0,1,0
34141,443,82937,173584,0,0,1,0,1,0,17,1,0,0,256521,0.47778897946251114,33698,0,1,0,0,1,0
49068,445,118916,207440,0,0,1,0,1,0,17,1,0,0,326356,0.5732521536244041,48623,0,1,0,0,1,0
49909,80,17628,3075,0,0,1,0,1,0,17,1,0,0,20703,5.730819245773732,49829,0,1,1,0,1,0
49413,53,3277,11675,0,0,0,1,0,0,17,1,0,0,14952,0.28066118533744433,49360,0,1,1,0,1,0
12855,443,105978,434694,1,0,1,0,1,0,18,1,0,0,540672,0.24379852540286867,12412,0,1,0,0,1,0
12168,21,6437,11307,0,0,1,0,1,0,18,1,0,0,17744,0.569243013795543,12147,0,1,0,0,1,0
40319,445,41595,121221,0,0,0,0,1,0,18,1,0,0,162816,0.34313078484103543,39874,0,1,0,0,1,0
64273,445,266483,1110969,0,0,0,0,1,0,18,1,0,0,1377452,0.2398651628756852,63828,0,1,1,0,1,0
4917,22,1549,5196,1,0,0,0,0,1,20,1,0,0,6745,0.2980565710987108,4895,0,1,0,0,1,0
54686,445,94129,239488,0,0,1,0,0,1,20,1,0,0,333617,0.3930410164976262,54241,0,1,1,0,1,0
443,21,15826,16104,0,0,0,0,1,0,20,1,0,0,31930,0.9826761875194039,422,1,1,0,0,1,1
15579,1433,16497,13271,0,0,0,0,0,1,20,1,0,0,29768,1.242992766726944,14146,0,0,0,0,1,0
80,443,50156,18532,0,0,0,0,1,0,20,1,0,0,68688,2.70630766740409,363,1,1,0,0,1,1
31120,445,6411,10213,0,0,0,0,1,0,20,1,0,0,16624,0.6276679067945956,30675,0,1,0,0,1,0
64878,21,3360,10642,0,0,0,0,1,0,21,1,0,0,14002,0.31570046039650473,64857,0,1,1,0,1,0
38681,22,1268,1414,0,0,1,0,0,1,21,1,0,0,2682,0.896113074204947,38659,0,1,0,0,1,0
33261,25,158074,44926,0,0,1,0,1,0,21,1,0,0,203000,3.5184632848843678,33236,0,1,0,0,1,0
42091,443,12152,47736,0,0,1,0,1,0,21,1,0,0,59888,0.25456145128516666,41648,0,1,0,0,1,0
80,1433,54825,194202,0,0,1,0,1,0,21,1,0,0,249027,0.28230768834673,1353,1,0,0,0,1,1
48255,3389,10137,35540,0,0,0,0,1,0,21,1,0,0,45677,0.2852198868911961,44866,0,0,0,0,1,0
45806,3389,3432,8887,0,0,1,0,0,1,21,1,0,0,12319,0.38613861386138615,42417,0,0,0,0,1,0
29573,1433,62548,214242,0,0,0,0,1,0,21,1,0,0,276790,0.2919488618064534,28140,0,0,0,0,1,0
49316,13522,37225,72212,0,0,0,0,1,0,21,1,0,0,109437,0.5154889008904214,35794,0,0,1,0,0,0
6377,80,15077,42603,0,0,0,0,1,0,22,1,0,1,57680,0.35388695897098865,6297,0,1,0,0,1,0
40811,25,35704,147757,0,0,0,0,1,0,22,1,0,1,183461,0.24163835460685715,40786,0,1,0,0,1,0
1258,21,4737,15569,0,0,1,0,1,0,22,1,0,1,20306,0.3042389210019268,1237,0,1,0,0,1,0
25,3306,120205,366944,1,0,1,0,1,0,22,1,0,1,487149,0.32758315278856504,3281,1,0,0,0,1,1
6478,32811,174177,659866,0,0,0,0,1,0,22,1,0,1,834043,0.2639577369378981,26333,0,0,0,0,0,0
65438,22,74227,289483,1,0,1,0,1,0,23,1,0,1,363710,0.25641140788437355,65416,0,1,1,0,1,0
5769,80,12146,5883,0,0,1,0,1,0,23,1,0,1,18029,2.0642420122365737,5689,0,1,0,0,1,0
445,53,24220,60169,0,0,1,0,1,0,23,1,0,1,84389,0.4025261758351338,392,1,1,0,0,1,1
41013,80,271071,46099,0,0,0,0,1,0,23,1,0,1,317170,5.880065075921909,40933,0,1,0,0,1,0
7231,53,171076,15879,0,0,1,0,1,0,23,1,0,1,186955,10.773047858942066,7178,0,1,0,0,1,0
55545,22,535090,1297054,0,0,0,0,1,0,0,2,0,1,1832144,0.41254225919486837,55523,0,1,1,0,1,0
48358,22,6318,21314,1,0,0,0,1,0,0,2,0,1,27632,0.29641097818437717,48336,0,1,0,0,1,0
34335,443,5473,8560,0,0,1,0,1,0,0,2,0,1,14033,0.6392944749445159,33892,0,1,0,0,1,0
31601,1433,27309,50550,0,0,1,0,0,1,0,2,0,1,77859,0.5402267017467508,30168,0,0,0,0,1,0
59679,53,42236,122458,0,0,1,0,1,0,0,2,0,1,164694,0.34489910908957283,59626,0,1,1,0,1,0
21,443,17541,70257,0,0,1,0,0,1,0,2,0,1,87798,0.2496655185174642,422,1,1,0,0,1,1
9920,80,11807,38705,0,0,1,0,0,1,1,2,0,1,50512,0.3050431457655144,9840,0,1,0,0,1,0
63513,22,167348,597552,0,0,1,0,1,0,1,2,0,1,764900,0.28005549298555943,63491,0,1,1,0,1,0
25043,25,19050,40147,0,0,0,0,1,0,2,2,0,1,59197,0.4744943708279366,25018,0,1,0,0,1,0
443,21,3151,6159,0,0,1,0,1,0,2,2,0,1,9310,0.511525974025974,422,1,1,0,0,1,1
20881,3306,3791,9136,0,0,0,0,1,0,2,2,0,1,12927,0.4149064244281493,17575,0,0,0,0,1,0
80,21,32705,29822,0,0,1,0,0,1,2,2,0,1,62527,1.096636823927841,59,1,1,0,0,1,1
36654,443,2687827,7953827,0,0,1,0,0,1,3,2,0,1,10641654,0.33792873066905643,36211,0,1,0,0,1,0
35304,1433,4621,4878,0,0,1,0,1,0,3,2,0,1,9499,0.9471203115392498,33871,0,0,0,0,1,0
7858,445,13309,25166,0,0,0,0,1,0,3,2,0,1,38475,0.5288274327492352,7413,0,1,0,0,1,0
18320,443,1032700,1309215,0,0,1,1,0,0,3,2,0,1,2341915,0.7887926820326058,17877,0,1,0,0,1,0
63735,53,10149,42095,1,0,0,0,1,0,4,2,0,1,52244,0.24109179019384264,63682,0,1,1,0,1,0
60710,443,45649,118757,1,0,1,0,0,1,4,2,0,1,164406,0.384386736051466,60267,0,1,1,0,1,0
25,25,443058,40694,0,0,1,0,1,0,4,2,0,1,483752,10.887283450055289,0,1,1,0,0,1,1
19486,3306,4806,13371,0,0,1,0,1,0,4,2,0,1,18177,0.35940771761890516,16180,0,0,0,0,1,0
25079,25,13429,44523,1,0,1,0,1,0,4,2,0,1,57952,0.30161261342197465,25054,0,1,0,0,1,0
65049,53,10147,35041,0,0,1,0,1,0,4,2,0,1,45188,0.28956680554762854,64996,0,1,1,0,1,0
44628,80,1941,757,0,0,1,0,1,0,4,2,0,1,2698,2.5606860158311346,44548,0,1,0,0,1,0
40856,80,271301,942190,0,0,0,0,1,0,5,2,0,1,1213491,0.2879469237129202,40776,0,1,0,0,1,0
46474,25,8633,33860,0,0,1,0,1,0,5,2,0,1,42493,0.25495407696169636,46449,0,1,0,0,1,0
443,21,5420,19384,0,0,1,0,1,0,5,2,0,1,24804,0.2795976270312097,422,1,1,0,0,1,1
1199,22,10817,7819,0,0,1,0,1,0,5,2,0,1,18636,1.3832480818414323,1177,0,1,0,0,1,0
52782,3306,97356,289239,0,0,1,0,1,0,5,2,0,1,386595,0.3365924491771539,49476,0,0,1,0,1,0
30284,445,26387,43676,0,0,0,0,1,0,5,2,0,1,70063,0.6041394784440324,29839,0,1,0,0,1,0
12647,3389,6206,20015,0,0,1,0,1,0,5,2,0,1,26221,0.3100519584332534,9258,0,0,0,0,1,0
42691,21,42388,85644,0,0,1,0,1,0,6,2,0,0,128032,0.4949267324420573,42670,0,1,0,0,1,0
80,80,80833,220912,0,1,1,0,1,0,6,2,0,0,301745,0.365904224740056,0,1,1,0,0,1,1
54599,37698,21204,82040,0,0,0,0,1,0,6,2,0,0,103244,0.25845613778476617,16901,0,0,1,0,0,0
5084,80,15129,62113,0,0,1,0,1,0,6,2,0,0,77242,0.24356827768297,5004,0,1,0,0,1,0
40598,53,111904,328073,1,0,1,0,1,0,7,2,0,0,439977,0.3410937776233411,40545,0,1,0,0,1,0
54237,1433,16536,67836,0,0,0,0,1,0,7,2,0,0,84372,0.24376077951560357,52804,0,0,1,0,1,0
5495,3389,288689,459392,1,0,0,0,1,0,7,2,0,0,748081,0.6284140158861803,2106,0,0,0,0,1,0
30859,21,6553,12937,0,0,1,0,1,0,7,2,0,0,19490,0.5064925027052095,30838,0,1,0,0,1,0
10343,21,6314,13608,0,0,1,0,0,1,7,2,0,0,19922,0.4639576750679697,10322,0,1,0,0,1,0
3389,3389,5187,19068,0,1,0,0,1,0,8,2,0,0,24255,0.2720121663432797,0,0,0,0,0,1,1
25,1433,15030,12133,0,0,1,0,1,0,8,2,0,0,27163,1.238668205043679,1408,1,0,0,0,1,1
4320,1433,22114,9686,0,0,0,0,0,1,8,2,0,0,31800,2.282853308557861,2887,0,0,0,0,1,0
12480,1433,2641,1218,0,0,0,0,1,0,8,2,0,0,3859,2.166529942575882,11047,0,0,0,0,1,0
1433,22,25714,19630,0,0,1,0,0,1,8,2,0,0,45344,1.3098670470174725,1411,0,1,0,0,1,1
3306,3306,54424,46813,0,0,0,0,1,0,8,2,0,0,101237,1.162558209082753,0,0,0,0,0,1,1
23481,443,2111,5708,0,0,0,0,1,0,9,2,0,0,7819,0.3697670345069189,23038,0,1,0,0,1,0
80,19531,9567,14922,0,0,1,0,1,0,9,2,0,0,24489,0.6410909334584199,19451,1,0,0,0,0,1
21,3389,54610,176536,0,0,1,0,1,0,9,2,0,0,231146,0.30934025161864087,3368,1,0,0,0,1,1
44277,21,3854,9931,0,0,1,0,1,0,10,2,0,0,13785,0.38803866290777284,44256,0,1,0,0,1,0
46652,443,13285,53120,0,0,1,0,1,0,10,2,0,0,66405,0.25008941849739275,46209,0,1,0,0,1,0
39938,80,125629,356719,0,1,0,0,1,0,10,2,0,0,482348,0.35217817896389325,39858,0,1,0,0,1,0
61421,22,389372,1450951,0,0,1,0,0,1,10,2,0,0,1840323,0.26835622405151927,61399,0,1,1,0,1,0
17681,21,44527,63290,0,0,1,0,1,0,10,2,0,0,107817,0.7035281477619251,17660,0,1,0,0,1,0
20244,445,16801,46103,0,0,0,0,1,0,10,2,0,0,62904,0.3644152351205969,19799,0,1,0,0,1,0
41283,443,9875,29876,0,0,1,0,1,0,10,2,0,0,39751,0.33052180607156006,40840,0,1,0,0,1,0
1433,3306,94580,154985,0,0,1,0,1,0,10,2,0,0,249565,0.6102486676215916,1873,0,0,0,0,1,1
48449,53,135056,442086,0,0,0,0,1,0,11,2,0,0,577142,0.30549642943583505,48396,0,1,0,0,1,0
47824,53,3462,2877,0,0,1,0,1,0,11,2,0,0,6339,1.2029186935371785,47771,0,1,0,0,1,0
47698,443,94530,222968,0,0,1,0,1,0,12,2,0,0,317498,0.42396028147410625,47255,0,1,0,0,1,0
38317,53,8339,25033,1,0,0,0,1,0,12,2,0,0,33372,0.33310697451466004,38264,0,1,0,0,1,0
50873,80,5567,581,0,0,1,0,0,1,12,2,0,0,6148,9.565292096219931,50793,0,1,1,0,1,0
9652,53,17225,51944,0,0,0,0,1,0,12,2,0,0,69169,0.33160073154297814,9599,0,1,0,0,1,0
64023,21,107643,28008,1,0,0,0,1,0,13,2,0,0,135651,3.8431575564996967,64002,0,1,1,0,1,0
41759,3306,36136,100444,0,0,0,0,1,0,13,2,0,0,136580,0.35975907212902586,38453,0,0,0,0,1,0
36718,3306,34604,62881,0,0,0,0,1,0,13,2,0,0,97485,0.5503005629591934,33412,0,0,0,0,1,0
61717,3306,38712,121337,0,0,0,0,1,0,13,2,0,0,160049,0.3190426741828611,58411,0,0,1,0,1,0
14562,445,46548,112027,1,0,1,0,1,0,14,2,0,0,158575,0.41550326704038276,14117,0,1,0,0,1,0
38662,1433,18349,54094,0,0,0,0,0,1,14,2,0,0,72443,0.3391995563360754,37229,0,0,0,0,1,0
63855,80,60537,169771,0,0,1,0,1,0,14,2,0,0,230308,0.35657823433781777,63775,0,1,1,0,1,0
52617,21,7665,2770,0,1,1,0,1,0,15,2,0,0,10435,2.766149404547095,52596,0,1,1,0,1,0
29943,80,62418,180853,0,1,1,0,1,0,15,2,0,0,243271,0.3451292202550123,29863,0,1,0,0,1,0
32823,1433,86783,145574,0,0,0,0,1,0,15,2,0,0,232357,0.5961394470204362,31390,0,0,0,0,1,0
3306,1433,67414,216816,0,0,1,0,1,0,16,2,0,0,284230,0.3109258037884483,1873,0,0,0,0,1,1
18322,445,73250,163952,1,0,1,0,1,0,16,2,0,0,237202,0.4467743804626936,17877,0,1,0,0,1,0
51998,3306,46341,145964,0,0,1,0,1,0,16,2,0,0,192305,0.317480217860446,48692,0,0,1,0,1,0
3690,80,143991,120436,0,0,1,0,1,0,16,2,0,0,264427,1.195571128473808,3610,0,1,0,0,1,0
3389,22,581,1396,0,0,0,0,1,0,16,2,0,0,1977,0.41589119541875447,3367,0,1,0,0,1,1
22,21,86335,317711,0,0,1,0,1,0,16,2,0,0,404046,0.2717398146749257,1,1,1,0,0,1,1
53,1433,519557,1883139,0,0,0,0,1,0,16,2,0,0,2402696,0.2758992958569198,1380,1,0,0,0,1,1
10590,3389,8143,18184,0,0,1,0,1,0,17,2,0,0,26327,0.44778663733846574,7201,0,0,0,0,1,0
35493,21,6809,3501,0,0,1,0,1,0,17,2,0,0,10310,1.9443175328383782,35472,0,1,0,0,1,0
8765,1433,172492,88965,0,0,0,0,1,0,17,2,0,0,261457,1.9388530449834769,7332,0,0,0,0,1,0
34631,25,5000,19110,1,0,1,0,1,0,17,2,0,0,24110,0.2616294280780702,34606,0,1,0,0,1,0
43689,80,7579,1334,0,0,0,0,1,0,17,2,0,0,8913,5.677153558052434,43609,0,1,0,0,1,0
56292,32671,28909,91483,0,0,1,0,1,0,17,2,0,0,120392,0.31600061212889685,23621,0,0,1,0,0,0
22936,445,83284264,83814235,0,1,1,0,0,1,18,2,0,0,167098499,0.9936768259750051,22491,0,1,0,0,1,0
3389,21,89325,277052,0,0,0,0,1,0,18,2,0,0,366377,0.3224112353953937,3368,0,1,0,0,1,1
46296,80,6214,5001,0,0,1,0,0,1,18,2,0,0,11215,1.2423030787684926,46216,0,1,0,0,1,0
30338,3389,39222,132594,0,0,0,0,1,0,18,2,0,0,171816,0.2958030091632414,26949,0,0,0,0,1,0
37942,22,34723,67472,0,0,0,0,1,0,19,2,0,0,102195,0.5146206630800468,37920,0,1,0,0,1,0
25,443,315596,634330,0,0,0,0,1,0,19,2,0,0,949926,0.4975257397163311,418,1,1,0,0,1,1
443,443,142127,298674,0,1,1,0,1,0,19,2,0,0,440801,0.475858374487319,0,1,1,0,0,1,1
56318,25,9440,29855,0,0,0,1,0,0,19,2,0,0,39295,0.3161843515541265,56293,0,1,1,0,1,0
3321,3389,2912,3076,0,1,1,0,1,0,19,2,0,0,5988,0.9463763405914852,68,0,0,0,0,1,0
51210,3389,84183,233555,0,0,1,0,1,0,19,2,0,0,317738,0.3604403226635154,47821,0,0,1,0,1,0
41116,3389,7743,28710,0,0,1,0,1,0,20,2,0,0,36453,0.2696875761903103,37727,0,0,0,0,1,0
31601,445,12873,32538,0,0,0,0,1,0,20,2,0,0,45411,0.39561756661237285,31156,0,1,0,0,1,0
17274,1433,4041,1581,0,0,1,0,1,0,20,2,0,0,5622,2.5543615676359037,15841,0,0,0,0,1,0
22482,3389,65278,36346,0,0,0,0,1,0,21,2,0,0,101624,1.7959666547445456,19093,0,0,0,0,1,0
1052,3306,7829,32529,0,0,1,0,1,0,21,2,0,0,40358,0.2406701506301875,2254,0,0,0,0,1,0
52824,445,20825,80799,1,0,1,0,0,1,21,2,0,0,101624,0.25773514851485146,52379,0,1,1,0,1,0
14604,80,21349,11654,1,0,1,0,1,0,21,2,0,0,33003,1.8317460317460317,14524,0,1,0,0,1,0
3306,3306,29545,119070,0,0,1,0,1,0,21,2,0,0,148615,0.2481292674118803,0,0,0,0,0,1,1
20361,445,63488,211011,0,0,1,0,1,0,22,2,0,1,274499,0.30087388394972797,19916,0,1,0,0,1,0
48783,1433,14935,21864,0,0,1,1,0,0,22,2,0,1,36799,0.6830551109078435,47350,0,0,0,0,1,0
25,80,6725,14499,0,0,1,0,1,0,22,2,0,1,21224,0.46379310344827585,55,1,1,0,0,1,1
3306,3389,1124,3910,0,0,1,0,1,0,22,2,0,1,5034,0.2873945282536436,83,0,0,0,0,1,1
51156,25,25957,93561,1,0,0,1,0,0,23,2,0,1,119518,0.2774310083153417,51131,0,1,1,0,1,0
40508,53,17133,49481,0,0,1,0,1,0,23,2,0,1,66614,0.34624712016490844,40455,0,1,0,0,1,0
11704,53,7067,26839,1,0,1,0,1,0,0,3,0,1,33906,0.263301043219076,11651,0,1,0,0,1,0
3389,1433,24345,30049,0,0,1,0,1,0,0,3,0,1,54394,0.8101497504159734,1956,0,0,0,0,1,1
42429,80,86644,130591,0,0,1,0,0,1,0,3,0,1,217235,0.6634709629992649,42349,0,1,0,0,1,0
445,25,130485,281713,1,0,1,1,0,0,1,3,0,1,412198,0.4631825184406881,420,1,1,0,0,1,1
11703,53,1888,1454,0,0,0,0,0,1,1,3,0,1,3342,1.2975945017182131,11650,0,1,0,0,1,0
6269,3306,12364,50026,0,0,1,0,1,0,2,3,0,1,62390,0.2471465408679313,2963,0,0,0,0,1,0
42712,53,102502,41191,0,0,1,0,1,0,2,3,0,1,143693,2.488395805010682,42659,0,1,0,0,1,0
21,25,283131,1142180,0,0,1,0,1,0,2,3,0,1,1425311,0.24788628072083146,4,1,1,0,0,1,1
443,1433,5957,10445,0,0,1,0,0,1,2,3,0,1,16402,0.5702661305762972,990,1,0,0,0,1,1
53840,53,199848,726288,0,0,1,0,0,1,2,3,0,1,926136,0.2751631926134087,53787,0,1,1,0,1,0
28337,3306,2539,3593,0,0,1,0,1,0,2,3,0,1,6132,0.7064552031163049,25031,0,0,0,0,1,0
29588,21,138310,70563,0,0,0,0,1,0,2,3,0,1,208873,1.9600646221869509,29567,0,1,0,0,1,0
38186,53,14033,35959,0,0,1,0,1,0,3,3,0,1,49992,0.39023915461624026,38133,0,1,0,0,1,0
53,22,268476,1009558,0,0,1,0,1,0,3,3,0,1,1278034,0.26593393749151856,31,1,1,0,0,1,1
13948,445,10483,42644,0,0,1,0,1,0,3,3,0,1,53127,0.24582014304138822,13503,0,1,0,0,1,0
3306,3389,13415,6798,0,0,1,0,1,0,3,3,0,1,20213,1.9730842770995736,83,0,0,0,0,1,1
9772,21,17793,45718,0,0,1,0,1,0,3,3,0,1,63511,0.3891817406329972,9751,0,1,0,0,1,0
34067,21,1883,7117,0,0,1,0,1,0,4,3,0,1,9000,0.2645406012924979,34046,0,1,0,0,1,0
11125,445,1312,4173,1,0,1,0,0,1,4,3,0,1,5485,0.3143267848586488,10680,0,1,0,0,1,0
21061,21,49823,99825,0,0,1,0,0,1,4,3,0,1,149648,0.49909843127041054,21040,0,1,0,0,1,0
1351,3306,107102,299913,0,0,0,0,0,1,4,3,0,1,407015,0.35710903792420495,1955,0,0,0,0,1,0
13442,25,58228,32074,0,0,1,0,1,0,4,3,0,1,90302,1.8153702260327358,13417,0,1,0,0,1,0
64417,25,2962,7178,0,0,1,0,1,0,5,3,0,1,10140,0.41259228304777823,64392,0,1,1,0,1,0
21364,6197,47491,72870,0,1,1,0,1,0,5,3,0,1,120361,0.6517133015877372,15167,0,0,0,0,0,0
47134,25,4517,17061,1,0,0,1,0,0,5,3,0,1,21578,0.2647403586918298,47109,0,1,0,0,1,0
40535,25,42287,88067,0,0,1,0,1,0,5,3,0,1,130354,0.48016305582050234,40510,0,1,0,0,1,0
57793,1433,134602,149589,0,0,1,0,1,0,5,3,0,1,284191,0.8998061367738485,56360,0,0,1,0,1,0
22,80,39653,27920,0,0,1,0,1,0,5,3,0,1,67573,1.4201855234411376,58,1,1,0,0,1,1
2711,21,230880,802416,0,0,1,0,0,1,5,3,0,1,1033296,0.2877306936418346,2690,0,1,0,0,1,0
3389,21,17326,69566,0,0,0,0,1,0,5,3,0,1,86892,0.2490548679690083,3368,0,1,0,0,1,1
33717,80,15574,36997,0,0,0,0,1,0,6,3,0,0,52571,0.4209416725228391,33637,0,1,0,0,1,0
22,53,24532,6099,0,0,1,0,1,0,6,3,0,0,30631,4.0216393442622955,31,1,1,0,0,1,1
64887,445,2570,6580,0,0,0,0,0,1,6,3,0,0,9150,0.39051815833459963,64442,0,1,1,0,1,0
22,3306,11559,5391,0,0,1,0,1,0,7,3,0,0,16950,2.143731454005935,3284,1,0,0,0,1,1
15574,21,13303,44376,0,0,1,0,1,0,7,3,0,0,57679,0.29977240462401694,15553,0,1,0,0,1,0
53,25,13983,30292,0,0,1,0,1,0,7,3,0,0,44275,0.46159178688145774,28,1,1,0,0,1,1
39967,80,33835,71801,1,0,0,0,1,0,7,3,0,0,105636,0.4712264282331968,39887,0,1,0,0,1,0
50817,443,2062,6040,0,0,1,0,1,0,7,3,0,0,8102,0.3413342161893726,50374,0,1,1,0,1,0
62251,3389,3522,3813,0,0,1,0,1,0,8,3,0,0,7335,0.9234399580492921,58862,0,0,1,0,1,0
4982,22,134768,35379,1,0,1,0,1,0,8,3,0,0,170147,3.8091577162238552,4960,0,1,0,0,1,0
20345,443,887,2146,0,0,1,0,0,1,8,3,0,0,3033,0.4131346064275734,19902,0,1,0,0,1,0
39850,25,59053,90507,0,0,1,0,1,0,8,3,0,0,149560,0.6524616608476599,39825,0,1,0,0,1,0
35914,1433,12116,47936,1,0,0,0,0,1,8,3,0,0,60052,0.2527483989402758,34481,0,0,0,0,1,0
18573,21,28458,74271,0,0,0,0,1,0,9,3,0,0,102729,0.38315919862128395,18552,0,1,0,0,1,0
43897,443,266454,758188,0,0,1,0,1,0,9,3,0,0,1024642,0.3514348005576446,43454,0,1,0,0,1,0
23037,22,17856,57411,0,0,0,0,0,1,9,3,0,0,75267,0.31101511879049676,23015,0,1,0,0,1,0
22,21,59911,146349,0,0,1,0,1,0,10,3,0,0,206260,0.4093679535360437,1,1,1,0,0,1,1
53,53,24190,16304,0,0,1,0,1,0,10,3,0,0,40494,1.4835939895737504,0,1,1,0,0,1,1
12405,445,18490,33659,0,0,0,0,1,0,10,3,0,0,52149,0.5493166963755199,11960,0,1,0,0,1,0
37649,3389,15167,33909,0,0,1,0,1,0,10,3,0,0,49076,0.44727219109407257,34260,0,0,0,0,1,0
42523,3389,67622,220892,1,0,1,0,1,0,10,3,0,0,288514,0.30613011729660966,39134,0,0,0,0,1,0
19389,3389,6832,13041,0,0,1,0,1,0,10,3,0,0,19873,0.5238460358840669,16000,0,0,0,0,1,0
3389,25,3600,7083,0,0,0,0,0,1,11,3,0,0,10683,0.5081874647092038,3364,0,1,0,0,1,1
445,445,24813,41164,0,0,1,0,1,0,12,3,0,0,65977,0.602769342888376,0,1,1,0,0,1,1
6977,1433,29985,104370,0,0,1,0,1,0,12,3,0,0,134355,0.2872924471356986,5544,0,0,0,0,1,0
8684,21,1189,2143,0,0,1,0,1,0,12,3,0,0,3332,0.554570895522388,8663,0,1,0,0,1,0
38767,3389,21659,37143,0,0,0,1,0,0,12,3,0,0,58802,0.583108981262115,35378,0,0,0,0,1,0
443,443,3093,10169,1,0,1,0,1,0,12,3,0,0,13262,0.3041297935103245,0,1,1,0,0,1,1
64125,22,60050,124560,1,0,0,0,1,0,12,3,0,0,184610,0.48209311100585256,64103,0,1,1,0,1,0
24476,21,1229,397,1,0,1,0,1,0,13,3,0,0,1626,3.0879396984924625,24455,0,1,0,0,1,0
36259,25,479318,712428,0,0,1,0,0,1,13,3,0,0,1191746,0.6727940608818563,36234,0,1,0,0,1,0
31304,443,12821,47569,0,0,1,0,1,0,14,3,0,0,60390,0.2695186041622872,30861,0,1,0,0,1,0
25257,25,5519,1160,1,0,1,0,1,0,14,3,0,0,6679,4.753660637381568,25232,0,1,0,0,1,0
1433,25,14006,53654,0,0,1,0,1,0,14,3,0,0,67660,0.26103811387568726,1408,0,1,0,0,1,1
33414,53,53639,195273,0,0,1,0,0,1,14,3,0,0,248912,0.27468582607003494,33361,0,1,0,0,1,0
34514,3306,91560,236184,0,0,1,0,1,0,14,3,0,0,327744,0.38766221394246037,31208,0,0,0,0,1,0
19748,22,14201,13009,0,0,1,0,0,1,15,3,0,0,27210,1.0915449654112221,19726,0,1,0,0,1,0
2045,443,2204,6667,0,0,1,0,1,0,15,3,0,0,8871,0.33053389322135573,1602,0,1,0,0,1,0
443,22,3166,6052,1,0,0,0,1,0,15,3,0,0,9218,0.5230464232611928,421,1,1,0,0,1,1
61787,25,34829,93171,0,0,1,0,1,0,15,3,0,0,128000,0.3738140213798137,61762,0,1,1,0,1,0
26399,53,106907,229850,0,0,1,0,1,0,15,3,0,0,336757,0.4651143566919439,26346,0,1,0,0,1,0
25,80,131657,22275,0,0,0,0,1,0,15,3,0,0,153932,5.910262165559346,55,1,1,0,0,1,1
1895,1433,28823,22891,0,0,0,0,1,0,15,3,0,0,51714,1.2590861436309628,462,0,0,0,0,1,0
54327,3306,103536,299203,1,0,1,0,1,0,16,3,0,0,402739,0.34603815457012604,51021,0,0,1,0,1,0
9304,21,469657,1673254,0,0,1,0,1,0,16,3,0,0,2142911,0.2806846535644597,9283,0,1,0,0,1,0
80,443,147939,612999,0,0,0,0,1,0,16,3,0,0,760938,0.24133605220228385,363,1,1,0,0,1,1
57468,53,96303,208373,0,0,1,0,1,0,16,3,0,0,304676,0.46216418555098043,57415,0,1,1,0,1,0
22,21,6060,8486,0,0,1,0,0,1,16,3,0,0,14546,0.7140332272887946,1,1,1,0,0,1,1
45065,1433,102764,329585,0,0,1,0,1,0,16,3,0,0,432349,0.31179722439666735,43632,0,0,0,0,1,0
53,21,46072,65418,0,0,1,0,1,0,17,3,0,0,111490,0.7042602302083493,32,1,1,0,0,1,1
8972,80,62382,74965,0,0,1,0,1,0,17,3,0,0,137347,0.8321372355467812,8892,0,1,0,0,1,0
3389,22,165672,556913,0,0,0,0,1,0,17,3,0,0,722585,0.2974821965330374,3367,0,1,0,0,1,1
22,3389,39092,53252,0,0,0,0,1,0,17,3,0,0,92344,0.7340807090680337,3367,1,0,0,0,1,1
41100,3306,18693,58427,1,0,1,1,0,0,17,3,0,0,77120,0.319932224276032,37794,0,0,0,0,1,0
39444,25,3976,12784,1,0,1,0,0,1,17,3,0,0,16760,0.3109894407508799,39419,0,1,0,0,1,0
14366,21,13705,10314,1,0,0,0,1,0,18,3,0,0,24019,1.3286476005816772,14345,0,1,0,0,1,0
38541,23524,30963,115681,0,0,0,0,1,0,18,3,0,0,146644,0.267656160854757,15017,0,0,0,0,0,0
54695,53,34344,96158,0,0,1,0,1,0,18,3,0,0,130502,0.357158456306742,54642,0,1,1,0,1,0
15517,3306,32539,88921,0,0,0,0,1,0,18,3,0,0,121460,0.3659274420278446,12211,0,0,0,0,1,0
25,3306,102254,112386,0,0,1,0,1,0,19,3,0,0,214640,0.9098383264968368,3281,1,0,0,0,1,1
23053,80,87955,96480,1,0,1,0,1,0,19,3,0,0,184435,0.9116302691721686,22973,0,1,0,0,1,0
31976,1433,19943,71207,0,0,1,0,1,0,19,3,0,0,91150,0.2800668464217504,30543,0,0,0,0,1,0
11464,3306,5678,3633,0,0,1,0,1,0,20,3,0,0,9311,1.5624656026417172,8158,0,0,0,0,1,0
3389,25,40675,104072,0,0,0,0,1,0,20,3,0,0,144747,0.39083143562691575,3364,0,1,0,0,1,1
13102,445,801419,2671120,1,0,0,0,1,0,20,3,0,0,3472539,0.30003096078388064,12657,0,1,0,0,1,0
18077,80,36827,118138,1,0,0,0,1,0,20,3,0,0,154965,0.31172601765716657,17997,0,1,0,0,1,0
30411,53,13718,53166,0,0,1,0,1,0,21,3,0,0,66884,0.25801719111478927,30358,0,1,0,0,1,0
64132,443,51913,216549,0,0,0,0,1,0,21,3,0,0,268462,0.23972754560147772,63689,0,1,1,0,1,0
80,1433,57135,27406,0,0,1,0,0,1,21,3,0,0,84541,2.084686393986938,1353,1,0,0,0,1,1
61484,3306,56130,200067,0,0,1,0,0,1,21,3,0,0,256197,0.2805546114321131,58178,0,0,1,0,1,0
29525,443,198116,806565,0,0,1,0,1,0,21,3,0,0,1004681,0.24562899998264245,29082,0,1,0,0,1,0
22,53,40853,164390,0,0,1,0,1,0,21,3,0,0,205243,0.24851117153615465,31,1,1,0,0,1,1
64923,80,183626,98849,0,0,1,0,1,0,22,3,0,1,282475,1.857622660596864,64843,0,1,1,0,1,0
3389,3389,31836,21700,1,0,0,0,1,0,23,3,0,1,53536,1.4670291691627113,0,0,0,0,0,1,1
4599,3306,247705,890176,0,0,0,0,1,0,23,3,0,1,1137881,0.27826488439939473,1293,0,0,0,0,1,0
31255,25,151869,83185,0,0,1,0,1,0,23,3,0,1,235054,1.8256557593825884,31230,0,1,0,0,1,0
21,19905,96266,301081,0,0,1,0,1,0,23,3,0,1,397347,0.31973349452972943,19884,1,0,0,0,0,1
21,53,77862,193070,0,0,0,0,1,0,23,3,0,1,270932,0.40328169429898847,32,1,1,0,0,1,1
17969,22,875393,1580932,0,0,0,1,0,0,23,3,0,1,2456325,0.5537192278230639,17947,0,1,0,0,1,0
9150,1433,123326,58585,0,0,0,0,1,0,0,4,0,1,181911,2.1050421602430616,7717,0,0,0,0,1,0
54854,3306,5659,9231,0,0,0,0,1,0,0,4,0,1,14890,0.612976603119584,51548,0,0,1,0,1,0
443,21,32644,12117,0,0,1,0,1,0,0,4,0,1,44761,2.6938438686251858,422,1,1,0,0,1,1
37064,3389,14421,14466,1,0,1,0,1,0,1,4,0,1,28887,0.9968203497615262,33675,0,0,0,0,1,0
445,443,599086,409153,0,0,1,0,1,0,1,4,0,1,1008239,1.4642066312439814,2,1,1,0,0,1,1
25,25,163129,264950,0,0,1,0,1,0,1,4,0,1,428079,0.6156949775618888,0,1,1,0,0,1,1
36237,21,568707,89717,1,0,1,0,1,0,2,4,0,1,658424,6.338828328763459,36216,0,1,0,0,1,0
2725,443,6528,2266,0,0,1,1,0,0,2,4,0,1,8794,2.8795765328628145,2282,0,1,0,0,1,0
31850,1433,128370,253856,0,0,1,0,1,0,2,4,0,1,382226,0.5056783937413584,30417,0,0,0,0,1,0
26269,443,2481,4448,0,0,1,0,0,1,3,4,0,1,6929,0.5576534052596089,25826,0,1,0,0,1,0
40611,22,1724,241,0,0,1,0,1,0,3,4,0,1,1965,7.12396694214876,40589,0,1,0,0,1,0
18213,445,11671,43644,0,0,1,0,1,0,3,4,0,1,55315,0.26740749226715543,17768,0,1,0,0,1,0
27038,443,247657,462036,0,0,1,0,1,0,3,4,0,1,709693,0.5360111852513976,26595,0,1,0,0,1,0
1433,3306,4499,1217,0,0,1,0,1,0,4,4,0,1,5716,3.69376026272578,1873,0,0,0,0,1,1
56579,1433,21441,46262,0,0,0,0,1,0,4,4,0,1,67703,0.4634589196550159,55146,0,0,1,0,1,0
8649,443,147583,377178,0,0,1,0,1,0,4,4,0,1,524761,0.39128106283753866,8206,0,1,0,0,1,0
27555,22,85328,344621,1,0,1,0,1,0,4,4,0,1,429949,0.24759881841553935,27533,0,1,0,0,1,0
52738,21,763675,1983052,0,0,1,0,1,0,4,4,0,1,2746727,0.3851006503608325,52717,0,1,1,0,1,0
3306,80,22145,78094,0,0,0,0,1,0,4,4,0,1,100239,0.28356488891734427,3226,0,1,0,0,1,1
54104,21,10865,43763,0,0,1,0,1,0,5,4,0,1,54628,0.2482634128507449,54083,0,1,1,0,1,0
10534,53,3823,679,0,0,0,0,1,0,5,4,0,1,4502,5.622058823529412,10481,0,1,0,0,1,0
48839,25,12224,22449,0,0,1,0,0,1,5,4,0,1,34673,0.5444988864142539,48814,0,1,0,0,1,0
12422,22,3767,14115,0,0,1,0,0,1,5,4,0,1,17882,0.2668603003683763,12400,0,1,0,0,1,0
24325,19512,1243,3251,0,0,1,0,1,0,6,4,0,0,4494,0.3822263222632226,4813,0,0,0,0,0,0
30826,3306,509623,1833757,1,0,0,0,1,0,7,4,0,0,2343380,0.2779118073377185,27520,0,0,0,0,1,0
27526,443,23819,20260,0,0,1,0,1,0,7,4,0,0,44079,1.175608311534475,27083,0,1,0,0,1,0
53,1433,1392132,4249350,0,0,0,0,0,1,7,4,0,0,5641482,0.32761049863849795,1380,1,0,0,0,1,1
25,53,5751,17973,0,0,1,0,1,0,8,4,0,0,23724,0.31996216757538665,28,1,1,0,0,1,1
24413,22,11091,3406,0,0,1,0,1,0,8,4,0,0,14497,3.255356618726152,24391,0,1,0,0,1,0
11021,21,6370,7293,0,0,0,0,1,0,8,4,0,0,13663,0.8733205374280231,11000,0,1,0,0,1,0
7925,22,7901,29144,0,0,1,0,1,0,8,4,0,0,37045,0.2710928118030537,7903,0,1,0,0,1,0
25,53,89122,207624,1,0,1,0,1,0,8,4,0,0,296746,0.4292450331125828,28,1,1,0,0,1,1
25,25,54508,180238,0,0,1,0,1,0,8,4,0,0,234746,0.3024206747707211,0,1,1,0,0,1,1
20356,445,89380,18088,0,0,1,0,1,0,8,4,0,0,107468,4.941124440267566,19911,0,1,0,0,1,0
37713,1433,188647,44991,0,0,1,0,1,0,8,4,0,0,233638,4.192900960170697,36280,0,0,0,0,1,0
50095,3306,129542,276575,1,0,0,0,0,1,8,4,0,0,406117,0.4683775888001851,46789,0,0,1,0,1,0
46956,53869,4387,12641,0,0,0,0,1,0,9,4,0,0,17028,0.3470178769182091,6913,0,0,0,1,0,0
21786,22,9527,5300,0,0,1,0,1,0,9,4,0,0,14827,1.7972080739483116,21764,0,1,0,0,1,0
57127,3306,26752,11193,0,0,1,0,1,0,9,4,0,0,37945,2.389851706271217,53821,0,0,1,0,1,0
25,443,8576473,27176377,0,0,1,0,1,0,9,4,0,0,35752850,0.3155855795058488,418,1,1,0,0,1,1
58552,53,75798,234099,1,0,1,0,1,0,10,4,0,0,309897,0.32378470739000426,58499,0,1,1,0,1,0
40768,3053,26126,76749,0,0,1,0,1,0,10,4,0,0,102875,0.34040390879478827,37715,0,0,0,0,0,0
21,21,64682,135584,1,0,1,0,1,0,10,4,0,0,200266,0.4770586716819707,0,1,1,0,0,1,1
7937,445,8391,23550,0,0,1,0,1,0,10,4,0,0,31941,0.3562906033714067,7492,0,1,0,0,1,0
44846,1433,33519,8743,0,0,1,0,0,1,10,4,0,0,42262,3.8333714547118025,43413,0,0,0,0,1,0
7624,3389,101464,255360,0,0,0,0,1,0,10,4,0,0,356824,0.3973355367499344,4235,0,0,0,0,1,0
28526,445,21027,83725,1,0,1,0,1,0,11,4,0,0,104752,0.2511406253732413,28081,0,1,0,0,1,0
53,443,6565,7503,0,0,0,0,1,0,12,4,0,0,14068,0.8748667377398721,390,1,1,0,0,1,1
29179,22,19446,52735,0,0,1,0,0,1,12,4,0,0,72181,0.3687424150485437,29157,0,1,0,0,1,0
5934,25,13209,41782,0,0,1,0,1,0,12,4,0,0,54991,0.3161333556709667,5909,0,1,0,0,1,0
30594,25,2511,4212,0,0,1,0,0,1,12,4,0,0,6723,0.5960123427486351,30569,0,1,0,0,1,0
43145,53,8826,35542,0,0,0,0,1,0,13,4,0,0,44368,0.24831893762484877,43092,0,1,0,0,1,0
30679,21,2372,4493,0,0,1,0,1,0,13,4,0,0,6865,0.5278148642634624,30658,0,1,0,0,1,0
3805,445,3044,7814,0,0,1,0,1,0,13,4,0,0,10858,0.38950735764555344,3360,0,1,0,0,1,0
15081,3389,3549,8004,0,0,1,0,1,0,13,4,0,0,11553,0.44334790755777637,11692,0,0,0,0,1,0
443,445,101267,301438,0,0,1,0,1,0,13,4,0,0,402705,0.3359452492875839,2,1,1,0,0,1,1
61597,53,238628,763672,0,0,1,0,1,0,13,4,0,0,1002300,0.3124740563042035,61544,0,1,1,0,1,0
2736,25,1886,7451,0,0,1,0,1,0,14,4,0,0,9337,0.25308641975308643,2711,0,1,0,0,1,0
50342,3389,276038,79404,0,0,1,0,1,0,14,4,0,0,355442,3.476330205906429,46953,0,0,1,0,1,0
42614,22,3631,7931,0,0,0,0,1,0,14,4,0,0,11562,0.45776601109430154,42592,0,1,0,0,1,0
40806,1433,72766,185128,0,0,1,0,0,1,14,4,0,0,257894,0.393055653085146,39373,0,0,0,0,1,0
35588,3389,33312,106247,0,0,1,0,0,1,14,4,0,0,139559,0.31353060763496726,32199,0,0,0,0,1,0
22268,3306,60922,51105,0,0,0,0,1,0,14,4,0,0,112027,1.1920713810511485,18962,0,0,0,0,1,0
30434,22,3411,4038,0,0,0,1,0,0,14,4,0,0,7449,0.8445159692993315,30412,0,1,0,0,1,0
38189,3306,1212,2057,0,0,0,0,1,0,14,4,0,0,3269,0.5889212827988338,34883,0,0,0,0,1,0
26022,22,6095,19346,0,0,1,0,1,0,15,4,0,0,25441,0.3150359228821006,26000,0,1,0,0,1,0
61694,22,43607,164357,1,0,0,0,1,0,15,4,0,0,207964,0.2653171734871439,61672,0,1,1,0,1,0
65224,443,504360,526576,0,0,1,0,1,0,16,4,0,0,1030936,0.9578086395721803,64781,0,1,1,0,1,0
48319,3389,4240,4488,0,0,1,0,1,0,16,4,0,0,8728,0.9445310759634663,44930,0,0,0,0,1,0
29396,443,18804,30351,1,0,1,0,1,0,16,4,0,0,49155,0.6195308381655246,28953,0,1,0,0,1,0
9561,53,6644,21666,0,0,1,0,1,0,17,4,0,0,28310,0.3066414362855956,9508,0,1,0,0,1,0
6070,3389,21427,76586,0,0,1,0,1,0,17,4,0,0,98013,0.2797733296773604,2681,0,0,0,0,1,0
2437,22,1002,3263,0,0,1,0,0,1,17,4,0,0,4265,0.3069852941176471,2415,0,1,0,0,1,0
51776,3306,242042,571094,0,0,1,0,0,1,18,4,0,0,813136,0.4238209054535585,48470,0,0,1,0,1,0
46546,7662,22890,76467,0,0,1,0,1,0,18,4,0,0,99357,0.2993409007689491,38884,0,0,0,0,0,0
8716,26227,95555,201710,0,0,1,0,1,0,19,4,0,0,297265,0.47372230567495077,17511,0,0,0,0,0,0
30000,1433,15191,55048,0,0,1,0,1,0,19,4,0,0,70239,0.27595414993914513,28567,0,0,0,0,1,0
65138,53,29881,67539,0,0,1,0,1,0,19,4,0,0,97420,0.44241930707728755,65085,0,1,1,0,1,0
58512,21,134080,475249,0,0,0,0,1,0,19,4,0,0,609329,0.28212519726459756,58491,0,1,1,0,1,0
47268,443,27193,99447,0,0,0,0,1,0,19,4,0,0,126640,0.2734393854074491,46825,0,1,0,0,1,0
28067,443,28805,112322,1,0,1,0,1,0,19,4,0,0,141127,0.25644792250919224,27624,0,1,0,0,1,0
29751,3389,6183,7694,0,0,1,0,1,0,19,4,0,0,13877,0.8035087719298246,26362,0,0,0,0,1,0
17875,22,9366,2375,0,0,1,0,0,1,20,4,0,0,11741,3.941919191919192,17853,0,1,0,0,1,0
12552,3306,4356,18255,0,0,0,0,0,1,20,4,0,0,22611,0.23860648553900088,9246,0,0,0,0,1,0
3389,80,6762,12700,1,0,1,0,1,0,20,4,0,0,19462,0.5323990236989213,3309,0,1,0,0,1,1
43230,80,163075,564175,0,0,1,0,1,0,21,4,0,0,727250,0.28904987096225293,43150,0,1,0,0,1,0
3306,80,397827,987814,0,0,0,0,0,1,21,4,0,0,1385641,0.40273431766069556,3226,0,1,0,0,1,1
445,22,2993,654,0,0,0,0,1,0,21,4,0,0,3647,4.569465648854962,423,1,1,0,0,1,1
46958,1433,41451,163819,0,0,1,0,1,0,21,4,0,0,205270,0.25302771334391405,45525,0,0,0,0,1,0
62424,80,13249,15387,0,0,1,0,1,0,22,4,0,1,28636,0.8609955809721861,62344,0,1,1,0,1,0
22,80,205900,739314,0,0,0,0,1,0,22,4,0,1,945214,0.27850104488614463,58,1,1,0,0,1,1
63148,53,27330,107957,0,0,1,0,0,1,22,4,0,1,135287,0.25315400433501917,63095,0,1,1,0,1,0
64901,80,21764,48520,0,0,0,0,1,0,23,4,0,1,70284,0.4485480513592053,64821,0,1,1,0,1,0
25536,80,6689,14532,0,0,0,0,1,0,23,4,0,1,21221,0.4602628500653685,25456,0,1,0,0,1,0
39755,25,1899,3022,0,0,0,0,1,0,23,4,0,1,4921,0.6281839232550447,39730,0,1,0,0,1,0
34945,3389,74421,52370,0,0,1,0,1,0,23,4,0,1,126791,1.4210345420175288,31556,0,0,0,0,1,0
3142,3306,38745,60341,0,0,1,0,1,0,23,4,0,1,99086,0.6420900865069106,164,0,0,0,0,1,0
7163,25,40292,83896,0,0,1,0,1,0,23,4,0,1,124188,0.48025555144999227,7138,0,1,0,0,1,0
53,1433,8442,2092,0,0,0,0,1,0,23,4,0,1,10534,4.033444816053512,1380,1,0,0,0,1,1
60691,3306,17444,26935,0,0,0,0,1,0,1,5,1,1,44379,0.6476091476091476,57385,0,0,1,0,1,0
21,80,78097,28683,0,0,1,0,1,0,1,5,1,1,106780,2.7226676893041417,59,1,1,0,0,1,1
55593,1433,106019,380263,0,0,1,0,1,0,1,5,1,1,486282,0.27880367323754024,54160,0,0,1,0,1,0
17812,443,3342,1657,0,0,1,0,1,0,1,5,1,1,4999,2.0156815440289506,17369,0,1,0,0,1,0
53610,443,7995,8295,0,0,1,0,1,0,1,5,1,1,16290,0.9637174541947927,53167,0,1,1,0,1,0
20529,53,2383,2795,0,0,1,0,1,0,2,5,1,1,5178,0.8522889842632332,20476,0,1,0,0,1,0
58678,443,30394,79017,0,0,1,0,1,0,2,5,1,1,109411,0.38464653623225087,58235,0,1,1,0,1,0
37596,53,90666,47109,0,0,0,0,1,0,2,5,1,1,137775,1.9245595414986203,37543,0,1,0,0,1,0
445,21,14101,49319,0,0,1,1,0,0,2,5,1,1,63420,0.2859083536090835,424,1,1,0,0,1,1
2591,25,7626,14587,0,0,1,0,1,0,2,5,1,1,22213,0.5227584315876063,2566,0,1,0,0,1,0
46024,3389,12881,53743,1,0,0,0,1,0,2,5,1,1,66624,0.23967326585293242,42635,0,0,0,0,1,0
46418,48708,882135,2892521,0,0,1,0,1,0,2,5,1,1,3774656,0.30497088699757513,2290,0,0,0,0,0,0
17968,445,148313,577873,0,0,0,0,1,0,3,5,1,1,726186,0.256652834354894,17523,0,1,0,0,1,0
2488,443,70940,82847,0,0,1,0,1,0,4,5,1,1,153787,0.8562668984163769,2045,0,1,0,0,1,0
35971,443,36757,152297,0,0,0,0,1,0,4,5,1,1,189054,0.24134919696910007,35528,0,1,0,0,1,0
42785,3306,21581,10645,0,0,1,0,1,0,4,5,1,1,32226,2.027146346045463,39479,0,0,0,0,1,0
61594,80,5163,18912,0,0,1,0,1,0,4,5,1,1,24075,0.272986834452493,61514,0,1,1,0,1,0
22839,3389,4029,7179,0,0,1,0,1,0,4,5,1,1,11208,0.561142061281337,19450,0,0,0,0,1,0
37041,53,8878,30037,0,0,1,0,1,0,5,5,1,1,38915,0.29555895865237364,36988,0,1,0,0,1,0
4982,25,4788,3717,0,0,0,0,1,0,5,5,1,1,8505,1.2877891339429801,4957,0,1,0,0,1,0
21036,443,8329,28019,0,0,1,0,1,0,5,5,1,1,36348,0.2972519628836545,20593,0,1,0,0,1,0
25,60102,18712,30596,0,0,1,0,0,1,5,5,1,1,49308,0.6115632251527927,60077,1,0,0,1,0,1
3389,22,21152,66883,0,0,1,0,0,1,5,5,1,1,88035,0.31624902816817174,3367,0,1,0,0,1,1
20652,443,8163,22223,0,0,1,0,1,0,6,5,1,0,30386,0.3673056155507559,20209,0,1,0,0,1,0
46990,80,48646,56131,0,0,1,0,1,0,6,5,1,0,104777,0.8666357870733271,46910,0,1,0,0,1,0
21,445,16278,57813,0,0,1,0,1,0,6,5,1,0,74091,0.2815581001141592,424,1,1,0,0,1,1
51083,22,31055,15766,0,0,1,0,1,0,6,5,1,0,46821,1.969620092598465,51061,0,1,1,0,1,0
63282,445,6691,7954,0,0,1,0,1,0,6,5,1,0,14645,0.8411062225015713,62837,0,1,1,0,1,0
5116,53,66742,121820,1,0,1,0,1,0,6,5,1,0,188562,0.5478694149612957,5063,0,1,0,0,1,0
13220,3389,9360,26767,0,0,0,0,1,0,6,5,1,0,36127,0.3496712492528392,9831,0,0,0,0,1,0
50865,3306,288856,163331,0,0,1,0,1,0,6,5,1,0,452187,1.768520559351505,47559,0,0,1,0,1,0
20201,1433,15367,28296,0,1,1,0,1,0,7,5,1,0,43663,0.5430611018835919,18768,0,0,0,0,1,0
13053,25,18930,66571,0,0,1,0,1,0,7,5,1,0,85501,0.28435378237096676,13028,0,1,0,0,1,0
28583,1433,56939,91699,1,0,1,0,1,0,7,5,1,0,148638,0.6209269356597601,27150,0,0,0,0,1,0
22527,25,80737,219525,1,0,0,0,1,0,7,5,1,0,300262,0.36777875969133494,22502,0,1,0,0,1,0
25,62925,95927,120503,0,0,1,0,1,0,8,5,1,0,216430,0.7960482639580428,62900,1,0,0,1,0,1
14500,443,377354,975430,0,0,1,0,1,0,8,5,1,0,1352784,0.38685873219120576,14057,0,1,0,0,1,0
50371,25028,63514,221330,0,0,1,0,1,0,8,5,1,0,284844,0.2869638685950002,25343,0,0,1,0,0,0
50611,21,19787,30000,0,0,0,0,1,0,8,5,1,0,49787,0.6595446818439386,50590,0,1,1,0,1,0
61116,1433,9438,21273,0,0,0,0,1,0,9,5,1,0,30711,0.4436401240951396,59683,0,0,1,0,1,0
3306,21,17780,33799,0,0,0,0,1,0,9,5,1,0,51579,0.5260355029585799,3285,0,1,0,0,1,1
59302,443,236671,70137,1,0,1,0,1,0,9,5,1,0,306808,3.374361972112122,58859,0,1,1,0,1,0
50220,1433,2394,6832,0,0,1,0,1,0,10,5,1,0,9226,0.35035855407580857,48787,0,0,1,0,1,0
5782,53,5940,12508,0,0,1,0,1,0,10,5,1,0,18448,0.47485810216644014,5729,0,1,0,0,1,0
32943,443,15515,35724,1,0,0,0,1,0,10,5,1,0,51239,0.43428971308607417,32500,0,1,0,0,1,0
1433,445,5815,17216,1,0,1,0,1,0,11,5,1,0,23031,0.3377475750711506,988,0,1,0,0,1,1
37844,1433,11452,20466,0,0,1,0,1,0,11,5,1,0,31918,0.5595348609957492,36411,0,0,0,0,1,0
1433,3389,396319,1308692,0,0,1,0,1,0,11,5,1,0,1705011,0.30283572999931996,1956,0,0,0,0,1,1
35536,53,13671,1486,0,0,0,0,0,1,11,5,1,0,15157,9.193678547410894,35483,0,1,0,0,1,0
80,3389,42558,76952,0,0,1,0,1,0,12,5,1,0,119510,0.5530388678803946,3309,1,0,0,0,1,1
8135,25,1551,4089,0,0,1,0,0,1,12,5,1,0,5640,0.37921760391198045,8110,0,1,0,0,1,0
29940,53,3774,4426,0,0,1,0,1,0,12,5,1,0,8200,0.8524960469844138,29887,0,1,0,0,1,0
29566,21,97957,390940,1,0,0,1,0,0,13,5,1,0,488897,0.25056722114078595,29545,0,1,0,0,1,0
21,53,317694,675761,0,0,1,0,1,0,13,5,1,0,993455,0.47012705656725295,32,1,1,0,0,1,1
4070,3306,31390,70615,0,0,0,0,0,1,13,5,1,0,102005,0.44451682338280274,764,0,0,0,0,1,0
22,25,13499,14386,1,1,1,0,1,0,13,5,1,0,27885,0.9382776117328143,3,1,1,0,0,1,1
17264,53,48720,84310,0,0,1,0,1,0,14,5,1,0,133030,0.5778605401430418,17211,0,1,0,0,1,0
23265,3389,345,773,0,0,1,0,1,0,14,5,1,0,1118,0.44573643410852715,19876,0,0,0,0,1,0
30513,53,31780,88116,0,0,0,1,0,0,14,5,1,0,119896,0.36065685395553637,30460,0,1,0,0,1,0
49482,80,4130,1578,0,0,1,0,1,0,14,5,1,0,5708,2.6155794806839774,49402,0,1,1,0,1,0
53603,22,78476,142694,0,0,0,0,1,0,15,5,1,0,221170,0.5499562002873262,53581,0,1,1,0,1,0
22,3389,660,2477,0,0,0,0,1,0,15,5,1,0,3137,0.26634382566585957,3367,1,0,0,0,1,1
34090,22,8059,2085,0,0,1,0,1,0,15,5,1,0,10144,3.863374880153404,34068,0,1,0,0,1,0
443,443,20628,50329,0,0,1,0,1,0,15,5,1,0,70957,0.4098549572819392,0,1,1,0,0,1,1
30983,445,6510,4335,0,0,0,0,1,0,15,5,1,0,10845,1.5013837638376384,30538,0,1,0,0,1,0
9504,58315,12079,9274,1,0,0,1,0,0,16,5,1,0,21353,1.3023180592991914,48811,0,0,0,1,0,0
16135,24426,93628,144838,0,0,1,0,0,1,16,5,1,0,238466,0.6464281029280787,8291,0,0,0,0,0,0
53,1433,21179,34009,0,0,1,0,1,0,17,5,1,0,55188,0.6227286092325787,1380,1,0,0,0,1,1
44270,25,4969,16123,0,0,1,0,1,0,17,5,1,0,21092,0.3081741503349045,44245,0,1,0,0,1,0
443,21,99174,122502,0,0,1,0,1,0,17,5,1,0,221676,0.8095638474159816,422,1,1,0,0,1,1
60690,3306,32911,101295,0,0,1,0,1,0,17,5,1,0,134206,0.3248993050071079,57384,0,0,1,0,1,0
48913,22,35171,60616,0,0,1,0,1,0,17,5,1,0,95787,0.5802167708728575,48891,0,1,0,0,1,0
18447,21,5281,13954,0,0,1,0,1,0,18,5,1,0,19235,0.3784306700107488,18426,0,1,0,0,1,0
32397,443,373,881,0,0,0,0,1,0,18,5,1,0,1254,0.42290249433106575,31954,0,1,0,0,1,0
4357,53,5167,13588,0,0,1,0,0,1,18,5,1,0,18755,0.3802340128044742,4304,0,1,0,0,1,0
7185,3306,4391,2134,0,0,1,0,0,1,18,5,1,0,6525,2.0566744730679156,3879,0,0,0,0,1,0
35126,3389,8256,12936,0,0,1,0,1,0,18,5,1,0,21192,0.638169591095308,31737,0,0,0,0,1,0
11810,3306,5727,20500,0,0,0,1,0,0,19,5,1,0,26227,0.2793522267206478,8504,0,0,0,0,1,0
51727,443,26378,19344,0,0,0,0,1,0,20,5,1,0,45722,1.3635564745412252,51284,0,1,1,0,1,0
4084,22,90165,182368,0,0,1,0,1,0,20,5,1,0,272533,0.49440968585669715,4062,0,1,0,0,1,0
5046,80,123236,188561,0,0,0,0,1,0,20,5,1,0,311797,0.6535569202702559,4966,0,1,0,0,1,0
13357,3306,84081,351174,0,0,0,0,1,0,20,5,1,0,435255,0.23942763579411974,10051,0,0,0,0,1,0
21960,53,5238,3694,0,0,1,0,1,0,21,5,1,0,8932,1.4175913396481732,21907,0,1,0,0,1,0
13994,22,24203,50172,0,0,0,0,1,0,21,5,1,0,74375,0.48239092739122635,13972,0,1,0,0,1,0
12312,35083,269484,532289,0,0,0,0,1,0,21,5,1,0,801773,0.5062728963534915,22771,0,0,0,0,0,0
64092,3306,1744,4105,0,0,1,0,1,0,21,5,1,0,5849,0.4247442766682903,60786,0,0,1,0,1,0
32463,21,190454,155418,0,0,0,0,1,0,21,5,1,0,345872,1.225422889093354,32442,0,1,0,0,1,0
53379,3389,4474,8722,0,0,1,0,1,0,21,5,1,0,13196,0.5128969391264473,49990,0,0,1,0,1,0
21,21,35243,143890,0,0,1,0,1,0,22,5,1,1,179133,0.24492845278717917,0,1,1,0,0,1,1
58918,3389,42636,4420,0,0,0,0,1,0,22,5,1,1,47056,9.643971952047048,55529,0,0,1,0,1,0
9525,22,29847,76384,1,0,0,0,1,0,22,5,1,1,106231,0.39074425607121815,9503,0,1,0,0,1,0
21,1433,778836,659872,0,0,1,0,1,0,23,5,1,1,1438708,1.180281660258868,1412,1,0,0,0,1,1
45731,3389,13611,34374,0,0,0,0,0,1,23,5,1,1,47985,0.39595636363636366,42342,0,0,0,0,1,0
445,443,1598,1558,1,0,0,0,1,0,23,5,1,1,3156,1.0250160359204619,2,1,1,0,0,1,1
17475,3306,38960,59401,0,0,1,0,1,0,23,5,1,1,98361,0.6558701727214572,14169,0,0,0,0,1,0
55911,3306,16779,56453,0,0,1,0,1,0,0,6,1,1,73232,0.29721543203315975,52605,0,0,1,0,1,0
62986,1433,53513,5338,1,0,0,0,1,0,0,6,1,1,58851,10.023038022101517,61553,0,0,1,0,1,0
41968,80,90341,218495,0,0,1,0,1,0,0,6,1,1,308836,0.41346752343292326,41888,0,1,0,0,1,0
57261,1433,20870,63571,0,0,1,0,1,0,1,6,1,1,84441,0.32828918391744794,55828,0,0,1,0,1,0
27423,443,44271,47715,0,0,0,0,0,1,1,6,1,1,91986,0.9278019951378992,26980,0,1,0,0,1,0
54691,1433,27744,51326,0,0,1,0,1,0,1,6,1,1,79070,0.5405342217546321,53258,0,0,1,0,1,0
55098,443,387325,319059,0,0,1,0,1,0,1,6,1,1,706384,1.2139566225788252,54655,0,1,1,0,1,0
16678,57680,12174,34638,0,0,1,0,0,1,1,6,1,1,46812,0.3514535639019602,41002,0,0,0,1,0,0
8535,22,7337,4949,0,0,1,0,1,0,1,6,1,1,12286,1.4822222222222223,8513,0,1,0,0,1,0
20738,25,90144,94793,0,0,1,0,0,1,1,6,1,1,184937,0.9509462624216722,20713,0,1,0,0,1,0
20306,3306,4980,5353,0,0,1,0,1,0,1,6,1,1,10333,0.9301456854688084,17000,0,0,0,0,1,0
21,149,6272,17455,1,1,1,0,1,0,2,6,1,1,23727,0.3593033913840513,128,1,1,0,0,0,1
18415,3389,16791,26478,0,0,1,0,1,0,2,6,1,1,43269,0.6341251557838287,15026,0,0,0,0,1,0
80,1433,18730,65512,0,0,0,0,1,0,3,6,1,1,84242,0.2858974554668539,1353,1,0,0,0,1,1
2736,3389,1087821,2332910,0,0,1,0,1,0,3,6,1,1,3420731,0.46629339910523804,653,0,0,0,0,1,0
25294,53,158663,150970,0,0,1,0,1,0,3,6,1,1,309633,1.050950182485378,25241,0,1,0,0,1,0
31673,445,112930,63861,0,0,1,0,1,0,3,6,1,1,176791,1.7683442422723998,31228,0,1,0,0,1,0
49155,445,51478,88927,0,0,1,0,1,0,4,6,1,1,140405,0.5788727959697733,48710,0,1,1,0,1,0
65057,445,7285,6902,0,0,0,0,1,0,4,6,1,1,14187,1.0553382587280893,64612,0,1,1,0,1,0
1433,22,33468,122030,1,0,1,0,1,0,4,6,1,1,155498,0.27425818029844873,1411,0,1,0,0,1,1
19230,25,56011,226404,0,0,1,1,0,0,4,6,1,1,282415,0.2473929462688545,19205,0,1,0,0,1,0
5354,443,30284,122548,0,0,1,0,0,1,5,6,1,1,152832,0.24711747953879673,4911,0,1,0,0,1,0
24675,3306,25632,83589,0,0,1,0,1,0,5,6,1,1,109221,0.3066395501854289,21369,0,0,0,0,1,0
39488,25,11661,9199,0,0,1,0,1,0,6,6,1,0,20860,1.2675,39463,0,1,0,0,1,0
65276,1433,34116,115140,0,0,1,0,1,0,6,6,1,0,149256,0.29629758296349695,63843,0,0,1,0,1,0
23030,443,9500,27656,0,0,0,0,1,0,6,6,1,0,37156,0.34349350978052573,22587,0,1,0,0,1,0
38612,1433,67878,32060,0,0,0,0,0,1,6,6,1,0,99938,2.117151679610742,37179,0,0,0,0,1,0
19788,1433,875,902,0,0,0,0,1,0,7,6,1,0,1777,0.9689922480620154,18355,0,0,0,0,1,0
20819,445,193685,631922,0,0,0,0,0,1,7,6,1,0,825607,0.3065009502740049,20374,0,1,0,0,1,0
49557,80,2700,10480,0,0,1,0,1,0,7,6,1,0,13180,0.25760900677416276,49477,0,1,1,0,1,0
65109,3306,3993,1329,0,0,1,0,1,0,7,6,1,0,5322,3.0022556390977444,61803,0,0,1,0,1,0
42943,22,42368,109731,0,0,1,0,0,1,7,6,1,0,152099,0.3861043269055517,42921,0,1,0,0,1,0
38370,25,52255,120883,0,0,0,0,1,0,7,6,1,0,173138,0.43227391548922933,38345,0,1,0,0,1,0
3667,231,642,2318,0,1,0,0,1,0,7,6,1,0,2960,0.276843467011643,3436,0,1,0,0,0,0
11618,3310,35385,16363,0,0,1,0,1,0,8,6,1,0,51748,2.1623686140307994,8308,0,0,0,0,0,0
23552,25,20645,36766,0,0,0,0,1,0,8,6,1,0,57411,0.5615089618407811,23527,0,1,0,0,1,0
64321,25,29913,98599,0,0,1,0,1,0,8,6,1,0,128512,0.30337728194726166,64296,0,1,1,0,1,0
12126,53,280626,1085771,0,0,1,0,0,1,8,6,1,0,1366397,0.258457576728816,12073,0,1,0,0,1,0
16056,443,1065590,4338703,0,0,0,0,1,0,8,6,1,0,5404293,0.2456009905262032,15613,0,1,0,0,1,0
38970,21,16388,32423,0,0,1,0,0,1,9,6,1,0,48811,0.5054280779669381,38949,0,1,0,0,1,0
42295,53,52493,146241,0,0,0,0,1,0,9,6,1,0,198734,0.35894613038661943,42242,0,1,0,0,1,0
14052,3306,19554,76014,0,0,0,0,1,0,9,6,1,0,95568,0.257238702887588,10746,0,0,0,0,1,0
36928,3389,18942,63725,0,0,0,1,0,0,9,6,1,0,82667,0.29724131437717727,33539,0,0,0,0,1,0
49550,53,445289,1005479,1,0,1,0,1,0,10,6,1,0,1450768,0.44286211560647654,49497,0,1,1,0,1,0
47841,445,5008,6540,1,0,0,0,1,0,10,6,1,0,11548,0.7656321663354227,47396,0,1,0,0,1,0
33940,445,525,767,0,0,1,0,1,0,10,6,1,0,1292,0.68359375,33495,0,1,0,0,1,0
39480,3306,36603,71062,0,0,1,0,1,0,11,6,1,0,107665,0.515078170074441,36174,0,0,0,0,1,0
443,3306,150483,346602,0,0,1,0,1,0,11,6,1,0,497085,0.43416531305268563,2863,1,0,0,0,1,1
5012,25,31314,76044,0,0,0,0,0,1,11,6,1,0,107358,0.41178249720560195,4987,0,1,0,0,1,0
445,21,49193,150701,0,0,0,1,0,0,11,6,1,0,199894,0.32642566123873606,424,1,1,0,0,1,1
54065,25,73411,204550,0,0,0,0,1,0,12,6,1,0,277961,0.35888849235642944,54040,0,1,1,0,1,0
443,443,26303,2833,0,0,1,0,1,0,12,6,1,0,29136,9.281227946365561,0,1,1,0,0,1,1
35323,443,53642,108518,0,0,0,0,0,1,13,6,1,0,162160,0.4943097522092905,34880,0,1,0,0,1,0
443,22,52228,97043,1,0,1,0,1,0,13,6,1,0,149271,0.5381888627838919,421,1,1,0,0,1,1
25962,22,959,2303,0,0,1,0,1,0,14,6,1,0,3262,0.4162326388888889,25940,0,1,0,0,1,0
30231,3389,26428,21190,0,0,1,0,1,0,14,6,1,0,47618,1.2471332169317162,26842,0,0,0,0,1,0
21177,3389,1778,6956,0,0,0,0,1,0,14,6,1,0,8734,0.25556992956734226,17788,0,0,0,0,1,0
445,21,20721,64209,0,0,1,0,1,0,14,6,1,0,84930,0.3227067434978975,424,1,1,0,0,1,1
56632,25,9972,21887,0,0,1,0,1,0,14,6,1,0,31859,0.4555921052631579,56607,0,1,1,0,1,0
35952,3306,115199,27328,0,0,1,0,1,0,14,6,1,0,142527,4.2152658348274725,32646,0,0,0,0,1,0
1356,25,32567,118093,0,0,1,0,1,0,15,6,1,0,150660,0.2757718427693194,1331,0,1,0,0,1,0
59081,25,46962,95376,1,0,1,0,1,0,15,6,1,0,142338,0.49238285959927447,59056,0,1,1,0,1,0
56315,53,16214,27510,0,0,1,0,1,0,15,6,1,0,43724,0.5893642542982807,56262,0,1,1,0,1,0
25,80,118597,282824,0,0,0,0,1,0,15,6,1,0,401421,0.4193299743657739,55,1,1,0,0,1,1
28271,80,1710,5350,0,0,1,0,0,1,15,6,1,0,7060,0.31956643618015323,28191,0,1,0,0,1,0
21,445,5256,15000,1,0,1,0,1,0,15,6,1,0,20256,0.35037664155722953,424,1,1,0,0,1,1
49199,80,172489,75057,0,0,1,0,0,1,15,6,1,0,247546,2.298076154440566,49119,0,1,1,0,1,0
29689,21,10970,5696,0,0,1,0,0,1,16,6,1,0,16666,1.9255748639634895,29668,0,1,0,0,1,0
3389,80,710,570,0,0,1,0,1,0,16,6,1,0,1280,1.2434325744308232,3309,0,1,0,0,1,1
3710,25,225083,140179,0,0,1,0,1,0,16,6,1,0,365262,1.605671279783136,3685,0,1,0,0,1,0
21656,443,123389,380919,0,0,1,0,0,1,16,6,1,0,504308,0.32392365851097343,21213,0,1,0,0,1,0
51877,53,68703,55643,0,0,1,0,1,0,16,6,1,0,124346,1.2346883761052405,51824,0,1,1,0,1,0
21,25,25617,62917,0,0,1,1,0,0,17,6,1,0,88534,0.40714898757112433,4,1,1,0,0,1,1
25710,1433,314014,877921,0,0,1,0,1,0,17,6,1,0,1191935,0.35767870038568345,24277,0,0,0,0,1,0
11575,3306,165014,610531,1,0,1,0,1,0,17,6,1,0,775545,0.2702790353331193,8269,0,0,0,0,1,0
23008,25,37919929,118799248,0,1,1,0,1,0,18,6,1,0,156719177,0.31919333934509975,22983,0,1,0,0,1,0
15156,53,67023,101032,0,0,0,0,1,0,18,6,1,0,168055,0.6633773123632872,15103,0,1,0,0,1,0
16817,3389,26808,40588,0,0,1,0,1,0,18,6,1,0,67396,0.6604745127990342,13428,0,0,0,0,1,0
38789,53,11629,21809,0,0,1,0,1,0,18,6,1,0,33438,0.5331957817514902,38736,0,1,0,0,1,0
63764,443,2892,6447,0,0,1,0,1,0,18,6,1,0,9339,0.4485111662531017,63321,0,1,1,0,1,0
26163,53,49181,152684,0,0,1,0,1,0,18,6,1,0,201865,0.3221076071650784,26110,0,1,0,0,1,0
50479,445,56194,191990,0,0,1,0,1,0,19,6,1,0,248184,0.292690803214734,50034,0,1,1,0,1,0
42188,3306,12586,3849,0,0,1,0,1,0,19,6,1,0,16435,3.269090909090909,38882,0,0,0,0,1,0
1433,1433,58799,28514,0,0,1,0,1,0,20,6,1,0,87313,2.0620375241101176,0,0,0,0,0,1,1
40367,21,12945,54138,1,0,1,0,1,0,20,6,1,0,67083,0.23910674375219343,40346,0,1,0,0,1,0
47603,25,88246,166218,1,0,0,0,1,0,20,6,1,0,254464,0.5309020027794656,47578,0,1,0,0,1,0
58831,445,5370,17901,0,0,1,0,1,0,20,6,1,0,23271,0.2999664841917104,58386,0,1,1,0,1,0
60402,3389,4071,9240,0,0,0,0,1,0,20,6,1,0,13311,0.4405367384482199,57013,0,0,1,0,1,0
5536,80,14989,38381,0,1,0,0,1,0,22,6,1,1,53370,0.39052159866604136,5456,0,1,0,0,1,0
1607,445,82955,238944,0,0,1,0,0,1,22,6,1,1,321899,0.3471719433342401,1162,0,1,0,0,1,0
443,22,3449,14306,0,0,1,0,1,0,22,6,1,1,17755,0.24107080450129306,421,1,1,0,0,1,1
32885,1433,118125,92457,0,0,0,0,1,0,22,6,1,1,210582,1.2776071297237666,31452,0,0,0,0,1,0
53275,80,1590,3048,0,0,1,0,1,0,22,6,1,1,4638,0.5214824532633651,53195,0,1,1,0,1,0
47809,3306,14841,29498,1,0,1,0,1,0,22,6,1,1,44339,0.503101800061019,44503,0,0,0,0,1,0
25,22,2296,3362,0,0,1,0,1,0,22,6,1,1,5658,0.6827237585489146,3,1,1,0,0,1,1
44924,22,338,649,0,0,1,1,0,0,22,6,1,1,987,0.52,44902,0,1,0,0,1,0
45740,65491,39589,103156,0,0,1,0,1,0,22,6,1,1,142745,0.3837742470215303,19751,0,0,0,1,0,0
2544,53,16572,67063,0,0,1,0,1,0,23,6,1,1,83635,0.2471072408445664,2491,0,1,0,0,1,0
60416,22,2355,7667,0,0,1,0,0,1,23,6,1,1,10022,0.3071205007824726,60394,0,1,1,0,1,0
25,25,9637,27467,0,0,1,0,1,0,0,0,0,1,37104,0.35084461919324306,0,1,1,0,0,1,1
19481,25,44663,155050,1,0,1,0,1,0,0,0,0,1,199713,0.28805360816763514,19456,0,1,0,0,1,0
6187,445,12221,47348,0,0,0,0,1,0,1,0,0,1,59569,0.2581047118207354,5742,0,1,0,0,1,0
63769,3306,16028,62037,0,0,1,0,1,0,1,0,0,1,78065,0.2583577807150456,60463,0,0,1,0,1,0
49485,3389,11643,28458,0,0,0,0,1,0,1,0,0,1,40101,0.4091148670016515,46096,0,0,1,0,1,0
22,443,8676,22035,1,0,1,0,1,0,1,0,0,1,30711,0.3937193683064077,421,1,1,0,0,1,1
64246,53,8496,25626,0,0,1,0,1,0,1,0,0,1,34122,0.3315253443633668,64193,0,1,1,0,1,0
39617,53,8107,15082,0,0,1,0,1,0,1,0,0,1,23189,0.5374925412716303,39564,0,1,0,0,1,0
40082,80,6600,16776,0,0,1,0,0,1,1,0,0,1,23376,0.3933957203314061,40002,0,1,0,0,1,0
20995,21,4325,13129,1,0,1,0,1,0,1,0,0,1,17454,0.3293983244478294,20974,0,1,0,0,1,0
48288,445,11997,24107,1,0,0,0,1,0,1,0,0,1,36104,0.4976356396217023,47843,0,1,0,0,1,0
6429,25,7911,2857,0,0,1,0,1,0,1,0,0,1,10768,2.7680195941217636,6404,0,1,0,0,1,0
17573,3306,3965,11049,1,0,1,0,1,0,2,0,0,1,15014,0.3588235294117647,14267,0,0,0,0,1,0
80,53,75028,102686,0,0,0,0,1,0,2,0,0,1,177714,0.7306475016311704,27,1,1,0,0,1,1
9545,1433,158295,38763,0,0,1,0,1,0,2,0,0,1,197058,4.0835569084717775,8112,0,0,0,0,1,0
12357,21,22022,30501,0,0,1,0,1,0,2,0,0,1,52523,0.7219854435774703,12336,0,1,0,0,1,0
48423,1433,24498,45307,0,0,0,0,1,0,3,0,0,1,69805,0.5406992142667961,46990,0,0,0,0,1,0
63777,3389,7272,14176,1,0,1,0,1,0,3,0,0,1,21448,0.5129435000352683,60388,0,0,1,0,1,0
48282,443,121449,154325,0,0,1,0,0,1,3,0,0,1,275774,0.7869639594105984,47839,0,1,0,0,1,0
23192,80,355432,907023,1,0,0,0,0,1,4,0,0,1,1262455,0.3918661468715271,23112,0,1,0,0,1,0
39755,80,16948,4915,0,0,1,0,1,0,4,0,0,1,21863,3.447518307567128,39675,0,1,0,0,1,0
61423,3306,9563,32611,0,0,0,0,1,0,4,0,0,1,42174,0.2932356187906292,58117,0,0,1,0,1,0
53,445,38038,91471,1,0,1,0,1,0,4,0,0,1,129509,0.41584309952772436,392,1,1,0,0,1,1
36120,3306,27072,20028,0,0,0,0,1,0,4,0,0,1,47100,1.3516401218233562,32814,0,0,0,0,1,0
1810,53,9894,1081,0,0,1,0,1,0,4,0,0,1,10975,9.144177449168208,1757,0,1,0,0,1,0
27153,53,46812,65975,0,0,0,0,0,1,4,0,0,1,112787,0.7095307384503455,27100,0,1,0,0,1,0
22856,443,98819,103217,1,0,1,0,1,0,5,0,0,1,202036,0.9573814644732508,22413,0,1,0,0,1,0
42049,21,6264,2731,0,0,0,0,1,0,5,0,0,1,8995,2.2928257686676425,42028,0,1,0,0,1,0
29340,3389,1286266,1855034,1,0,0,0,0,1,5,0,0,1,3141300,0.6933917688884577,25951,0,0,0,0,1,0
14439,445,1895,4033,0,0,1,0,0,1,5,0,0,1,5928,0.4697570649479425,13994,0,1,0,0,1,0
13447,33087,5638,8894,0,0,1,0,1,0,5,0,0,1,14532,0.6338392355255762,19640,0,0,0,0,0,0
80,21,32027,104041,0,0,1,0,1,0,6,0,0,0,136068,0.3078276080813518,59,1,1,0,0,1,1
59335,53,802106,3182629,0,0,1,0,1,0,6,0,0,0,3984735,0.25202615446973103,59282,0,1,1,0,1,0
53,443,8953,7855,0,0,0,0,1,0,6,0,0,0,16808,1.1396384928716905,390,1,1,0,0,1,1
80,1433,4003,14207,0,0,0,0,1,0,6,0,0,0,18210,0.28174268018018017,1353,1,0,0,0,1,1
55040,443,53039,105871,1,0,1,0,1,0,7,0,0,0,158910,0.5009728729031283,54597,0,1,1,0,1,0
3389,1433,14798,21926,0,0,1,0,0,1,7,0,0,0,36724,0.6748757239932504,1956,0,0,0,0,1,1
443,3389,63857,78601,0,0,0,0,1,0,7,0,0,0,142458,0.8124093534515661,2946,1,0,0,0,1,1
1450,3884,19668,31337,0,0,0,0,0,1,8,0,0,0,51005,0.6276086540302508,2434,0,0,0,0,0,0
21148,80,5588,559,0,0,1,0,0,1,8,0,0,0,6147,9.978571428571428,21068,0,1,0,0,1,0
40954,443,944302,3895470,0,0,1,0,1,0,8,0,0,0,4839772,0.2424102245915834,40511,0,1,0,0,1,0
33227,3306,194,197,1,0,1,0,1,0,8,0,0,0,391,0.9797979797979798,29921,0,0,0,0,1,0
445,21,405299,737386,0,0,1,0,1,0,8,0,0,0,1142685,0.5496421824632113,424,1,1,0,0,1,1
26982,3389,98048,65686,1,0,0,0,1,0,8,0,0,0,163734,1.4926545587406945,23593,0,0,0,0,1,0
43014,53,6681,17545,0,1,1,0,0,1,9,0,0,0,24226,0.38077054599338883,42961,0,1,0,0,1,0
15894,25,440590,1782606,1,0,1,0,1,0,9,0,0,0,2223196,0.2471604790063093,15869,0,1,0,0,1,0
60493,22,2454,10127,0,0,1,0,1,0,9,0,0,0,12581,0.24229857819905212,60471,0,1,1,0,1,0
13761,22,110522,132690,0,0,1,0,0,1,9,0,0,0,243212,0.8329276288519945,13739,0,1,0,0,1,0
3389,53,786,657,0,0,0,0,1,0,9,0,0,0,1443,1.1945288753799392,3336,0,1,0,0,1,1
80,22,3521,14000,0,0,0,0,1,0,10,0,0,0,17521,0.2514820369973573,58,1,1,0,0,1,1
12415,445,3507,3795,0,0,1,0,1,0,10,0,0,0,7302,0.9238672286617492,11970,0,1,0,0,1,0
62822,3306,6627,13105,1,0,1,0,1,0,10,0,0,0,19732,0.5056462688844804,59516,0,0,1,0,1,0
32813,21,22438,35509,1,0,1,1,0,0,10,0,0,0,57947,0.6318783441284145,32792,0,1,0,0,1,0
27181,25,5874,21949,0,0,1,0,0,1,10,0,0,0,27823,0.26760820045558087,27156,0,1,0,0,1,0
25,22,847,313,0,0,0,0,1,0,10,0,0,0,1160,2.6974522292993632,3,1,1,0,0,1,1
7772,80,46236,66077,0,0,0,0,1,0,10,0,0,0,112313,0.6997185144828839,7692,0,1,0,0,1,0
9583,443,23820,26280,0,0,1,0,1,0,11,0,0,0,50100,0.906358205547734,9140,0,1,0,0,1,0
59178,80,42373,106489,0,0,0,0,1,0,11,0,0,0,148862,0.39790590665790215,59098,0,1,1,0,1,0
445,1433,29000,111747,0,0,1,0,1,0,12,0,0,0,140747,0.25951247449618786,988,1,0,0,0,1,1
44377,80,101394,228788,0,0,0,0,1,0,12,0,0,0,330182,0.44317690098737267,44297,0,1,0,0,1,0
3389,22,19520,56537,0,0,1,0,1,0,12,0,0,0,76057,0.34525451908450955,3367,0,1,0,0,1,1
2827,21,111305,429186,0,0,1,0,0,1,12,0,0,0,540491,0.25933916917334404,2806,0,1,0,0,1,0
3306,1433,6367,14174,0,0,1,0,1,0,13,0,0,0,20541,0.4491710758377425,1873,0,0,0,0,1,1
15664,3306,6975,14331,0,0,1,0,1,0,13,0,0,0,21306,0.4866731789003628,12358,0,0,0,0,1,0
22,445,199120,278402,0,0,0,0,1,0,13,0,0,0,477522,0.7152221779219333,423,1,1,0,0,1,1
41236,3306,192734,266787,0,0,0,1,0,0,13,0,0,0,459521,0.7224237971722867,37930,0,0,0,0,1,0
22,678,502,1740,0,1,1,0,1,0,13,0,0,0,2242,0.2883400344629523,656,1,1,0,0,0,1
38452,443,5310,12802,0,0,0,0,0,1,13,0,0,0,18112,0.4147465437788018,38009,0,1,0,0,1,0
61057,22,4668,18496,0,0,1,0,1,0,13,0,0,0,23164,0.2523652484186625,61035,0,1,1,0,1,0
53,445,184407,590673,0,0,1,0,1,0,14,0,0,0,775080,0.31219759122629404,392,1,1,0,0,1,1
21402,445,168765,393943,0,0,1,0,1,0,14,0,0,0,562708,0.42839845257193915,20957,0,1,0,0,1,0
64559,80,19895,63970,0,0,0,0,1,0,14,0,0,0,83865,0.3110002970095825,64479,0,1,1,0,1,0
22822,1433,933798,1347493,0,1,1,0,1,0,14,0,0,0,2281291,0.6929886144205466,21389,0,0,0,0,1,0
36246,445,45900,161211,0,0,1,0,0,1,14,0,0,0,207111,0.28471825918666105,35801,0,1,0,0,1,0
47386,21,3746,12852,0,0,1,0,1,0,15,0,0,0,16598,0.29144946705049407,47365,0,1,0,0,1,0
45418,80,14171,27285,0,0,1,0,1,0,15,0,0,0,41456,0.5193505827164113,45338,0,1,0,0,1,0
17879,443,22220,72673,0,0,1,0,1,0,16,0,0,0,94893,0.305748961114016,17436,0,1,0,0,1,0
31396,25,25291,28652,1,0,0,0,1,0,16,0,0,0,53943,0.8826649914494119,31371,0,1,0,0,1,0
47059,443,162755,153839,0,0,1,0,1,0,16,0,0,0,316594,1.0579498179927198,46616,0,1,0,0,1,0
34598,443,4769,20020,1,0,0,0,1,0,17,0,0,0,24789,0.23819989011537884,34155,0,1,0,0,1,0
62170,22,2616,4643,1,0,0,0,1,0,17,0,0,0,7259,0.5633074935400517,62148,0,1,1,0,1,0
63078,53,57740,38559,0,0,1,0,0,1,17,0,0,0,96299,1.4974066390041494,63025,0,1,1,0,1,0
29889,1433,9787,6742,0,0,0,0,1,0,17,0,0,0,16529,1.4514311137475902,28456,0,0,0,0,1,0
16794,21,1064067,3356704,1,0,0,0,0,1,17,0,0,0,4420771,0.3169974722235049,16773,0,1,0,0,1,0
64226,53,99623,254095,0,0,1,0,1,0,17,0,0,0,353718,0.3920683521188842,64173,0,1,1,0,1,0
54887,25,9503,33389,0,0,0,0,0,1,17,0,0,0,42892,0.2846061695118299,54862,0,1,1,0,1,0
46578,3306,153363,222318,0,0,1,0,1,0,17,0,0,0,375681,0.689833077694664,43272,0,0,0,0,1,0
21224,3389,70873,45759,0,0,1,0,1,0,18,0,0,0,116632,1.548798076923077,17835,0,0,0,0,1,0
38455,3306,60713,158191,0,0,1,0,1,0,18,0,0,0,218904,0.3837931121674927,35149,0,0,0,0,1,0
3271,22,18113,70443,0,0,1,0,1,0,18,0,0,0,88556,0.25712622792572826,3249,0,1,0,0,1,0
5921,3306,43162,143812,0,0,1,0,0,1,19,0,0,0,186974,0.3001258578848922,2615,0,0,0,0,1,0
20817,25,761,504,0,0,1,0,1,0,20,0,0,0,1265,1.506930693069307,20792,0,1,0,0,1,0
30178,1433,181197,418369,0,0,1,0,0,1,20,0,0,0,599566,0.4331022778879939,28745,0,0,0,0,1,0
80,443,90,10,0,0,1,0,1,0,20,0,0,0,100,8.181818181818182,363,1,1,0,0,1,1
25750,1433,10857,34219,0,0,1,0,1,0,20,0,0,0,45076,0.317270601987142,24317,0,0,0,0,1,0
37263,25,1714,6823,0,0,0,0,0,1,20,0,0,0,8537,0.2511723329425557,37238,0,1,0,0,1,0
53,3306,9883,3529,0,0,0,0,1,0,21,0,0,0,13412,2.7997167138810197,3253,1,0,0,0,1,1
59629,53,19563,18074,0,0,1,0,0,1,21,0,0,0,37637,1.0823236514522823,59576,0,1,1,0,1,0
64643,443,3245,8773,1,0,1,0,1,0,21,0,0,0,12018,0.36984271711876,64200,0,1,1,0,1,0
22,21,260,88,0,0,1,0,0,1,21,0,0,0,348,2.9213483146067416,1,1,1,0,0,1,1
39104,443,30678,48997,0,0,1,0,1,0,21,0,0,0,79675,0.6261071880484917,38661,0,1,0,0,1,0
56244,21,620514,225403,0,0,0,0,1,0,22,0,0,1,845917,2.752897020461039,56223,0,1,1,0,1,0
26050,21,12555,39866,0,0,0,0,1,0,22,0,0,1,52421,0.3149221160358191,26029,0,1,0,0,1,0
44655,3306,102224,161909,0,0,1,0,1,0,22,0,0,1,264133,0.6313631029584337,41349,0,0,0,0,1,0
3306,22,244511,280085,1,0,1,0,0,1,22,0,0,1,524596,0.8729854401862285,3284,0,1,0,0,1,1
43285,3306,1053,401,0,0,0,0,0,1,22,0,0,1,1454,2.6194029850746268,39979,0,0,0,0,1,0
3389,445,10597,16670,0,0,1,0,1,0,23,0,0,1,27267,0.6356547297702597,2944,0,1,0,0,1,1
18395,53,2857,6031,0,1,0,0,1,0,23,0,0,1,8888,0.47364058355437666,18342,0,1,0,0,1,0
31882,80,6062,3504,0,0,1,0,1,0,23,0,0,1,9566,1.7295292439372325,31802,0,1,0,0,1,0
52607,3389,335446,442720,0,0,1,0,1,0,23,0,0,1,778166,0.7576916387521713,49218,0,0,1,0,1,0
